country,station,artist,title,matched_source
uk,absolute00s,"Alien Ant Farm","Smooth Criminal",collection
uk,absolute00s,"Arctic Monkeys","I Bet You Look Good On The Dancefloor",wantlist
uk,absolute00s,"Electric Six","Danger! High Voltage",wantlist
uk,absolute00s,"Electric Six","Gay Bar",wantlist
uk,absolute00s,Evanescence,"Bring Me To Life",wantlist
uk,absolute00s,"Florence and The Machine","You've Got The Love",wantlist
uk,absolute00s,"Foo Fighters","Best Of You",collection
uk,absolute00s,"Fountains Of Wayne","Stacy's Mom",wantlist
uk,absolute00s,"KT Tunstall","Suddenly I See",wantlist
uk,absolute00s,"Kaiser Chiefs","I Predict A Riot",collection
uk,absolute00s,Keane,"Somewhere Only We Know",wantlist
uk,absolute00s,"Kings Of Leon","Use Somebody",wantlist
uk,absolute00s,"Paolo Nutini","Last Request",wantlist
uk,absolute00s,Razorlight,America,wantlist
uk,absolute00s,"Scissor Sisters","I Don't Feel Like Dancin'",wantlist
uk,absolute00s,"Sophie Ellis-Bextor","Murder On The Dancefloor",collection
uk,absolute00s,Stereophonics,"Handbags & Gladrags",collection
uk,absolute00s,"The Feeling","Fill My Little World",wantlist
uk,absolute00s,"The Killers","Mr Brightside",wantlist
uk,absolute00s,"The Kooks","She Moves In Her Own Way",wantlist
uk,absolute00s,"The Libertines","Don't Look Back Into The Sun",wantlist
uk,absolute00s,"The Strokes","Hard To Explain",wantlist
uk,absolute00s,"The Strokes","Last Nite",wantlist
uk,absolute00s,"The Strokes",Someday,wantlist
uk,absolute00s,"The White Stripes","SEVEN NATION ARMY *",wantlist
uk,absolute00s,"The Zutons","Valerie *",wantlist
uk,absolute1058,A-Ha,"Hunting High And Low",wantlist
uk,absolute1058,Ac/dc,"Back In Black",wantlist
uk,absolute1058,Ac/dc,"Highway To Hell",collection
uk,absolute1058,Ac/dc,Thunderstruck,wantlist
uk,absolute1058,Ac/dc,"You Shook Me All Night Long",wantlist
uk,absolute1058,Aerosmith,"Dude Looks Like A Lady",collection
uk,absolute1058,Aerosmith,"Love In An Elevator",wantlist
uk,absolute1058,"Aerosmith and Run Dmc","Walk This Way",collection
uk,absolute1058,"Alien Ant Farm","Smooth Criminal",collection
uk,absolute1058,"Alison Moyet","Is This Love",collection
uk,absolute1058,"Arctic Monkeys","I Bet You Look Good On The Dancefloor",wantlist
uk,absolute1058,"Aztec Camera","Somewhere In My Heart",collection
uk,absolute1058,Babybird,"You're Gorgeous",wantlist
uk,absolute1058,"Beastie Boys","You Gotta Fight For Your Right To Party",collection
uk,absolute1058,"Big Country","Fields Of Fire",wantlist
uk,absolute1058,"Billy Idol","Rebel Yell",collection
uk,absolute1058,"Black Sabbath","Never Say Die",collection
uk,absolute1058,Blancmange,"Don't Tell Me",collection
uk,absolute1058,Blondie,Atomic,collection
uk,absolute1058,Blondie,"Call Me",collection
uk,absolute1058,Blondie,"Hanging On The Telephone",collection
uk,absolute1058,Blondie,"Heart Of Glass",collection
uk,absolute1058,Blondie,Maria,wantlist
uk,absolute1058,Blondie,"One Way Or Another",wantlist
uk,absolute1058,Blondie,"Union City Blue",collection
uk,absolute1058,"Blue Oyster Cult","Don't Fear The Reaper *",collection
uk,absolute1058,Blur,"Girls And Boys",wantlist
uk,absolute1058,Blur,Parklife,wantlist
uk,absolute1058,Blur,"Song 2",wantlist
uk,absolute1058,"Bob Marley and The Wailers","Could You Be Loved",wantlist
uk,absolute1058,"Bob Marley and The Wailers","Is This Love",collection
uk,absolute1058,"Bon Jovi","Livin' On A Prayer",collection
uk,absolute1058,"Bon Jovi","You Give Love A Bad Name",wantlist
uk,absolute1058,Boston,"More Than A Feeling",collection
uk,absolute1058,"Bruce Springsteen","Born To Run",collection
uk,absolute1058,"Bruce Springsteen","Dancing In The Dark",collection
uk,absolute1058,"Bryan Adams",Heaven,wantlist
uk,absolute1058,"Bryan Adams","Run To You",collection
uk,absolute1058,"Bryan Adams","Summer Of 69",wantlist
uk,absolute1058,Cornershop,"Brimful Of Asha",wantlist
uk,absolute1058,"Crowded House","Don't Dream It's Over",wantlist
uk,absolute1058,"David Bowie","Ashes To Ashes",collection
uk,absolute1058,"David Bowie",Heroes,collection
uk,absolute1058,"David Bowie","Jean Genie",collection
uk,absolute1058,"David Bowie","John I'm Only Dancing",collection
uk,absolute1058,"David Bowie","Let's Dance",collection
uk,absolute1058,"David Bowie","Modern Love",collection
uk,absolute1058,"David Bowie","Rebel Rebel",collection
uk,absolute1058,"David Bowie","Space Oddity",collection
uk,absolute1058,"Deacon Blue","Wages Day",wantlist
uk,absolute1058,"Def Leppard",Animal,collection
uk,absolute1058,"Def Leppard","Pour Some Sugar On Me",collection
uk,absolute1058,"Depeche Mode","Enjoy The Silence",collection
uk,absolute1058,"Depeche Mode","Just Can't Get Enough",collection
uk,absolute1058,"Depeche Mode","People Are People",collection
uk,absolute1058,"Depeche Mode","Personal Jesus",wantlist
uk,absolute1058,"Derek and The Dominos",Layla,collection
uk,absolute1058,"Dire Straits","Money For Nothing",collection
uk,absolute1058,"Dire Straits","Walk Of Life",collection
uk,absolute1058,"Dr and The Medics","Spirit In The Sky",collection
uk,absolute1058,"Duran Duran","A View To A Kill",collection
uk,absolute1058,"Duran Duran","The Reflex",collection
uk,absolute1058,Eagles,"Hotel California",wantlist
uk,absolute1058,Eagles,"Life In The Fast Lane",collection
uk,absolute1058,Eagles,"Take It To The Limit",collection
uk,absolute1058,"Echo and The Bunnymen","People Are Strange",collection
uk,absolute1058,"Echo and The Bunnymen","The Back Of Love",wantlist
uk,absolute1058,Emf,Unbelievable,collection
uk,absolute1058,Erasure,Sometimes,collection
uk,absolute1058,Evanescence,"Bring Me To Life",wantlist
uk,absolute1058,"Faith No More",Epic,wantlist
uk,absolute1058,"Fleetwood Mac","Big Love",collection
uk,absolute1058,"Fleetwood Mac","Don't Stop",collection
uk,absolute1058,"Fleetwood Mac",Dreams,collection
uk,absolute1058,"Fleetwood Mac",Everywhere,wantlist
uk,absolute1058,"Fleetwood Mac","Go Your Own Way",wantlist
uk,absolute1058,"Fleetwood Mac","Little Lies",collection
uk,absolute1058,"Florence and The Machine","You've Got The Love",wantlist
uk,absolute1058,"Foo Fighters","Best Of You",collection
uk,absolute1058,Foreigner,Urgent,collection
uk,absolute1058,"Fountains Of Wayne","Stacy's Mom",wantlist
uk,absolute1058,Garbage,"Only Happy When It Rains",wantlist
uk,absolute1058,Garbage,"Stupid Girl",wantlist
uk,absolute1058,"Gary Moore and Phil Lynott","Out In The Fields",collection
uk,absolute1058,"George Harrison","Got My Mind Set On You",collection
uk,absolute1058,"Go West","Call Me",collection
uk,absolute1058,"Godley and Creme",Cry,wantlist
uk,absolute1058,"Guns N Roses","Paradise City",collection
uk,absolute1058,"Guns N Roses","Sweet Child O' Mine",collection
uk,absolute1058,"Guns N Roses","Welcome To The Jungle",collection
uk,absolute1058,"Happy Mondays","Kinky Afro",wantlist
uk,absolute1058,"Happy Mondays","Step On",collection
uk,absolute1058,Heart,Barracuda,wantlist
uk,absolute1058,"Heaven 17",Temptation,collection
uk,absolute1058,"Hothouse Flowers","Don't Go",collection
uk,absolute1058,"Howard Jones","Pearl In The Shell",collection
uk,absolute1058,"Iggy Pop","Lust For Life *",collection
uk,absolute1058,"Iggy Pop","Real Wild Child",collection
uk,absolute1058,Inxs,Mystify,collection
uk,absolute1058,Inxs,"Need You Tonight",collection
uk,absolute1058,Inxs,"Never Tear Us Apart",wantlist
uk,absolute1058,Inxs,"New Sensation",collection
uk,absolute1058,"Inxs and Jimmy Barnes","Good Times",wantlist
uk,absolute1058,James,"Sit Down",collection
uk,absolute1058,"Jefferson Airplane","Somebody To Love",collection
uk,absolute1058,"Jimi Hendrix","All Along The Watchtower",collection
uk,absolute1058,"Jimi Hendrix","Purple Haze..",collection
uk,absolute1058,"Joan Armatrading","Drop The Pilot",collection
uk,absolute1058,Journey,"Don't Stop Believin'",wantlist
uk,absolute1058,"Joy Division","Love Will Tear Us Apart",collection
uk,absolute1058,"KT Tunstall","Suddenly I See",wantlist
uk,absolute1058,"Kaiser Chiefs","I Predict A Riot",collection
uk,absolute1058,"Kate Bush","Hounds Of Love",collection
uk,absolute1058,"Kate Bush","Running Up That Hill",collection
uk,absolute1058,"Kate Bush","Wuthering Heights",collection
uk,absolute1058,Keane,"Somewhere Only We Know",wantlist
uk,absolute1058,"Kim Carnes","Bette Davis Eyes",collection
uk,absolute1058,"Kim Wilde","Chequered Love",collection
uk,absolute1058,"Kings Of Leon","Use Somebody",wantlist
uk,absolute1058,"Kirsty MacColl","A New England",collection
uk,absolute1058,"Kirsty MacColl","They Don't Know",collection
uk,absolute1058,Kiss,"Crazy Crazy Nights",collection
uk,absolute1058,Kiss,"I Was Made For Lovin' You",collection
uk,absolute1058,"Led Zeppelin","Immigrant Song",collection
uk,absolute1058,"Lloyd Cole","Lost Weekend",collection
uk,absolute1058,Madness,"It Must Be Love",wantlist
uk,absolute1058,Madness,"One Step Beyond",collection
uk,absolute1058,Madness,"Our House",wantlist
uk,absolute1058,"Martha and The Muffins","Echo Beach",collection
uk,absolute1058,"Mock Turtles","Can U Dig It",collection
uk,absolute1058,Morrissey,Suedehead,collection
uk,absolute1058,Motorhead,"Ace Of Spades",wantlist
uk,absolute1058,Nena,"99 Red Balloons",collection
uk,absolute1058,"New Order","Blue Monday",collection
uk,absolute1058,"New Order","True Faith",collection
uk,absolute1058,Nirvana,"Come As You Are",wantlist
uk,absolute1058,Nirvana,"Smells Like Teen Spirit",collection
uk,absolute1058,"No Doubt","Don't Speak",wantlist
uk,absolute1058,Oasis,"Cigarettes And Alcohol",wantlist
uk,absolute1058,Oasis,"Don't Look Back In Anger",wantlist
uk,absolute1058,Oasis,"Live Forever",wantlist
uk,absolute1058,Oasis,"Roll With It",wantlist
uk,absolute1058,Oasis,Shakermaker,wantlist
uk,absolute1058,Oasis,"Some Might Say",wantlist
uk,absolute1058,Oasis,Supersonic,wantlist
uk,absolute1058,Oasis,Whatever,wantlist
uk,absolute1058,Oasis,Wonderwall,wantlist
uk,absolute1058,"Patti Smith","Because The Night",collection
uk,absolute1058,"Paul Simon","You Can Call Me Al",collection
uk,absolute1058,"Pearl Jam",Alive,wantlist
uk,absolute1058,"Peter Gabriel",Sledgehammer,collection
uk,absolute1058,"Peter Gabriel","Solsbury Hill",collection
uk,absolute1058,"Phil Collins",Sussudio,collection
uk,absolute1058,"Pink Floyd","Another Brick In The Wall",collection
uk,absolute1058,Poison,"Nothin' But A Good Time",collection
uk,absolute1058,"Prefab Sprout","King Of Rock N Roll",collection
uk,absolute1058,Prince,1999,wantlist
uk,absolute1058,Prince,"Little Red Corvette",collection
uk,absolute1058,Prince,"When Doves Cry",collection
uk,absolute1058,Queen,"A Kind Of Magic",collection
uk,absolute1058,Queen,"Another One Bites The Dust",collection
uk,absolute1058,Queen,"Bohemian Rhapsody",collection
uk,absolute1058,Queen,"Don't Stop Me Now",collection
uk,absolute1058,Queen,"I Want To Break Free",collection
uk,absolute1058,Queen,"One Vision",wantlist
uk,absolute1058,Queen,"Radio Gaga",collection
uk,absolute1058,Queen,"Tie Your Mother Down",collection
uk,absolute1058,Queen,"We Are The Champions",collection
uk,absolute1058,"Queen and David Bowie","Under Pressure",collection
uk,absolute1058,R.E.M,"Everybody Hurts",collection
uk,absolute1058,R.E.M,"It's The End Of The World As We Know It",collection
uk,absolute1058,R.E.M,"Losing My Religion",collection
uk,absolute1058,R.E.M,"Man On The Moon",wantlist
uk,absolute1058,R.E.M,"Shiny Happy People",collection
uk,absolute1058,R.E.M,"Sidewinder Sleeps Tonight",wantlist
uk,absolute1058,R.E.M,Stand.,wantlist
uk,absolute1058,R.E.M,"The One I Love",collection
uk,absolute1058,Radiohead,Creep,wantlist
uk,absolute1058,Rainbow,"I Surrender",collection
uk,absolute1058,Razorlight,America,wantlist
uk,absolute1058,Roachford,"Cuddly Toy",collection
uk,absolute1058,"Rod Stewart","Young Turks",collection
uk,absolute1058,Rush,"Spirit Of Radio",collection
uk,absolute1058,"Scritti Politti",Absolute,collection
uk,absolute1058,Shamen,"Ebeneezer Goode",collection
uk,absolute1058,"Simple Minds","Alive And Kicking",collection
uk,absolute1058,"Simple Minds","Don't You Forget About Me",collection
uk,absolute1058,"Simple Minds","Sanctify Yourself",collection
uk,absolute1058,Slade,"Cum On Feel The Noise",collection
uk,absolute1058,"Soft Cell",Torch,collection
uk,absolute1058,Starship,"We Built This City",collection
uk,absolute1058,"Status Quo","Down Down",collection
uk,absolute1058,Stereophonics,"Handbags & Gladrags",collection
uk,absolute1058,Supertramp,Dreamer,collection
uk,absolute1058,Survivor,"Eye Of The Tiger",collection
uk,absolute1058,"Suzi Quatro","Can The Can",collection
uk,absolute1058,"T Rex","Get It On",collection
uk,absolute1058,"Talk Talk","It's My Life",wantlist
uk,absolute1058,"Talk Talk","Life's What You Make It",collection
uk,absolute1058,"Talking Heads","And She Was",collection
uk,absolute1058,"Talking Heads","Once In A Lifetime",wantlist
uk,absolute1058,"Talking Heads","Road To Nowhere",collection
uk,absolute1058,"Tears For Fears","Everybody Wants To Rule The World.",collection
uk,absolute1058,"Tears For Fears","Head Over Heels",wantlist
uk,absolute1058,"Tears For Fears",Shout,collection
uk,absolute1058,"Tenpole Tudor","Swords Of A Thousand Men",collection
uk,absolute1058,"The Bangles","Walk Like An Egyptian",collection
uk,absolute1058,"The Beat","Mirror In The Bathroom",collection
uk,absolute1058,"The Beatles","We Can Work It Out",collection
uk,absolute1058,"The Buggles","Video Killed The Radio Star",collection
uk,absolute1058,"The Clash","I Fought The Law",wantlist
uk,absolute1058,"The Clash","London Calling",collection
uk,absolute1058,"The Clash","Rock The Casbah",collection
uk,absolute1058,"The Clash","Should I Stay Or Should I Go",wantlist
uk,absolute1058,"The Cranberries",Dreams,wantlist
uk,absolute1058,"The Cranberries",Linger,wantlist
uk,absolute1058,"The Cranberries",Zombie,wantlist
uk,absolute1058,"The Cult","She Sells Sanctuary",collection
uk,absolute1058,"The Cure","Boys Don't Cry",wantlist
uk,absolute1058,"The Cure","Close To Me",wantlist
uk,absolute1058,"The Cure","In Between Days",wantlist
uk,absolute1058,"The Cure","Just Like Heaven",wantlist
uk,absolute1058,"The Cure",Lovesong,collection
uk,absolute1058,"The Cure","The Love Cats",collection
uk,absolute1058,"The Doobie Brothers","Long Train Runnin'",collection
uk,absolute1058,"The Doors","Light My Fire *",collection
uk,absolute1058,"The Dream Academy","Life In A Northern Town",wantlist
uk,absolute1058,"The Farm","All Together Now",collection
uk,absolute1058,"The Farm","Groovy Train",collection
uk,absolute1058,"The Housemartins","Happy Hour",collection
uk,absolute1058,"The Human League","Don't You Want Me",collection
uk,absolute1058,"The Human League","Mirror Man",collection
uk,absolute1058,"The Jam","Beat Surrender",collection
uk,absolute1058,"The Jam","Going Underground",collection
uk,absolute1058,"The Jam","That's Entertainment",collection
uk,absolute1058,"The Jam","Town Called Malice",collection
uk,absolute1058,"The Killers","Mr Brightside",wantlist
uk,absolute1058,"The Kooks","She Moves In Her Own Way",wantlist
uk,absolute1058,"The Libertines","Don't Look Back Into The Sun",wantlist
uk,absolute1058,"The Lightning Seeds",Pure,wantlist
uk,absolute1058,"The Lightning Seeds","The Life Of Riley",wantlist
uk,absolute1058,"The Police","Every Breath You Take",collection
uk,absolute1058,"The Police","Every Little Thing She Does Is Magic",collection
uk,absolute1058,"The Police","Message In A Bottle",collection
uk,absolute1058,"The Police",Roxanne,collection
uk,absolute1058,"The Police","So Lonely",wantlist
uk,absolute1058,"The Pretenders","Brass In Pocket",collection
uk,absolute1058,"The Pretenders","Don't Get Me Wrong",wantlist
uk,absolute1058,"The Primitives",Crash,collection
uk,absolute1058,"The Psychedelic Furs","Pretty In Pink",wantlist
uk,absolute1058,"The Rolling Stones","19th Nervous Breakdown",collection
uk,absolute1058,"The Rolling Stones","Gimme Shelter",wantlist
uk,absolute1058,"The Rolling Stones","Paint It Black",collection
uk,absolute1058,"The Rolling Stones","Start Me Up",collection
uk,absolute1058,"The Rolling Stones","Undercover Of The Night",collection
uk,absolute1058,"The Smiths","How Soon Is Now? *",wantlist
uk,absolute1058,"The Smiths",Panic,collection
uk,absolute1058,"The Smiths","There Is A Light That Never Goes Out",wantlist
uk,absolute1058,"The Smiths","This Charming Man",wantlist
uk,absolute1058,"The Specials","Ghost Town",wantlist
uk,absolute1058,"The Stone Roses","She Bangs The Drums",collection
uk,absolute1058,"The Stranglers","Golden Brown",collection
uk,absolute1058,"The Stranglers","Something Better Change",collection
uk,absolute1058,"The Strokes","Last Nite",wantlist
uk,absolute1058,"The Strokes",Someday,wantlist
uk,absolute1058,"The Sweet","Ballroom Blitz",collection
uk,absolute1058,"The Undertones","Teenage Kicks",collection
uk,absolute1058,"The Waterboys","Whole Of The Moon",collection
uk,absolute1058,"The White Stripes","SEVEN NATION ARMY *",wantlist
uk,absolute1058,"The Who","My Generation",collection
uk,absolute1058,"The Who",Substitute,collection
uk,absolute1058,"The Zutons",Valerie,wantlist
uk,absolute1058,"They Might Be Giants","Birdhouse In Your Soul",collection
uk,absolute1058,"Thin Lizzy","Don't Believe A Word",collection
uk,absolute1058,"Thin Lizzy","The Boys Are Back In Town",collection
uk,absolute1058,"Tom Petty","Free Falling",wantlist
uk,absolute1058,"Tom Petty","I Won't Back Down",wantlist
uk,absolute1058,Toto,Africa,collection
uk,absolute1058,"Tracy Chapman","Fast Car",collection
uk,absolute1058,U2,"I Still Haven't Found What I'm Looking For",collection
uk,absolute1058,U2,"New Year's Day",collection
uk,absolute1058,U2,"Where The Streets Have No Name",collection
uk,absolute1058,U2,"With Or Without You",collection
uk,absolute1058,Ultravox,Vienna,collection
uk,absolute1058,"Van Halen",Jump,collection
uk,absolute1058,"Van Halen","Why Can't This Be Love",collection
uk,absolute1058,"Vic Reeves and The Wonderstuff",Dizzy,collection
uk,absolute1058,Yello,"The Race",collection
uk,absolute10s,Adele,Skyfall,wantlist
uk,absolute10s,"Florence and The Machine","You've Got The Love",wantlist
uk,absolute20s,10cc,"I'm Not In Love",collection
uk,absolute20s,"Amii Stewart","Knock On Wood",collection
uk,absolute20s,"Bee Gees","You Win Again",collection
uk,absolute20s,Blondie,"Union City Blue",collection
uk,absolute20s,"Blue Oyster Cult","Don't Fear The Reaper *",collection
uk,absolute20s,"Bruce Springsteen","Cover Me",collection
uk,absolute20s,"Def Leppard",Hysteria,wantlist
uk,absolute20s,"Eric Carmen","Hungry Eyes",wantlist
uk,absolute20s,"Eurythmics and Aretha Franklin","Sisters Are Doin' It For Themselves",collection
uk,absolute20s,"Hue and Cry","Labour Of Love",collection
uk,absolute20s,"Isley Brothers","Behind A Painted Smile",collection
uk,absolute20s,Keane,"Somewhere Only We Know",wantlist
uk,absolute20s,"Lionel Richie","Dancin' On The Ceiling",collection
uk,absolute20s,Madness,"Our House",wantlist
uk,absolute20s,"Michael Jackson","Off The Wall",collection
uk,absolute20s,Nena,"99 Red Balloons",collection
uk,absolute20s,"Peter Gabriel",Sledgehammer,collection
uk,absolute20s,Queen,"Hammer To Fall",wantlist
uk,absolute20s,"Shakin' Stevens","This Ole' House",collection
uk,absolute20s,"The Bangles","Manic Monday",collection
uk,absolute20s,"The Beatles","Now And Then",wantlist
uk,absolute20s,"The Foundations","Build Me Up Buttercup",wantlist
uk,absolute20s,"The Hollies","The Air That I Breathe",collection
uk,absolute20s,"The Human League","Don't You Want Me",collection
uk,absolute20s,"The Psychedelic Furs","Pretty In Pink",wantlist
uk,absolute20s,"The Rolling Stones","Paint It Black",collection
uk,absolute20s,"The Smiths","There Is A Light That Never Goes Out",wantlist
uk,absolute20s,"The Style Council","Walls Come Tumbling Down",collection
uk,absolute20s,"Tracy Chapman","Baby Can I Hold You",wantlist
uk,absolute20s,U2,"With Or Without You",collection
uk,absolute60s,"Andy Williams","Can't Get Used To Losing You",collection
uk,absolute60s,"Andy Williams","Can't Take My Eyes Off You",collection
uk,absolute60s,"Aretha Franklin","I Say A Little Prayer",collection
uk,absolute60s,"Aretha Franklin",Respect,wantlist
uk,absolute60s,"Aretha Franklin","You Make Me Feel Like A Natural Woman",wantlist
uk,absolute60s,"Barry Ryan",Eloise,collection
uk,absolute60s,"Bee Gees","I've Gotta Get A Message To You",collection
uk,absolute60s,"Bob Dylan","Just Like A Woman",collection
uk,absolute60s,"Bob Dylan","Like A Rolling Stone",wantlist
uk,absolute60s,"Bob Dylan","Mr Tambourine Man",wantlist
uk,absolute60s,"Bob Dylan","Positively 4th Street",collection
uk,absolute60s,"Bob Dylan","Subterranean Homesick Blues",wantlist
uk,absolute60s,"Bob Dylan","Times They Are A Changing",wantlist
uk,absolute60s,"Chairmen Of The Board","Give Me Just A Little More Time",collection
uk,absolute60s,"Chris Farlowe","Out Of Time",collection
uk,absolute60s,Cream,"Sunshine Of Your Love",collection
uk,absolute60s,"David Bowie","Space Oddity",collection
uk,absolute60s,"Desmond Dekker",Israelites,collection
uk,absolute60s,"Diana Ross and The Temptations","I'm Gonna Make You Love Me",collection
uk,absolute60s,"Dobie Gray","Out On The Floor",collection
uk,absolute60s,Donovan,"Sunshine Superman",wantlist
uk,absolute60s,"Dusty Springfield","I Close My Eyes And Count To Ten",collection
uk,absolute60s,"Dusty Springfield","I Only Want To Be With You",collection
uk,absolute60s,"Dusty Springfield","Son Of A Preacher Man",collection
uk,absolute60s,"Dusty Springfield","You Don't Have To Say You Love Me",collection
uk,absolute60s,"Elvis Presley","In The Ghetto",collection
uk,absolute60s,"Elvis Presley","Return To Sender",collection
uk,absolute60s,"Elvis Presley","Stuck On You",collection
uk,absolute60s,"Elvis Presley","Suspicious Minds",collection
uk,absolute60s,"Fleetwood Mac",Albatross,collection
uk,absolute60s,"Fleetwood Mac","Need Your Love So Bad",wantlist
uk,absolute60s,"Frank Sinatra and Nancy Sinatra","Something Stupid",collection
uk,absolute60s,"Harry Nilsson","Everybody's Talkin'",collection
uk,absolute60s,"Jackie Wilson","I Get The Sweetest Feeling",collection
uk,absolute60s,"Jeff Beck","Hi Ho Silver Lining",collection
uk,absolute60s,"Jimi Hendrix","All Along The Watchtower",collection
uk,absolute60s,"Jimi Hendrix","Purple Haze..",collection
uk,absolute60s,"Jimi Hendrix","The Wind Cries Mary",collection
uk,absolute60s,"Jimmy Ruffin","What Becomes Of The Broken Hearted",collection
uk,absolute60s,"Joe Cocker","With A Little Help From My Friends",collection
uk,absolute60s,"Johnny Cash","Ring Of Fire",wantlist
uk,absolute60s,"Little Eva","The Locomotion",collection
uk,absolute60s,"Louis Armstrong","We Have All The Time In The World",wantlist
uk,absolute60s,"Marianne Faithful","As Tears Go By",wantlist
uk,absolute60s,"Martha Reeves and The Vandellas","Dancing In The Street",collection
uk,absolute60s,"Marvin Gaye","I Heard It Through The Grapevine",collection
uk,absolute60s,"Marvin Gaye and Tammi Terrell","Ain't No Mountain High Enough",wantlist
uk,absolute60s,"Mary Wells","My Guy",collection
uk,absolute60s,"Matthews' Southern Comfort",Woodstock,collection
uk,absolute60s,"Moody Blues","Go Now",collection
uk,absolute60s,"Moody Blues","Nights In White Satin",collection
uk,absolute60s,"Nancy Sinatra","These Boots Are Made For Walking",collection
uk,absolute60s,"Neil Diamond","Sweet Caroline",collection
uk,absolute60s,"Nina Simone","Ain't Got No - I Got Life",collection
uk,absolute60s,"Nina Simone","My Baby Just Cares For Me",collection
uk,absolute60s,"Otis Redding","Hard To Handle",collection
uk,absolute60s,"Otis Redding","The Dock Of The Bay",collection
uk,absolute60s,"Otis Redding","Try A Little Tenderness",wantlist
uk,absolute60s,"Percy Sledge","When A Man Loves A Woman",collection
uk,absolute60s,"Procol Harum","A Whiter Shade Of Pale",collection
uk,absolute60s,"R Dean Taylor","There's A Ghost In My House",collection
uk,absolute60s,"Roger Miller","King Of The Road",collection
uk,absolute60s,"Roy Orbison","It's Over",collection
uk,absolute60s,"Sam Cooke","Wonderful World",collection
uk,absolute60s,Shangri-Las,"Leader Of The Pack",collection
uk,absolute60s,"Shirley Bassey",Goldfinger,wantlist
uk,absolute60s,"Shirley Ellis","The Clapping Song",collection
uk,absolute60s,"Sly and The Family Stone","Dance To The Music",collection
uk,absolute60s,"Sonny and Cher","I Got You Babe",collection
uk,absolute60s,Steppenwolf,"Magic Carpet Ride",collection
uk,absolute60s,"Stevie Wonder","Yester-Me Yester-You Yesterday",collection
uk,absolute60s,"The Animals","Don't Let Me Be Misunderstood",collection
uk,absolute60s,"The Animals","House Of The Rising Sun",collection
uk,absolute60s,"The Animals","We Gotta Get Outta This Place",collection
uk,absolute60s,"The Beach Boys","I Get Around",collection
uk,absolute60s,"The Beach Boys","Wouldn't It Be Nice",collection
uk,absolute60s,"The Beatles","All You Need Is Love",collection
uk,absolute60s,"The Beatles","Back In The Ussr",collection
uk,absolute60s,"The Beatles","Can't Buy Me Love",collection
uk,absolute60s,"The Beatles","Come Together",collection
uk,absolute60s,"The Beatles","Hello Goodbye",collection
uk,absolute60s,"The Beatles","I Want To Hold Your Hand",collection
uk,absolute60s,"The Beatles","Lady Madonna",wantlist
uk,absolute60s,"The Beatles","Let It Be",wantlist
uk,absolute60s,"The Beatles","Magical Mystery Tour",wantlist
uk,absolute60s,"The Beatles","Paperback Writer",collection
uk,absolute60s,"The Beatles","Strawberry Fields Forever",wantlist
uk,absolute60s,"The Beatles","The Ballad Of John And Yoko",wantlist
uk,absolute60s,"The Beatles","Ticket To Ride",wantlist
uk,absolute60s,"The Beatles","We Can Work It Out",collection
uk,absolute60s,"The Byrds","All I Really Want To Do",collection
uk,absolute60s,"The Dave Clark Five","Glad All Over",collection
uk,absolute60s,"The Doors","Light My Fire *",collection
uk,absolute60s,"The Easybeats","Friday On My Mind",wantlist
uk,absolute60s,"The Foundations","Build Me Up Buttercup",wantlist
uk,absolute60s,"The Four Tops","Reach Out, I'll Be There",collection
uk,absolute60s,"The Four Tops","Walk Away Renee",collection
uk,absolute60s,"The Hollies","Carrie Anne",collection
uk,absolute60s,"The Hollies","He Ain't Heavy He's My Brother",collection
uk,absolute60s,"The Kinks","You Really Got Me",collection
uk,absolute60s,"The Mamas and The Papas","Monday Monday",collection
uk,absolute60s,"The Marvelettes","Please Mr Postman",collection
uk,absolute60s,"The Monkees","A Little Bit A Little Bit You",collection
uk,absolute60s,"The Monkees","Daydream Believer",collection
uk,absolute60s,"The Monkees","I'm A Believer",collection
uk,absolute60s,"The Monkees","Last Train To Clarksville",collection
uk,absolute60s,"The Monkees","Pleasant Valley Sunday",collection
uk,absolute60s,"The Righteous Brothers","Unchained Melody",collection
uk,absolute60s,"The Rolling Stones","Get Off Of My Cloud",collection
uk,absolute60s,"The Rolling Stones","Gimme Shelter",wantlist
uk,absolute60s,"The Rolling Stones","Let's Spend The Night Together",wantlist
uk,absolute60s,"The Rolling Stones","Ruby Tuesday",wantlist
uk,absolute60s,"The Rolling Stones","She's A Rainbow",collection
uk,absolute60s,"The Rolling Stones","Sympathy For The Devil",wantlist
uk,absolute60s,"The Rolling Stones","You Can't Always Get What You Want",collection
uk,absolute60s,"The Searchers","Needles & Pins",collection
uk,absolute60s,"The Small Faces","Itchycoo Park",collection
uk,absolute60s,"The Small Faces","Lazy Sunday",collection
uk,absolute60s,"The Tams","Hey Girl Don't Bother Me",collection
uk,absolute60s,"The Temptations","Beauty Is Only Skin Deep",collection
uk,absolute60s,"The Troggs","With A Girl Like You",collection
uk,absolute60s,"The Who","I Can See For Miles",collection
uk,absolute60s,"The Who","My Generation",collection
uk,absolute60s,"Thunderclap Newman","Something In The Air",collection
uk,absolute60s,"Tom Jones","It's Not Unusual",collection
uk,absolute60s,"Tommy James and The Shondells","Mony Mony",collection
uk,absolute60s,"Tommy Roe",Dizzy,collection
uk,absolute60s,"Wilson Pickett","In The Midnight Hour",collection
uk,absolute70s,10cc,"I'm Not In Love",collection
uk,absolute70s,10cc,"Rubber Bullets",collection
uk,absolute70s,10cc,"The Wall Street Shuffle",collection
uk,absolute70s,10cc,"Things We Do For Love",collection
uk,absolute70s,"A Taste Of Honey","Boogie Oogie Oogie",collection
uk,absolute70s,Abba,"Dancing Queen",collection
uk,absolute70s,Abba,"Does Your Mother Know",collection
uk,absolute70s,Abba,"Knowing Me Knowing You",collection
uk,absolute70s,Abba,"Take A Chance On Me",collection
uk,absolute70s,Abba,"The Name Of The Game",collection
uk,absolute70s,Abba,Voulez-vous,collection
uk,absolute70s,Ac/dc,"Highway To Hell",collection
uk,absolute70s,Ace,"How Long",wantlist
uk,absolute70s,Aerosmith,"Dream On",wantlist
uk,absolute70s,"Al Green","Let's Stay Together",collection
uk,absolute70s,"Al Stewart","The Year Of The Cat",collection
uk,absolute70s,"Alice Cooper","School's Out",collection
uk,absolute70s,"Andrew Gold","Lonely Boy",collection
uk,absolute70s,"Andrew Gold","Never Let Her Slip Away",collection
uk,absolute70s,"Anita Ward","Ring My Bell",collection
uk,absolute70s,Argent,"Hold Your Head Up",collection
uk,absolute70s,"Average White Band","Pick Up The Pieces",collection
uk,absolute70s,"Bachman Turner Overdrive","You Ain't Seen Nothin' Yet",wantlist
uk,absolute70s,"Bad Company","Can't Get Enough",collection
uk,absolute70s,"Bad Company","Feel Like Makin' Love",collection
uk,absolute70s,"Barry White","Can't Get Enough Of Your Love Babe",collection
uk,absolute70s,"Barry White","Never Never Gonna Give You Up",collection
uk,absolute70s,"Barry White","You Are The First, My Last, My Everything",collection
uk,absolute70s,"Barry White","You See The Trouble With Me",collection
uk,absolute70s,"Bee Gees","How Deep Is Your Love",collection
uk,absolute70s,"Bee Gees","Jive Talking",collection
uk,absolute70s,"Bee Gees","Night Fever",collection
uk,absolute70s,"Bee Gees","Stayin' Alive",collection
uk,absolute70s,"Bee Gees",Tragedy,collection
uk,absolute70s,"Bee Gees","You Should Be Dancing",collection
uk,absolute70s,"Belle Epoque","Black Is Black",collection
uk,absolute70s,"Bill Withers","Lean On Me",collection
uk,absolute70s,"Bill Withers","Lovely Day",collection
uk,absolute70s,"Billy Joel","Just The Way You Are",collection
uk,absolute70s,"Billy Joel","My Life",collection
uk,absolute70s,"Billy Joel","She's Always A Woman",wantlist
uk,absolute70s,"Billy Ocean","Love Really Hurts Without You",collection
uk,absolute70s,"Billy Ocean","Red Light Spells Danger",collection
uk,absolute70s,"Black Sabbath",Paranoid,collection
uk,absolute70s,Blondie,Denis,collection
uk,absolute70s,Blondie,Dreaming,collection
uk,absolute70s,Blondie,"Hanging On The Telephone",collection
uk,absolute70s,Blondie,"Heart Of Glass",collection
uk,absolute70s,Blondie,"One Way Or Another",wantlist
uk,absolute70s,Blondie,"Picture This",collection
uk,absolute70s,Blondie,"Sunday Girl",collection
uk,absolute70s,Blondie,"Union City Blue",collection
uk,absolute70s,"Blue Oyster Cult","Don't Fear The Reaper *",collection
uk,absolute70s,"Bob Dylan","Knockin' On Heaven's Door",collection
uk,absolute70s,"Bob Marley and The Wailers","Is This Love",collection
uk,absolute70s,"Bob Marley and The Wailers","No Woman No Cry",collection
uk,absolute70s,"Bob Marley and The Wailers","Three Little Birds",wantlist
uk,absolute70s,"Bob Seger","Hollywood Nights",wantlist
uk,absolute70s,"Bob Seger","Old Time Rock N Roll",wantlist
uk,absolute70s,"Boney M","Daddy Cool",collection
uk,absolute70s,"Boney M",Rasputin,collection
uk,absolute70s,"Boney M","Rivers Of Babylon",collection
uk,absolute70s,"Boney M",Sunny,collection
uk,absolute70s,"Boomtown Rats","Rat Trap",collection
uk,absolute70s,"Boomtown Rats","She's So Modern",collection
uk,absolute70s,Boston,"More Than A Feeling",collection
uk,absolute70s,"Boz Scaggs","Lido Shuffle",collection
uk,absolute70s,"Boz Scaggs","What Can I Say",collection
uk,absolute70s,Bread,"Baby I'm A Want You",collection
uk,absolute70s,Bread,"Guitar Man",collection
uk,absolute70s,Bread,"Make It With You",collection
uk,absolute70s,"Brothers Johnson",Stomp,collection
uk,absolute70s,"Bruce Springsteen","Born To Run",collection
uk,absolute70s,"Bryan Ferry","Let's Stick Together",collection
uk,absolute70s,Buzzcocks,"Ever Fallen In Love",collection
uk,absolute70s,"Candi Staton","Nights On Broadway",collection
uk,absolute70s,"Candi Staton","Young Hearts Run Free",collection
uk,absolute70s,"Carly Simon","Nobody Does It Better",collection
uk,absolute70s,"Carly Simon","You're So Vain",collection
uk,absolute70s,"Carole King","I Feel The Earth Move",collection
uk,absolute70s,"Chaka Khan","I'm Every Woman",collection
uk,absolute70s,Cher,"Gypsies, Tramps And Thieves",collection
uk,absolute70s,Chic,"Everybody Dance",collection
uk,absolute70s,Chic,"Good Times",collection
uk,absolute70s,Chic,"I Want Your Love",collection
uk,absolute70s,Chic,"Le Freak",collection
uk,absolute70s,Chicago,"If You Leave Me Now",collection
uk,absolute70s,"Climax Blues Band","Couldn't Get It Right",collection
uk,absolute70s,"Curtis Mayfield","Move On Up",wantlist
uk,absolute70s,"Dave Edmunds","Girls Talk",collection
uk,absolute70s,"David Bowie","Drive In Saturday",collection
uk,absolute70s,"David Bowie",Fame,collection
uk,absolute70s,"David Bowie","Golden Years",collection
uk,absolute70s,"David Bowie",Heroes,collection
uk,absolute70s,"David Bowie","Jean Genie",collection
uk,absolute70s,"David Bowie","Life On Mars",collection
uk,absolute70s,"David Bowie","Rebel Rebel",collection
uk,absolute70s,"David Bowie",Sorrow,collection
uk,absolute70s,"David Bowie","Sound And Vision",collection
uk,absolute70s,"David Bowie","Space Oddity",collection
uk,absolute70s,"David Bowie","Young Americans",collection
uk,absolute70s,"David Bowie","Ziggy Stardust",collection
uk,absolute70s,"David Essex","Rock On",collection
uk,absolute70s,"Deep Purple","Smoke On The Water",collection
uk,absolute70s,"Derek and The Dominos",Layla,collection
uk,absolute70s,"Desmond Dekker","You Can Get It If You Really Want",collection
uk,absolute70s,"Detroit Spinners","Could It Be I'm Falling In Love",collection
uk,absolute70s,"Diana Ross","I'm Coming Out",collection
uk,absolute70s,"Diana Ross","Upside Down",collection
uk,absolute70s,"Dire Straits","Sultans Of Swing",collection
uk,absolute70s,"Don McLean","American Pie",collection
uk,absolute70s,"Don McLean",Vincent,collection
uk,absolute70s,"Donna Summer","Bad Girls",collection
uk,absolute70s,"Donna Summer","Hot Stuff",collection
uk,absolute70s,"Donna Summer","I Feel Love",collection
uk,absolute70s,"Donna Summer","Last Dance",collection
uk,absolute70s,"Donna Summer","Love's Unkind",collection
uk,absolute70s,"Dr Feelgood","Milk And Alcohol",collection
uk,absolute70s,Eagles,"Heartache Tonight",collection
uk,absolute70s,Eagles,"Hotel California",wantlist
uk,absolute70s,Eagles,"Life In The Fast Lane",collection
uk,absolute70s,Eagles,"Lyin' Eyes",wantlist
uk,absolute70s,Eagles,"One Of These Nights",collection
uk,absolute70s,Eagles,"Take It Easy",wantlist
uk,absolute70s,"Earth Wind & Fire",September,collection
uk,absolute70s,"Earth Wind and Fire",September,collection
uk,absolute70s,"Earth Wind and Fire and Emotions","Boogie Wonderland",collection
uk,absolute70s,"Edwin Starr",Contact,collection
uk,absolute70s,"Edwin Starr",War,collection
uk,absolute70s,Elo,"Don't Bring Me Down",collection
uk,absolute70s,Elo,"Evil Woman",collection
uk,absolute70s,Elo,"Livin' Thing",collection
uk,absolute70s,Elo,"Mr Blue Sky",collection
uk,absolute70s,Elo,"Turn To Stone",collection
uk,absolute70s,"Elton John","Bennie And The Jets",collection
uk,absolute70s,"Elton John","Candle In The Wind",collection
uk,absolute70s,"Elton John","Crocodile Rock",collection
uk,absolute70s,"Elton John",Daniel,collection
uk,absolute70s,"Elton John","Don't Let The Sun Go Down On Me",collection
uk,absolute70s,"Elton John","Philadelphia Freedom",collection
uk,absolute70s,"Elton John","Saturday Night's Alright For Fighting",collection
uk,absolute70s,"Elton John and Kiki Dee","Don't Go Breaking My Heart",collection
uk,absolute70s,"Elvis Costello","Accidents Will Happen",collection
uk,absolute70s,"Elvis Costello","I Don't Want To Go To Chelsea",collection
uk,absolute70s,"Elvis Costello","Pump It Up",collection
uk,absolute70s,"Elvis Costello","Watching The Detectives",collection
uk,absolute70s,Emotions,"Best Of My Love",collection
uk,absolute70s,"Eric Clapton","I Shot The Sheriff",collection
uk,absolute70s,"Eric Clapton","Knockin' On Heaven's Door",collection
uk,absolute70s,"Eric Clapton","Lay Down Sally",wantlist
uk,absolute70s,"Eric Clapton","Wonderful Tonight",collection
uk,absolute70s,"Evelyn King",Shame,collection
uk,absolute70s,"Fleetwood Mac","Don't Stop",collection
uk,absolute70s,"Fleetwood Mac",Dreams,collection
uk,absolute70s,"Fleetwood Mac","Go Your Own Way",wantlist
uk,absolute70s,"Fleetwood Mac",Rhiannon,collection
uk,absolute70s,"Fleetwood Mac",Sara,collection
uk,absolute70s,"Fleetwood Mac","You Make Loving Fun",wantlist
uk,absolute70s,Foreigner,"Cold As Ice",collection
uk,absolute70s,Frantique,"Strut Your Funky Stuff",collection
uk,absolute70s,Free,"All Right Now",collection
uk,absolute70s,"Gallagher and Lyle","I Wanna Stay With You",collection
uk,absolute70s,"Gary Numan",Cars,collection
uk,absolute70s,"Gary Numan and Tubeway Army","ARE FRIENDS ELECTRIC",collection
uk,absolute70s,Genesis,"Follow You Follow Me",collection
uk,absolute70s,"George Benson","Give Me The Night",collection
uk,absolute70s,"George Harrison","My Sweet Lord",collection
uk,absolute70s,"Gerry Rafferty","Baker Street",collection
uk,absolute70s,"Gerry Rafferty","Get It Right Next Time",collection
uk,absolute70s,"Gerry Rafferty","Night Owl",collection
uk,absolute70s,"Gladys Knight and The Pips","Midnight Train To Georgia",collection
uk,absolute70s,"Hall and Oates","She's Gone",wantlist
uk,absolute70s,"Harold Melvin and Blue Notes","The Love I Lost",collection
uk,absolute70s,Heatwave,"Boogie Nights",collection
uk,absolute70s,"Hot Chocolate","Every 1's A Winner",collection
uk,absolute70s,"Hot Chocolate","So You Win Again",collection
uk,absolute70s,"Hot Chocolate","You Sexy Thing",collection
uk,absolute70s,"Hues Corporation","Rock The Boat",collection
uk,absolute70s,"Ian Dury and The Blockheads","Hit Me With Your Rhythm Stick",collection
uk,absolute70s,"Iggy Pop","Lust For Life *",collection
uk,absolute70s,"Iggy Pop","The Passenger",collection
uk,absolute70s,"Ike and Tina and Tina Turner","Nutbush City Limits",collection
uk,absolute70s,"Isaac Hayes","Theme From Shaft",collection
uk,absolute70s,"Isley Brothers","Harvest For The World",collection
uk,absolute70s,"Isley Brothers","Summer Breeze",collection
uk,absolute70s,"Isley Brothers","That Lady",wantlist
uk,absolute70s,"James Brown","Get Up Offa That Thing",collection
uk,absolute70s,"James Brown","Get Up Sex Machine",collection
uk,absolute70s,"James Taylor","Fire And Rain",collection
uk,absolute70s,"James Taylor","You've Got A Friend",collection
uk,absolute70s,"Jimmy Cliff","Wild World",wantlist
uk,absolute70s,"Joan Armatrading","Love & Affection",collection
uk,absolute70s,"Joe Jackson","Is She Really Going Out With Him?",collection
uk,absolute70s,"Joe Jackson","It's Different For Girls",collection
uk,absolute70s,"John Lennon",Imagine,collection
uk,absolute70s,"John Lennon","Stand By Me",wantlist
uk,absolute70s,"Johnny Bristol","Hang On In There Baby",collection
uk,absolute70s,"Johnny Nash","I Can See Clearly Now",collection
uk,absolute70s,"Joni Mitchell","Big Yellow Taxi",collection
uk,absolute70s,"Kate Bush","The Man With The Child In His Eyes",collection
uk,absolute70s,"Kate Bush","Wuthering Heights",collection
uk,absolute70s,"Kc and The Sunshine Band","Please Don't Go",collection
uk,absolute70s,"Kool and The Gang",Celebration,collection
uk,absolute70s,"Kool and The Gang","Ladies Night",collection
uk,absolute70s,"Labi Siffre","It Must Be Love",collection
uk,absolute70s,"Led Zeppelin","Stairway To Heaven",wantlist
uk,absolute70s,"Led Zeppelin","Whole Lotta Love",collection
uk,absolute70s,"Lena Lovich","Lucky Number",collection
uk,absolute70s,Lindisfarne,"Run For Home",collection
uk,absolute70s,"Lipps Inc.","Funky Town",collection
uk,absolute70s,"Lynyrd Skynyrd",Freebird,collection
uk,absolute70s,"Lynyrd Skynyrd","Sweet Home Alabama",collection
uk,absolute70s,M,"Pop Muzik",collection
uk,absolute70s,"Manfred Mann","Blinded By The Light",collection
uk,absolute70s,"Marvin Gaye","Got To Give It Up Pt 1",collection
uk,absolute70s,"Marvin Gaye","What's Going On",wantlist
uk,absolute70s,"Mcfadden and Whitehead","Ain't No Stoppin' Us Now",wantlist
uk,absolute70s,"Meat Loaf","Bat Out Of Hell *",collection
uk,absolute70s,"Meat Loaf","Two Out Of Three Ain't Bad",collection
uk,absolute70s,"Meat Loaf","You Took The Words Right Out Of My Mouth",wantlist
uk,absolute70s,"Mott The Hoople","All The Young Dudes",collection
uk,absolute70s,"Mott The Hoople","Roll Away The Stone",collection
uk,absolute70s,"Neil Diamond","Cracklin' Rosie",collection
uk,absolute70s,"Neil Diamond","Sweet Caroline",collection
uk,absolute70s,"Neil Young","Heart Of Gold",collection
uk,absolute70s,"Nick Lowe","Cruel To Be Kind",collection
uk,absolute70s,"Nick Lowe","I Love The Sound Of Breaking Glass",collection
uk,absolute70s,Nilsson,"Without You",collection
uk,absolute70s,"O'Jays","I Love Music",collection
uk,absolute70s,Odyssey,"Going Back To My Roots",collection
uk,absolute70s,Odyssey,"Native New Yorker",collection
uk,absolute70s,"Patti Smith","Because The Night",collection
uk,absolute70s,"Paul Simon","50 Ways To Leave Your Lover",collection
uk,absolute70s,"Paul Simon","Mother And Child Reunion",collection
uk,absolute70s,"Peter Frampton","Show Me The Way",collection
uk,absolute70s,"Peter Gabriel","Solsbury Hill",collection
uk,absolute70s,"Pink Floyd","Another Brick In The Wall",collection
uk,absolute70s,"Pink Floyd",Money,collection
uk,absolute70s,"Pink Floyd","Wish You Were Here",collection
uk,absolute70s,"Plastic Bertrand","Ca Plane Pour Moi",collection
uk,absolute70s,Queen,"Bohemian Rhapsody",collection
uk,absolute70s,Queen,"Crazy Little Thing Called Love",collection
uk,absolute70s,Queen,"Don't Stop Me Now",collection
uk,absolute70s,Queen,"Seven Seas Of Rhye",collection
uk,absolute70s,Queen,"Somebody To Love",collection
uk,absolute70s,Queen,"We Are The Champions",collection
uk,absolute70s,Queen,"We Will Rock You",collection
uk,absolute70s,Queen,"You're My Best Friend",wantlist
uk,absolute70s,Rainbow,"Since You've Been Gone",collection
uk,absolute70s,"Randy Vanwarmer","Just When I Needed You Most",collection
uk,absolute70s,"Rod Stewart","Da Ya Think I'm Sexy?",collection
uk,absolute70s,"Rod Stewart","Handbags & Gladrags",collection
uk,absolute70s,"Rod Stewart","I Don't Want To Talk About It",collection
uk,absolute70s,"Rod Stewart","Maggie May",collection
uk,absolute70s,"Rod Stewart",Sailing,collection
uk,absolute70s,"Rod Stewart","The Killing Of Georgie",collection
uk,absolute70s,"Rod Stewart","You Wear It Well",collection
uk,absolute70s,"Rose Royce","Car Wash",collection
uk,absolute70s,"Roxy Music","Angel Eyes",collection
uk,absolute70s,"Roxy Music","Dance Away",collection
uk,absolute70s,"Roxy Music","Love Is The Drug",collection
uk,absolute70s,"Roxy Music","Same Old Scene",collection
uk,absolute70s,"Roxy Music","Virginia Plain",collection
uk,absolute70s,"Sad Cafe","Every Day Hurts",collection
uk,absolute70s,Santana,"She's Not There",collection
uk,absolute70s,"Sex Pistols","Pretty Vacant",collection
uk,absolute70s,Shalamar,"A Night To Remember",collection
uk,absolute70s,Shalamar,"I Can Make You Feel Good",collection
uk,absolute70s,Shalamar,"There It Is",collection
uk,absolute70s,"Simon and Garfunkel","Bridge Over Troubled Water",collection
uk,absolute70s,"Simon and Garfunkel",Cecilia,wantlist
uk,absolute70s,"Siouxsie and The Banshees","Hong Kong Garden",collection
uk,absolute70s,"Sister Sledge","He's The Greatest Dancer",collection
uk,absolute70s,"Sister Sledge","Lost In Music",collection
uk,absolute70s,Slade,"Coz I Luv You",collection
uk,absolute70s,Slade,"Cum On Feel The Noise",collection
uk,absolute70s,Slade,Everyday,collection
uk,absolute70s,"Sly and The Family Stone","Family Affair",collection
uk,absolute70s,Squeeze,"Cool For Cats",collection
uk,absolute70s,Squeeze,"Take Me I'm Yours",collection
uk,absolute70s,Squeeze,"Up The Junction",collection
uk,absolute70s,"Status Quo",Caroline,collection
uk,absolute70s,"Status Quo","Down Down",collection
uk,absolute70s,"Status Quo","Rockin' All Over The World",collection
uk,absolute70s,"Status Quo","Whatever You Want",collection
uk,absolute70s,"Stealers Wheel","Stuck In the Middle With You",collection
uk,absolute70s,"Steely Dan","Do It Again",collection
uk,absolute70s,"Steely Dan","Reeling In The Years",wantlist
uk,absolute70s,"Stephen Stills","Love The One You're With",wantlist
uk,absolute70s,"Steve Harley and Cockney Rebel","Make Me Smile",collection
uk,absolute70s,"Steve Miller Band","Fly Like An Eagle",collection
uk,absolute70s,"Steve Miller Band","The Joker",collection
uk,absolute70s,"Stevie Wonder","Another Star",collection
uk,absolute70s,"Stevie Wonder","Higher Ground",collection
uk,absolute70s,"Stevie Wonder","I Wish",collection
uk,absolute70s,"Stevie Wonder","Living For The City",collection
uk,absolute70s,"Stevie Wonder","Sir Duke",collection
uk,absolute70s,"Stevie Wonder",Superstition,collection
uk,absolute70s,"Stevie Wonder","You Are The Sunshine Of My Life",collection
uk,absolute70s,Supertramp,"Breakfast In America",collection
uk,absolute70s,Supertramp,Dreamer,collection
uk,absolute70s,Supertramp,"Give A Little Bit",collection
uk,absolute70s,Supertramp,"Logical Song",collection
uk,absolute70s,"Suzi Quatro","Can The Can",collection
uk,absolute70s,"Suzi Quatro","Devil Gate Drive",collection
uk,absolute70s,"T Rex","20th Century Boy",wantlist
uk,absolute70s,"T Rex","Children Of The Revolution",wantlist
uk,absolute70s,"T Rex","Get It On",collection
uk,absolute70s,"T Rex","Hot Love",wantlist
uk,absolute70s,"T Rex",Jeepster,wantlist
uk,absolute70s,"T Rex","Metal Guru",collection
uk,absolute70s,"T Rex","Ride A White Swan",collection
uk,absolute70s,"T Rex","Telegram Sam",wantlist
uk,absolute70s,"Talking Heads","Psycho Killer",wantlist
uk,absolute70s,Tavares,"Heaven Must Be Missing An Angel",collection
uk,absolute70s,Tavares,"More Than A Woman",collection
uk,absolute70s,"The Beatles","Let It Be",wantlist
uk,absolute70s,"The Bellamy Brothers","Let Your Love Flow",collection
uk,absolute70s,"The Cars","Just What I Needed",collection
uk,absolute70s,"The Cars","My Best Friend's Girl",collection
uk,absolute70s,"The Chi-Lites","Have You Seen Her",collection
uk,absolute70s,"The Clash","I Fought The Law",wantlist
uk,absolute70s,"The Clash","London Calling",collection
uk,absolute70s,"The Commodores",Easy,collection
uk,absolute70s,"The Commodores","Three Times A Lady",collection
uk,absolute70s,"The Doobie Brothers","Listen To The Music",collection
uk,absolute70s,"The Doobie Brothers","Long Train Runnin'",collection
uk,absolute70s,"The Doobie Brothers","What A Fool Believes",collection
uk,absolute70s,"The Gap Band","Oops Upside Your Head",collection
uk,absolute70s,"The Hollies","The Air That I Breathe",collection
uk,absolute70s,"The Jackson 5","I Want You Back",collection
uk,absolute70s,"The Jacksons","Blame It On The Boogie",collection
uk,absolute70s,"The Jam","Down In The Tube Station At Midnight",wantlist
uk,absolute70s,"The Jam","Eton Rifles",collection
uk,absolute70s,"The Jam","In The City",collection
uk,absolute70s,"The Kinks",Lola,collection
uk,absolute70s,"The Kinks","You Really Got Me",collection
uk,absolute70s,"The Knack","My Sharona",collection
uk,absolute70s,"The Miracles","Love Machine",collection
uk,absolute70s,"The Police","Can't Stand Losing You",collection
uk,absolute70s,"The Police","Message In A Bottle",collection
uk,absolute70s,"The Police",Roxanne,collection
uk,absolute70s,"The Police","So Lonely",wantlist
uk,absolute70s,"The Police","Walking On The Moon",collection
uk,absolute70s,"The Pretenders","Brass In Pocket",collection
uk,absolute70s,"The Pretenders",Kid,collection
uk,absolute70s,"The Pretenders","Stop Your Sobbing",collection
uk,absolute70s,"The Real Thing","Can You Feel The Force",collection
uk,absolute70s,"The Rolling Stones",Angie,collection
uk,absolute70s,"The Rolling Stones","It's Only Rock N' Roll",collection
uk,absolute70s,"The Rolling Stones","Miss You",collection
uk,absolute70s,"The Rolling Stones","Tumbling Dice",collection
uk,absolute70s,"The Selecter","On My Radio",collection
uk,absolute70s,"The Skids","Into The Valley",collection
uk,absolute70s,"The Specials","A Message To You Rudy",wantlist
uk,absolute70s,"The Staple Singers","Respect Yourself",wantlist
uk,absolute70s,"The Stranglers","No More Heroes",collection
uk,absolute70s,"The Sweet",Blockbuster!,collection
uk,absolute70s,"The Sweet","Fox On The Run",collection
uk,absolute70s,"The Sweet","The Ballroom Blitz",collection
uk,absolute70s,"The Temptations","Papa Was A Rolling Stone",wantlist
uk,absolute70s,"The Tourists","I Only Want To Be With You",collection
uk,absolute70s,"The Tymes","Ms Grace",collection
uk,absolute70s,"The Undertones","Teenage Kicks",collection
uk,absolute70s,"The Village People","Go West",collection
uk,absolute70s,"The Whispers","And The Beat Goes On",collection
uk,absolute70s,"The Who","Baba O'Riley",wantlist
uk,absolute70s,"The Who","Squeeze Box",collection
uk,absolute70s,"The Who","Who Are You",collection
uk,absolute70s,"The Who","Won't Get Fooled Again *",collection
uk,absolute70s,"Thin Lizzy","Dancing In The Moonlight",collection
uk,absolute70s,"Thin Lizzy",Sarah,collection
uk,absolute70s,"Thin Lizzy","The Boys Are Back In Town",collection
uk,absolute70s,"Thin Lizzy","Waiting For An Alibi",collection
uk,absolute70s,"Thin Lizzy","Whiskey In The Jar",collection
uk,absolute70s,"Three Dog Night","Mama Told Me Not To Come",collection
uk,absolute70s,"Tom Petty","American Girl",wantlist
uk,absolute70s,"Tom Robinson","2-4-6-8 Motorway",collection
uk,absolute70s,Toto,"Hold The Line",collection
uk,absolute70s,"Van Morrison","Bright Side Of The Road",wantlist
uk,absolute70s,"Walker Brothers","No Regrets",collection
uk,absolute70s,War,"Low Rider",collection
uk,absolute70s,"Wild Cherry","Play That Funky Music",collection
uk,absolute70s,Wings,"Band On The Run",collection
uk,absolute70s,Wings,Jet,collection
uk,absolute70s,Wings,"Let 'Em In",collection
uk,absolute70s,Wings,"Listen To What The Man Said",collection
uk,absolute70s,Wings,"Live And Let Die *",collection
uk,absolute70s,Wings,"Silly Love Songs",collection
uk,absolute70s,Xtc,"Making Plans For Nigel",collection
uk,absolute70s,"Yarbrough and Peoples","Don't Stop The Music",collection
uk,absolute70s,"Yvonne Elliman","If I Can't Have You",wantlist
uk,absolute70s,america,"A Horse With No Name",collection
uk,absolute70s,america,"Ventura Highway",collection
uk,absolute80s,"A Flock Of Seagulls",Wishing,collection
uk,absolute80s,A-Ha,"Cry Wolf",collection
uk,absolute80s,A-Ha,"Hunting High And Low",wantlist
uk,absolute80s,A-Ha,"Take On Me",collection
uk,absolute80s,A-Ha,"The Living Daylights",collection
uk,absolute80s,A-Ha,"The Sun Always Shines On Tv",collection
uk,absolute80s,A-Ha,Touchy,wantlist
uk,absolute80s,Abc,"All Of My Heart",collection
uk,absolute80s,Abc,"Poison Arrow",collection
uk,absolute80s,Abc,Sos,collection
uk,absolute80s,Abc,"Tears Are Not Enough",collection
uk,absolute80s,Abc,"The Look Of Love",collection
uk,absolute80s,"Adam and the Ants",Antmusic,collection
uk,absolute80s,"Adam and the Ants","Goody Two Shoes",collection
uk,absolute80s,"Adam and the Ants","Kings Of The Wild Frontier",collection
uk,absolute80s,"Adam and the Ants","Prince Charming",collection
uk,absolute80s,"Adam and the Ants","Stand And Deliver",collection
uk,absolute80s,Aerosmith,"Dude Looks Like A Lady",collection
uk,absolute80s,Aerosmith,"Love In An Elevator",wantlist
uk,absolute80s,"Aerosmith and Run Dmc","Walk This Way",collection
uk,absolute80s,"Alarm The","68 Guns",collection
uk,absolute80s,"Alexander O'Neal",Criticize,wantlist
uk,absolute80s,"Alice Cooper",Poison,collection
uk,absolute80s,"Alison Moyet","All Cried Out",collection
uk,absolute80s,"Alison Moyet",Invisible,collection
uk,absolute80s,"Alison Moyet","Is This Love",collection
uk,absolute80s,"Alison Moyet","Love Resurrection",collection
uk,absolute80s,"Alison Moyet","Weak In The Presence Of Beauty",collection
uk,absolute80s,Alphaville,"Big In Japan",collection
uk,absolute80s,"Altered Images","Don't Talk To Me About Love",wantlist
uk,absolute80s,"Altered Images","Happy Birthday",collection
uk,absolute80s,Animotion,Obsession,collection
uk,absolute80s,"Ashford and Simpson",Solid,collection
uk,absolute80s,Associates,"Party Fears Two",collection
uk,absolute80s,"Aztec Camera","Somewhere In My Heart",collection
uk,absolute80s,"Bad Manners","Special Brew",collection
uk,absolute80s,Bananarama,"Love In The First Degree",collection
uk,absolute80s,Bananarama,"Na Na Hey Hey",collection
uk,absolute80s,Bananarama,"Nathan Jones",wantlist
uk,absolute80s,Bananarama,"Really Saying Something",collection
uk,absolute80s,Bananarama,"Robert De Niro's Waiting",collection
uk,absolute80s,Bananarama,Venus,collection
uk,absolute80s,"Beastie Boys","You Gotta Fight For Your Right To Party",collection
uk,absolute80s,"Bee Gees","You Win Again",collection
uk,absolute80s,"Belinda Carlisle","Circle In The Sand",collection
uk,absolute80s,"Belinda Carlisle","Heaven Is A Place On Earth",collection
uk,absolute80s,"Belinda Carlisle","Leave A Light On",wantlist
uk,absolute80s,"Ben E. King","Stand By Me",collection
uk,absolute80s,Berlin,"Take My Breath Away",collection
uk,absolute80s,"Big Country","Fields Of Fire",wantlist
uk,absolute80s,"Big Country","In A Big Country",collection
uk,absolute80s,"Big Country","Look Away",collection
uk,absolute80s,"Bill Medley/jennifer Warnes","I've Had The Time Of My Life",collection
uk,absolute80s,"Billy Idol","Dancing With Myself",wantlist
uk,absolute80s,"Billy Idol","Mony Mony",collection
uk,absolute80s,"Billy Idol","Rebel Yell",collection
uk,absolute80s,"Billy Idol","White Wedding",collection
uk,absolute80s,"Billy Joel","An Innocent Man",wantlist
uk,absolute80s,"Billy Joel","It's Still Rock And Roll To Me",collection
uk,absolute80s,"Billy Joel","Tell Her About It",collection
uk,absolute80s,"Billy Joel","The Longest Time",wantlist
uk,absolute80s,"Billy Joel","Uptown Girl",collection
uk,absolute80s,"Billy Joel","We Didn’t Start the Fire",collection
uk,absolute80s,"Billy Ocean","Caribbean Queen",collection
uk,absolute80s,"Billy Ocean","Get Outta My Dreams, Get Into My Car",collection
uk,absolute80s,"Billy Ocean","When The Going Gets Tough The Tough Get Going",collection
uk,absolute80s,"Black Box","Ride On Time",collection
uk,absolute80s,"Black Slate",Amigo,collection
uk,absolute80s,Blancmange,"Don't Tell Me",collection
uk,absolute80s,Blondie,Atomic,collection
uk,absolute80s,Blondie,"Call Me",collection
uk,absolute80s,Blondie,Rapture,collection
uk,absolute80s,Blondie,"The Tide Is High",collection
uk,absolute80s,"Bob Marley and The Wailers","Could You Be Loved",wantlist
uk,absolute80s,"Bob Marley and The Wailers","One Love",wantlist
uk,absolute80s,"Bob Marley and The Wailers","Three Little Birds",wantlist
uk,absolute80s,"Bobby Brown","Every Little Step",wantlist
uk,absolute80s,"Bobby Brown","My Prerogative",collection
uk,absolute80s,"Bomb The Bass","Beat Dis",collection
uk,absolute80s,"Bon Jovi","Bad Medicine",wantlist
uk,absolute80s,"Bon Jovi","Livin' On A Prayer",collection
uk,absolute80s,"Bon Jovi","Wanted Dead Or Alive",wantlist
uk,absolute80s,"Bon Jovi","You Give Love A Bad Name",wantlist
uk,absolute80s,"Bonnie Tyler","A Total Eclipse Of The Heart",collection
uk,absolute80s,"Bonnie Tyler","Holding Out For A Hero",collection
uk,absolute80s,"Bow Wow Wow","I Want Candy",collection
uk,absolute80s,"Boy Meets Girl","Waiting For A Star To Fall",collection
uk,absolute80s,"Bronski Beat","Smalltown Boy",collection
uk,absolute80s,Bros,"I Owe You Nothing",collection
uk,absolute80s,Bros,"When Will I Be Famous",collection
uk,absolute80s,"Bruce Hornsby","The Way It Is",collection
uk,absolute80s,"Bruce Springsteen","Cover Me",collection
uk,absolute80s,"Bruce Springsteen","Dancing In The Dark",collection
uk,absolute80s,"Bruce Springsteen","Glory Days",collection
uk,absolute80s,"Bruce Springsteen","Hungry Heart",wantlist
uk,absolute80s,"Bryan Adams",Heaven,wantlist
uk,absolute80s,"Bryan Adams","Run To You",collection
uk,absolute80s,"Bryan Adams","Summer Of 69",wantlist
uk,absolute80s,"Bryan Adams and Tina Turner","It's Only Love",wantlist
uk,absolute80s,"Bryan Ferry","Slave To Love",wantlist
uk,absolute80s,Cameo,"Word Up",collection
uk,absolute80s,"Captain Sensible","Happy Talk",collection
uk,absolute80s,"Carly Simon","Coming Around Again",collection
uk,absolute80s,"Chaka Khan","I Feel For You",collection
uk,absolute80s,Cher,"I Found Someone",collection
uk,absolute80s,Cher,"If I Could Turn Back Time",collection
uk,absolute80s,"China Crisis","King In A Catholic Style",collection
uk,absolute80s,"China Crisis","Wishful Thinking",collection
uk,absolute80s,"Chris Rea","The Road To Hell",collection
uk,absolute80s,"Christopher Cross","Arthur's Theme",collection
uk,absolute80s,"Climie Fisher","Love Changes",collection
uk,absolute80s,"Coldcut and Lisa Stansfield","People Hold On",wantlist
uk,absolute80s,"Colonel Abrams",Trapped,collection
uk,absolute80s,"Crowded House","Don't Dream It's Over",wantlist
uk,absolute80s,"Culture Club","Church Of The Poison Mind",collection
uk,absolute80s,"Culture Club","Do You Really Want To Hurt Me",collection
uk,absolute80s,"Culture Club","Karma Chameleon",collection
uk,absolute80s,"Curiosity Killed The Cat","Down To Earth",collection
uk,absolute80s,"Cyndi Lauper","Girls Just Want To Have Fun",collection
uk,absolute80s,"Cyndi Lauper","I Drove All Night",wantlist
uk,absolute80s,"Cyndi Lauper","Time After Time",collection
uk,absolute80s,"Cyndi Lauper","True Colours",collection
uk,absolute80s,"Danny Wilson","Mary's Prayer",collection
uk,absolute80s,"Daryl Hall and John Oates","You Make My Dreams",wantlist
uk,absolute80s,"David Bowie","Absolute Beginners",collection
uk,absolute80s,"David Bowie","Ashes To Ashes",collection
uk,absolute80s,"David Bowie","Blue Jean",collection
uk,absolute80s,"David Bowie","China Girl",collection
uk,absolute80s,"David Bowie",Fashion,collection
uk,absolute80s,"David Bowie","Let's Dance",collection
uk,absolute80s,"David Bowie","Modern Love",collection
uk,absolute80s,"David Bowie and Mick Jagger","Dancing In The Street",collection
uk,absolute80s,"De La Soul","Say No Go",wantlist
uk,absolute80s,DeBarge,"Rhythm Of The Night",collection
uk,absolute80s,"Deacon Blue","Chocolate Girl",wantlist
uk,absolute80s,"Deacon Blue",Dignity,wantlist
uk,absolute80s,"Deacon Blue","Fergus Sings The Blues",collection
uk,absolute80s,"Deacon Blue","Real Gone Kid",collection
uk,absolute80s,"Deacon Blue","Wages Day",wantlist
uk,absolute80s,"Dead Or Alive","You Spin Me Round",collection
uk,absolute80s,"Def Leppard",Animal,collection
uk,absolute80s,"Def Leppard",Hysteria,wantlist
uk,absolute80s,"Def Leppard","Pour Some Sugar On Me",collection
uk,absolute80s,"Depeche Mode","Everything Counts",wantlist
uk,absolute80s,"Depeche Mode","Just Can't Get Enough",collection
uk,absolute80s,"Depeche Mode","Master And Servant",collection
uk,absolute80s,"Depeche Mode","New Life",collection
uk,absolute80s,"Depeche Mode","People Are People",collection
uk,absolute80s,"Depeche Mode","Personal Jesus",wantlist
uk,absolute80s,"Dexys Midnight Runners","Come On Eileen",collection
uk,absolute80s,"Dexys Midnight Runners",Geno,collection
uk,absolute80s,"Dexys Midnight Runners","Jackie Wilson Said",collection
uk,absolute80s,"Diana Ross","I'm Coming Out",collection
uk,absolute80s,"Diana Ross","Upside Down",collection
uk,absolute80s,"Diana Ross and The Bee Gees","Chain Reaction",collection
uk,absolute80s,"Dire Straits","Money For Nothing",collection
uk,absolute80s,"Dire Straits","Romeo & Juliet",collection
uk,absolute80s,"Dire Straits","Walk Of Life",collection
uk,absolute80s,"Donna Summer","She Works Hard For The Money",collection
uk,absolute80s,Double,"Captain Of Her Heart",collection
uk,absolute80s,"Dr and The Medics","Spirit In The Sky",collection
uk,absolute80s,"Duran Duran","A View To A Kill",collection
uk,absolute80s,"Duran Duran","Girls On Film",collection
uk,absolute80s,"Duran Duran","Hungry Like The Wolf",collection
uk,absolute80s,"Duran Duran","Is There Something I Should Know",collection
uk,absolute80s,"Duran Duran","New Moon On Monday",wantlist
uk,absolute80s,"Duran Duran",Notorious,collection
uk,absolute80s,"Duran Duran","Planet Earth",collection
uk,absolute80s,"Duran Duran",Rio,collection
uk,absolute80s,"Duran Duran","Save A Prayer",collection
uk,absolute80s,"Duran Duran","Skin Trade",collection
uk,absolute80s,"Duran Duran","The Reflex",collection
uk,absolute80s,"Duran Duran","Union Of The Snake",collection
uk,absolute80s,"Duran Duran","Wild Boys",collection
uk,absolute80s,"Echo and The Bunnymen","People Are Strange",collection
uk,absolute80s,"Echo and The Bunnymen","The Cutter",collection
uk,absolute80s,"Echo and The Bunnymen","The Killing Moon",wantlist
uk,absolute80s,"Eddy Grant","Electric Ave",collection
uk,absolute80s,"Eddy Grant","Gimme Hope Jo'anna",collection
uk,absolute80s,"Eddy Grant","I Don't Wanna Dance",collection
uk,absolute80s,"Edie Brickell and The New Bohemians","What I Am",wantlist
uk,absolute80s,Electronic,"Getting Away With It",collection
uk,absolute80s,"Elkie Brooks","No More The Fool",collection
uk,absolute80s,Elo,"All Over The World",wantlist
uk,absolute80s,Elo,"Hold On Tight",collection
uk,absolute80s,"Elton John","I Guess That's Why They Call It The Blues",collection
uk,absolute80s,"Elton John","I'm Still Standing",collection
uk,absolute80s,"Elton John","Kiss The Bride",collection
uk,absolute80s,"Elton John","Sad Songs",collection
uk,absolute80s,Erasure,"A Little Respect",collection
uk,absolute80s,Erasure,Sometimes,collection
uk,absolute80s,Erasure,Stop,collection
uk,absolute80s,"Eric Carmen","Hungry Eyes",wantlist
uk,absolute80s,"Eric Clapton","Behind The Mask",collection
uk,absolute80s,Europe,"Final Countdown",collection
uk,absolute80s,Eurythmics,"Here Comes The Rain Again",collection
uk,absolute80s,Eurythmics,"It's Alright",collection
uk,absolute80s,Eurythmics,"Love Is A Stranger",collection
uk,absolute80s,Eurythmics,"Missionary Man",wantlist
uk,absolute80s,Eurythmics,"Sweet Dreams",collection
uk,absolute80s,Eurythmics,"There Must Be An Angel",collection
uk,absolute80s,Eurythmics,"Thorn In My Side",collection
uk,absolute80s,Eurythmics,"When Tomorrow Comes",wantlist
uk,absolute80s,Eurythmics,"Who's That Girl",collection
uk,absolute80s,Eurythmics,"Would I Lie To You?",collection
uk,absolute80s,"Eurythmics and Aretha Franklin","Sisters Are Doin' It For Themselves",collection
uk,absolute80s,"Fairground Attraction",Perfect,collection
uk,absolute80s,Falco,"Rock Me Amadeus",collection
uk,absolute80s,"Feargal Sharkey","A Good Heart",collection
uk,absolute80s,"Fiction Factory","Feels Like Heaven",collection
uk,absolute80s,"Fine Young Cannibals","Ever Fallen In Love",collection
uk,absolute80s,"Fine Young Cannibals","Good Thing",collection
uk,absolute80s,"Fine Young Cannibals","Johnny Come Home",collection
uk,absolute80s,"Fine Young Cannibals","She Drives Me Crazy",collection
uk,absolute80s,"Fine Young Cannibals","Suspicious Minds",collection
uk,absolute80s,"Fleetwood Mac","Big Love",collection
uk,absolute80s,"Fleetwood Mac",Everywhere,wantlist
uk,absolute80s,"Fleetwood Mac","Little Lies",collection
uk,absolute80s,Foreigner,"I Want To Know What Love Is",collection
uk,absolute80s,Foreigner,"Waiting For A Girl Like You",collection
uk,absolute80s,"Frankie Goes To Hollywood",Relax,collection
uk,absolute80s,"Frankie Goes To Hollywood","Two Tribes",collection
uk,absolute80s,"Frankie Goes To Hollywood","Welcome To The Pleasuredome",collection
uk,absolute80s,Freeez,I.O.U,collection
uk,absolute80s,"Fun Boy Three","Our Lips Are Sealed",collection
uk,absolute80s,Furniture,"Brilliant Mind",wantlist
uk,absolute80s,Genesis,"In Too Deep",collection
uk,absolute80s,Genesis,"Invisible Touch",collection
uk,absolute80s,Genesis,"Land Of Confusion",collection
uk,absolute80s,Genesis,"That's All",collection
uk,absolute80s,Genesis,"Turn It On Again",collection
uk,absolute80s,"George Harrison","Got My Mind Set On You",collection
uk,absolute80s,"George Michael","A Different Corner",collection
uk,absolute80s,"George Michael","Careless Whisper",collection
uk,absolute80s,"George Michael",Faith,collection
uk,absolute80s,"George Michael","Father Figure",collection
uk,absolute80s,"George Michael and Aretha Franklin","I knew You Were Waiting",collection
uk,absolute80s,"Georgia Satellites","Battleship Chains",wantlist
uk,absolute80s,"Gloria Estefan and Miami Sound Machine","Get On Your Feet",wantlist
uk,absolute80s,"Gloria Estefan and Miami Sound Machine","Rhythm Is Gonna Get You",wantlist
uk,absolute80s,"Go West","Call Me",collection
uk,absolute80s,"Go West","We Close Our Eyes",collection
uk,absolute80s,"Godley and Creme",Cry,wantlist
uk,absolute80s,"Grace Jones","Pull Up To The Bumper",collection
uk,absolute80s,"Grace Jones","Slave To The Rhythm",collection
uk,absolute80s,"Grandmaster Flash","The Message",wantlist
uk,absolute80s,"Guns N Roses","Paradise City",collection
uk,absolute80s,"Guns N Roses","Sweet Child O' Mine",collection
uk,absolute80s,"Guns N Roses","Welcome To The Jungle",collection
uk,absolute80s,"Haircut 100","Fantastic Day",collection
uk,absolute80s,"Haircut 100","Love Plus One",collection
uk,absolute80s,"Hall and Oates","I Can't Go For That",collection
uk,absolute80s,"Hall and Oates",Maneater,collection
uk,absolute80s,"Hall and Oates","Out Of Touch",wantlist
uk,absolute80s,"Harold Faltermeyer","Axel F",collection
uk,absolute80s,Heart,Alone,collection
uk,absolute80s,Heart,Never,wantlist
uk,absolute80s,Heart,"These Dreams",wantlist
uk,absolute80s,"Heaven 17",Temptation,collection
uk,absolute80s,"Herbie Hancock",Rockit,collection
uk,absolute80s,Hipsway,"The Honeythief",collection
uk,absolute80s,"Hot Chocolate","I Gave You My Heart",collection
uk,absolute80s,"Hot Chocolate","You Sexy Thing",collection
uk,absolute80s,"Hothouse Flowers","Don't Go",collection
uk,absolute80s,"Howard Jones","Like To Get To Know You Well",collection
uk,absolute80s,"Howard Jones","New Song",collection
uk,absolute80s,"Howard Jones","Pearl In The Shell",collection
uk,absolute80s,"Howard Jones","What Is Love",collection
uk,absolute80s,"Hue and Cry","Labour Of Love",collection
uk,absolute80s,"Huey Lewis and The News","Stuck With You",collection
uk,absolute80s,"Huey Lewis and The News","The Power Of Love",collection
uk,absolute80s,"Iggy Pop","Real Wild Child",collection
uk,absolute80s,Indeep,"Last Night A DJ Saved My Life",collection
uk,absolute80s,"Inner City","Ain't Nobody Better",wantlist
uk,absolute80s,"Inner City","Good Life",collection
uk,absolute80s,Inxs,"Devil Inside",wantlist
uk,absolute80s,Inxs,Mystify,collection
uk,absolute80s,Inxs,"Need You Tonight",collection
uk,absolute80s,Inxs,"New Sensation",collection
uk,absolute80s,"Inxs and Jimmy Barnes","Good Times",wantlist
uk,absolute80s,"Irene Cara",Fame,collection
uk,absolute80s,"Irene Cara","Flashdance... What A Feeling",collection
uk,absolute80s,"It Bites","Calling All The Heroes",collection
uk,absolute80s,"It's Immaterial","Driving Away From Home",collection
uk,absolute80s,"J Geils Band",Centrefold,collection
uk,absolute80s,"James Brown","Living In America",collection
uk,absolute80s,"Jan Hammer","Crockett's Theme",collection
uk,absolute80s,"Jane Wiedlin","Rush Hour",wantlist
uk,absolute80s,"Janet Jackson","Rhythm Nation",wantlist
uk,absolute80s,"Janet Jackson","What Have You Done For Me Lately",collection
uk,absolute80s,"Janet Jackson","When I Think Of You",collection
uk,absolute80s,Japan,"I Second That Emotion",collection
uk,absolute80s,"Jermaine Stewart","We Don't Have To Take Our Clothes Off",collection
uk,absolute80s,"Joan Armatrading","Drop The Pilot",collection
uk,absolute80s,"Joan Jett","I Love Rock And Roll",collection
uk,absolute80s,"Joe Jackson","It's Different For Girls",collection
uk,absolute80s,"Joe Jackson","Steppin' Out",collection
uk,absolute80s,"John Farnham","You're The Voice",collection
uk,absolute80s,"John Lennon","Nobody Told Me",wantlist
uk,absolute80s,"John Lennon",Woman,collection
uk,absolute80s,"John Mellencamp","Jack And Diane",collection
uk,absolute80s,"John Parr","St Elmo's Fire",collection
uk,absolute80s,"John Waite","Missing You",collection
uk,absolute80s,"Johnny Hates Jazz","Shattered Dreams",collection
uk,absolute80s,"Jona Lewie","You'll Always Find Me In The Kitchen At Parties",wantlist
uk,absolute80s,Journey,"Don't Stop Believin'",wantlist
uk,absolute80s,"Joy Division","Love Will Tear Us Apart",collection
uk,absolute80s,"Julian Cope",Trampolene,collection
uk,absolute80s,"Julian Lennon","Too Late For Goodbyes",collection
uk,absolute80s,Kajagoogoo,"Too Shy",collection
uk,absolute80s,"Kate Bush",Babooshka,collection
uk,absolute80s,"Kate Bush",Cloudbusting,wantlist
uk,absolute80s,"Kate Bush","Hounds Of Love",collection
uk,absolute80s,"Kate Bush","Running Up That Hill",collection
uk,absolute80s,"Kc and The Sunshine Band","Give It Up",collection
uk,absolute80s,"Kenny Loggins","Danger Zone",collection
uk,absolute80s,"Kenny Loggins",Footloose,collection
uk,absolute80s,"Kid Creole & The Coconuts","I'm A Wonderful Thing Baby",collection
uk,absolute80s,"Kim Carnes","Bette Davis Eyes",collection
uk,absolute80s,"Kim Wilde","Chequered Love",collection
uk,absolute80s,"Kim Wilde","Kids In America",collection
uk,absolute80s,"Kim Wilde","You Came",collection
uk,absolute80s,"Kim Wilde","You Keep Me Hanging' On",collection
uk,absolute80s,King,"Love & Pride",collection
uk,absolute80s,"Kirsty MacColl","A New England",collection
uk,absolute80s,"Kirsty MacColl","There's A Guy Works Down The Chip Shop",collection
uk,absolute80s,"Kirsty MacColl","They Don't Know",collection
uk,absolute80s,Kiss,"Crazy Crazy Nights",collection
uk,absolute80s,Kraftwerk,"The Model",collection
uk,absolute80s,Landscape,"Einstein A Go Go",collection
uk,absolute80s,"Laura Branigan",Gloria,wantlist
uk,absolute80s,"Laura Branigan","Self Control",collection
uk,absolute80s,"Level 42","Lessons In Love",collection
uk,absolute80s,"Level 42","Running In The Family",collection
uk,absolute80s,"Level 42","Something About You",collection
uk,absolute80s,"Level 42","The Sun Goes Down",collection
uk,absolute80s,Limahl,"Never Ending Story",collection
uk,absolute80s,"Lionel Richie","All Night Long",collection
uk,absolute80s,"Lionel Richie","Dancin' On The Ceiling",collection
uk,absolute80s,"Lisa Stansfield","All Around The World",collection
uk,absolute80s,"Living In A Box","Living In A Box",collection
uk,absolute80s,"Lloyd Cole","Lost Weekend",collection
uk,absolute80s,"Lloyd Cole","Perfect Skin",wantlist
uk,absolute80s,"London Boys","Harlem Desire",collection
uk,absolute80s,"Los Lobos","La Bamba",collection
uk,absolute80s,"Luther Vandross","Never Too Much",wantlist
uk,absolute80s,M,"Pop Muzik",collection
uk,absolute80s,Madness,"Baggy Trousers",collection
uk,absolute80s,Madness,EMBARASSMENT,collection
uk,absolute80s,Madness,"House Of Fun",collection
uk,absolute80s,Madness,"It Must Be Love",wantlist
uk,absolute80s,Madness,"Michael Caine",collection
uk,absolute80s,Madness,"My Girl",collection
uk,absolute80s,Madness,"One Step Beyond",collection
uk,absolute80s,Madness,"Our House",wantlist
uk,absolute80s,Madness,"The Sun And The Rain",wantlist
uk,absolute80s,Madness,"Wings Of A Dove",collection
uk,absolute80s,Madonna,Borderline,collection
uk,absolute80s,Madonna,Cherish,wantlist
uk,absolute80s,Madonna,"Crazy For You",collection
uk,absolute80s,Madonna,"Dress You Up",wantlist
uk,absolute80s,Madonna,"Express Yourself",collection
uk,absolute80s,Madonna,Holiday,collection
uk,absolute80s,Madonna,"Into The Groove",collection
uk,absolute80s,Madonna,"La Isla Bonita",collection
uk,absolute80s,Madonna,"Like A Prayer",collection
uk,absolute80s,Madonna,"Like A Virgin",collection
uk,absolute80s,Madonna,"Live To Tell",collection
uk,absolute80s,Madonna,"Lucky Star",wantlist
uk,absolute80s,Madonna,"Material Girl",collection
uk,absolute80s,Madonna,"Open Your Heart",wantlist
uk,absolute80s,Madonna,"Papa Don't Preach",collection
uk,absolute80s,Madonna,"True Blue",collection
uk,absolute80s,Marillion,Kayleigh,collection
uk,absolute80s,Marrs,"Pump Up The Volume",collection
uk,absolute80s,"Martha and The Muffins","Echo Beach",collection
uk,absolute80s,Martika,"Toy Soldiers",collection
uk,absolute80s,"Matt Bianco","Get Out Of Your Lazy Bed",wantlist
uk,absolute80s,"Matthew Wilder","Break My Stride",wantlist
uk,absolute80s,"Meat Loaf and Cher","Dead Ringer For Love",collection
uk,absolute80s,"Mel and Kim",F.l.m.,collection
uk,absolute80s,"Mel and Kim",Respectable,collection
uk,absolute80s,"Mel and Kim","Showing Out",collection
uk,absolute80s,"Men At Work","Down Under",collection
uk,absolute80s,"Men Without Hats","Safety Dance",collection
uk,absolute80s,"Mental As Anything","Live It Up",collection
uk,absolute80s,"Miami Sound Machine and Gloria Estefan","Dr. Beat",collection
uk,absolute80s,"Michael Jackson",Bad,collection
uk,absolute80s,"Michael Jackson","Beat It",collection
uk,absolute80s,"Michael Jackson","Billie Jean",wantlist
uk,absolute80s,"Michael Jackson","Rock With You",collection
uk,absolute80s,"Michael Jackson","Smooth Criminal",collection
uk,absolute80s,"Michael Jackson","Wanna Be Startin' Somethin'",collection
uk,absolute80s,"Michael McDonald","Sweet Freedom",collection
uk,absolute80s,"Michael Sembello",Maniac,collection
uk,absolute80s,"Midge Ure","If I Was",collection
uk,absolute80s,"Midnight Oil","Beds Are Burning",wantlist
uk,absolute80s,"Mike Oldfield","Moonlight Shadow",collection
uk,absolute80s,"Mike and the Mechanics","All I Need Is A Miracle",wantlist
uk,absolute80s,"Mike and the Mechanics","Silent Running",collection
uk,absolute80s,"Mike and the Mechanics","The Living Years",collection
uk,absolute80s,Morrissey,Suedehead,collection
uk,absolute80s,Morrissey,"The Last Of The Famous International Playboys",collection
uk,absolute80s,"Mr Mister","Broken Wings",collection
uk,absolute80s,"Mr Mister",Kyrie,wantlist
uk,absolute80s,"Musical Youth","Pass The Duchie",collection
uk,absolute80s,Nena,"99 Red Balloons",collection
uk,absolute80s,"Neneh Cherry","Buffalo Stance",collection
uk,absolute80s,"Neneh Cherry",Manchild,collection
uk,absolute80s,"New Order","Bizarre Love Triangle",wantlist
uk,absolute80s,"New Order","Blue Monday",collection
uk,absolute80s,"New Order","True Faith",collection
uk,absolute80s,"Nik Kershaw","I Won't Let The Sun Go Down On Me",collection
uk,absolute80s,"Nik Kershaw","The Riddle",collection
uk,absolute80s,"Nik Kershaw","Wouldn't It Be Good",collection
uk,absolute80s,Odyssey,"Going Back To My Roots",collection
uk,absolute80s,"Olivia Newton John",Landslide,wantlist
uk,absolute80s,"Olivia Newton John",Physical,collection
uk,absolute80s,Omd,"Enola Gay",collection
uk,absolute80s,Omd,"Forever Live And Die",wantlist
uk,absolute80s,Omd,Messages,collection
uk,absolute80s,"Orange Juice","Rip It Up",collection
uk,absolute80s,"Owen Paul","My Favourite Waste Of Time",collection
uk,absolute80s,"Pat Benatar","Hit Me With Your Best Shot",wantlist
uk,absolute80s,"Pat Benatar","Love Is A Battlefield",wantlist
uk,absolute80s,"Pat Benatar","We Belong",collection
uk,absolute80s,"Paul Hardcastle",19,collection
uk,absolute80s,"Paul McCartney","Coming Up",collection
uk,absolute80s,"Paul McCartney and Stevie Wonder","Say Say Say",collection
uk,absolute80s,"Paul Simon","Boy In The Bubble",wantlist
uk,absolute80s,"Paul Simon","You Can Call Me Al",collection
uk,absolute80s,"Paul Young","Come Back And Stay",collection
uk,absolute80s,"Paul Young","Everytime You Go Away",collection
uk,absolute80s,"Paul Young","Love Of The Common People",collection
uk,absolute80s,"Paul Young","Wherever I Lay My Hat",collection
uk,absolute80s,"Pet Shop Boys","Always On My Mind",collection
uk,absolute80s,"Pet Shop Boys","Domino Dancing",collection
uk,absolute80s,"Pet Shop Boys",Heart,collection
uk,absolute80s,"Pet Shop Boys","It's A Sin",collection
uk,absolute80s,"Pet Shop Boys","It's Alright",collection
uk,absolute80s,"Pet Shop Boys","Left To My Own Devices",collection
uk,absolute80s,"Pet Shop Boys",Opportunites,collection
uk,absolute80s,"Pet Shop Boys",Rent,collection
uk,absolute80s,"Pet Shop Boys",Suburbia,collection
uk,absolute80s,"Pet Shop Boys","West End Girls",collection
uk,absolute80s,"Pet Shop Boys and Dusty Springfield","WHAT HAVE I DONE TO DESERVE THIS?",collection
uk,absolute80s,"Peter Cetera","The Glory Of Love",collection
uk,absolute80s,"Peter Gabriel","Big Time",collection
uk,absolute80s,"Peter Gabriel","Games Without Frontiers",collection
uk,absolute80s,"Peter Gabriel",Sledgehammer,collection
uk,absolute80s,"Peter Gabriel and Kate Bush","Don't Give Up",collection
uk,absolute80s,"Phil Collins","Another Day In Paradise",collection
uk,absolute80s,"Phil Collins","I Missed Again",collection
uk,absolute80s,"Phil Collins","In the Air Tonight",collection
uk,absolute80s,"Phil Collins","Something Happened On The Way To Heaven",collection
uk,absolute80s,"Phil Collins",Sussudio,collection
uk,absolute80s,"Phil Collins","Take Me Home",collection
uk,absolute80s,"Phil Collins","Two Hearts",collection
uk,absolute80s,"Phil Collins","You Can't Hurry Love",collection
uk,absolute80s,"Philip Bailey and Phil Collins","Easy Lover",collection
uk,absolute80s,"Philip Oakey and Giorgio Moroder (Human League)","Together In Electric Dreams",collection
uk,absolute80s,"Pointer Sisters",Automatic,collection
uk,absolute80s,"Pointer Sisters","I'm So Excited",collection
uk,absolute80s,"Pointer Sisters",Jump,collection
uk,absolute80s,"Pointer Sisters","Neutron Dance",wantlist
uk,absolute80s,Poison,"Every Rose Has Its Thorn",wantlist
uk,absolute80s,"Power Station and Robert Palmer","Some Like It Hot",collection
uk,absolute80s,"Prefab Sprout","Cars And Girls",wantlist
uk,absolute80s,"Prefab Sprout","King Of Rock N Roll",collection
uk,absolute80s,Prince,1999,wantlist
uk,absolute80s,Prince,"Alphabet Street",collection
uk,absolute80s,Prince,Kiss,collection
uk,absolute80s,Prince,"Let's Go Crazy",wantlist
uk,absolute80s,Prince,"Little Red Corvette",collection
uk,absolute80s,Prince,"Purple Rain",collection
uk,absolute80s,Prince,"Raspberry Beret",collection
uk,absolute80s,Prince,"Sign O' The Times",collection
uk,absolute80s,Prince,"U Got The Look",collection
uk,absolute80s,Prince,"When Doves Cry",collection
uk,absolute80s,Propaganda,Duel,collection
uk,absolute80s,Queen,"A Kind Of Magic",collection
uk,absolute80s,Queen,Breakthru,collection
uk,absolute80s,Queen,"Hammer To Fall",wantlist
uk,absolute80s,Queen,"I Want It All",collection
uk,absolute80s,Queen,"I Want To Break Free",collection
uk,absolute80s,Queen,"It's A Hard Life",wantlist
uk,absolute80s,Queen,"One Vision",wantlist
uk,absolute80s,Queen,"Radio Gaga",collection
uk,absolute80s,"Queen and David Bowie","Under Pressure",collection
uk,absolute80s,R.E.M,"Orange Crush",collection
uk,absolute80s,R.E.M,Stand.,wantlist
uk,absolute80s,R.E.M,"The One I Love",collection
uk,absolute80s,"REO Speedwagon","Can't Fight This Feeling",wantlist
uk,absolute80s,"REO Speedwagon","Keep On Loving You",collection
uk,absolute80s,Ramones,"Baby I Love You",wantlist
uk,absolute80s,"Ray Parker Jr.",Ghostbusters,collection
uk,absolute80s,"Rebel MC","Street Tuff",wantlist
uk,absolute80s,"Regents The","7 Teen",collection
uk,absolute80s,"Richard Marx","Right Here Waiting",collection
uk,absolute80s,"Rick Astley","Never Gonna Give You Up",collection
uk,absolute80s,"Rick Astley","Together Forever",collection
uk,absolute80s,"Rick James",Superfreak,wantlist
uk,absolute80s,Roachford,"Cuddly Toy",collection
uk,absolute80s,"Robbie Nevil","C'est La Vie",collection
uk,absolute80s,"Robert Palmer","Addicted To Love",collection
uk,absolute80s,"Robert Palmer","Johnny & Mary",wantlist
uk,absolute80s,"Robert Palmer","Simply Irresistible",wantlist
uk,absolute80s,"Rockwell and Michael Jackson","Somebody's Watching Me",collection
uk,absolute80s,"Rod Stewart","Baby Jane",collection
uk,absolute80s,"Rod Stewart","Young Turks",collection
uk,absolute80s,Roxette,"Dressed For Success",wantlist
uk,absolute80s,Roxette,"Listen To Your Heart",collection
uk,absolute80s,Roxette,"The Look",collection
uk,absolute80s,"Roxy Music","Jealous Guy",collection
uk,absolute80s,"Roxy Music","More Than This",collection
uk,absolute80s,"Roxy Music","Oh Yeah",collection
uk,absolute80s,"Roxy Music","Same Old Scene",collection
uk,absolute80s,"Roy Orbison","You Got It",collection
uk,absolute80s,"Rufus and Chaka Khan","Ain't Nobody",collection
uk,absolute80s,"S Express","Theme From S'express",collection
uk,absolute80s,Sade,"Smooth Operator",collection
uk,absolute80s,Sade,"Your Love Is King",collection
uk,absolute80s,"Salt N Pepa","Push It",collection
uk,absolute80s,"Sam Brown",Stop,collection
uk,absolute80s,"Sarah Brightman","All I Ask Of You",collection
uk,absolute80s,"Scritti Politti",Absolute,collection
uk,absolute80s,"Scritti Politti","The Word Girl",collection
uk,absolute80s,"Scritti Politti",Woodbeez,collection
uk,absolute80s,"Shakin' Stevens","This Ole' House",collection
uk,absolute80s,Shannon,"Let The Music Play",collection
uk,absolute80s,"Simple Minds","Alive And Kicking",collection
uk,absolute80s,"Simple Minds","All The Things She Said",collection
uk,absolute80s,"Simple Minds","Don't You Forget About Me",collection
uk,absolute80s,"Simple Minds","Glittering Prize",collection
uk,absolute80s,"Simple Minds","Promised You A Miracle",collection
uk,absolute80s,"Simple Minds","Sanctify Yourself",collection
uk,absolute80s,"Simple Minds","Sweat In Bullet",wantlist
uk,absolute80s,"Simple Minds","Up On The Catwalk",wantlist
uk,absolute80s,"Simple Minds",Waterfront,collection
uk,absolute80s,"Simply Red","A New Flame",wantlist
uk,absolute80s,"Simply Red","Holding Back The Years",collection
uk,absolute80s,"Simply Red","Money's Too Tight",collection
uk,absolute80s,"Siouxsie and The Banshees","Dear Prudence.",collection
uk,absolute80s,Slade,"Run Run Away",collection
uk,absolute80s,"Sly Fox","Let's Go All The Way",collection
uk,absolute80s,"Soft Cell","Say Hello, Wave Goodbye",collection
uk,absolute80s,"Soft Cell","Tainted Love",collection
uk,absolute80s,"Soft Cell",Torch,collection
uk,absolute80s,"Soul II Soul","Back To Life",collection
uk,absolute80s,"Soul II Soul","Keep On Moving",wantlist
uk,absolute80s,"Spandau Ballet","Chant No. 1",collection
uk,absolute80s,"Spandau Ballet",Gold,collection
uk,absolute80s,"Spandau Ballet","Through The Barricades",collection
uk,absolute80s,"Spandau Ballet","To Cut A Long Story Short",collection
uk,absolute80s,"Split Enz","I Got You",collection
uk,absolute80s,Squeeze,"Another Nail In My Heart",collection
uk,absolute80s,Squeeze,Hourglass,wantlist
uk,absolute80s,Squeeze,"Pulling Mussels",collection
uk,absolute80s,Squeeze,Tempted,wantlist
uk,absolute80s,Starship,"Nothing's Gonna Stop Us Now",collection
uk,absolute80s,Starship,"We Built This City",collection
uk,absolute80s,"Stephen Tin Tin Duffy","Kiss Me",collection
uk,absolute80s,"Steve 'Silk' Hurley","Jack Your Body",collection
uk,absolute80s,"Steve Miller Band",Abracadabra,collection
uk,absolute80s,"Steve Winwood","Higher Love",collection
uk,absolute80s,"Steve Winwood",Valerie,wantlist
uk,absolute80s,"Stevie Nicks","Rooms On Fire",wantlist
uk,absolute80s,"Stevie Wonder",Masterblaster,collection
uk,absolute80s,"Stevie Wonder","Part Time Lover",collection
uk,absolute80s,Sting,"Englishman In New York",collection
uk,absolute80s,"Strawberry Switchblade","Since Yesterday",collection
uk,absolute80s,"Stray Cats","Runaway Boys",collection
uk,absolute80s,Survivor,"Burning Heart",collection
uk,absolute80s,Survivor,"Eye Of The Tiger",collection
uk,absolute80s,"Suzanne Vega",Luka,wantlist
uk,absolute80s,"Swing Out Sister",Breakout,collection
uk,absolute80s,"T'Pau","China In Your Hand",collection
uk,absolute80s,"T'Pau","Heart And Soul",collection
uk,absolute80s,"Talk Talk","It's My Life",wantlist
uk,absolute80s,"Talk Talk","Life's What You Make It",collection
uk,absolute80s,"Talk Talk","Talk Talk",collection
uk,absolute80s,"Talk Talk",Today,wantlist
uk,absolute80s,"Talking Heads","And She Was",collection
uk,absolute80s,"Talking Heads","Burning Down The House",wantlist
uk,absolute80s,"Talking Heads","Once In A Lifetime",wantlist
uk,absolute80s,"Talking Heads","Road To Nowhere",collection
uk,absolute80s,"Tears For Fears",Change,collection
uk,absolute80s,"Tears For Fears","Everybody Wants To Rule The World.",collection
uk,absolute80s,"Tears For Fears","Head Over Heels",wantlist
uk,absolute80s,"Tears For Fears","Mad World",collection
uk,absolute80s,"Tears For Fears","Pale Shelter",wantlist
uk,absolute80s,"Tears For Fears",Shout,collection
uk,absolute80s,"Tears For Fears","Sowing The Seeds Of Love",collection
uk,absolute80s,"Tears For Fears","Woman In Chains",wantlist
uk,absolute80s,Technotronic,"Pump Up The Jam",collection
uk,absolute80s,"Tenpole Tudor","Swords Of A Thousand Men",collection
uk,absolute80s,"Terence Trent D'Arby","Dance Little Sister",wantlist
uk,absolute80s,"Terence Trent D'Arby","If You Let Me Stay",collection
uk,absolute80s,"Terence Trent D'Arby","Sign Your Name",collection
uk,absolute80s,"Terence Trent D'Arby","Wishing Well",collection
uk,absolute80s,Texas,"I Don't Want A Lover",collection
uk,absolute80s,"The B52s","Love Shack",collection
uk,absolute80s,"The Bangles","Eternal Flame",collection
uk,absolute80s,"The Bangles","Hazy Shade Of Winter",collection
uk,absolute80s,"The Bangles","If She Knew What She Wants",wantlist
uk,absolute80s,"The Bangles","Manic Monday",collection
uk,absolute80s,"The Bangles","Walk Like An Egyptian",collection
uk,absolute80s,"The Beat","Mirror In The Bathroom",collection
uk,absolute80s,"The Beat","Tears Of A Clown",wantlist
uk,absolute80s,"The Beautiful South","Song For Whoever",collection
uk,absolute80s,"The Beautiful South","You Keep It All In",collection
uk,absolute80s,"The Blow Monkeys","Digging Your Scene",collection
uk,absolute80s,"The Blow Monkeys","It Doesn't Have To Be This Way",collection
uk,absolute80s,"The Bluebells","Young At Heart",collection
uk,absolute80s,"The Blues Brothers","Everybody Needs Somebody To Love",collection
uk,absolute80s,"The Cars",Drive,collection
uk,absolute80s,"The Christians","Forgotten Town",collection
uk,absolute80s,"The Christians","Harvest For The World",collection
uk,absolute80s,"The Clash","Rock The Casbah",collection
uk,absolute80s,"The Clash","Should I Stay Or Should I Go",wantlist
uk,absolute80s,"The Colourfield","Thinking Of You",collection
uk,absolute80s,"The Communards","Don't Leave Me This Way",collection
uk,absolute80s,"The Communards","Never Can Say Goodbye",collection
uk,absolute80s,"The Communards","You Are My World",collection
uk,absolute80s,"The Cult","She Sells Sanctuary",collection
uk,absolute80s,"The Cure","Close To Me",wantlist
uk,absolute80s,"The Cure","In Between Days",wantlist
uk,absolute80s,"The Cure","Just Like Heaven",wantlist
uk,absolute80s,"The Cure",Lovesong,collection
uk,absolute80s,"The Cure","The Love Cats",collection
uk,absolute80s,"The Damned",Eloise,collection
uk,absolute80s,"The Dream Academy","Life In A Northern Town",wantlist
uk,absolute80s,"The Hooters",Satellite,collection
uk,absolute80s,"The Housemartins","Happy Hour",collection
uk,absolute80s,"The Housemartins",Sheep,wantlist
uk,absolute80s,"The Housemartins","Think For A Minute",wantlist
uk,absolute80s,"The Human League","Don't You Want Me",collection
uk,absolute80s,"The Human League",Human,collection
uk,absolute80s,"The Human League","Keep Feeling Fascination",collection
uk,absolute80s,"The Human League","Love Action",collection
uk,absolute80s,"The Human League","Mirror Man",collection
uk,absolute80s,"The Human League","Open Your Heart",collection
uk,absolute80s,"The Human League","Sound Of The Crowd",collection
uk,absolute80s,"The Jam","Absolute Beginners",collection
uk,absolute80s,"The Jam","Beat Surrender",collection
uk,absolute80s,"The Jam","Going Underground",collection
uk,absolute80s,"The Jam",Start,collection
uk,absolute80s,"The Jam","That's Entertainment",collection
uk,absolute80s,"The Jam","The Bitterest Pill",collection
uk,absolute80s,"The Jam","Town Called Malice",collection
uk,absolute80s,"The Korgis","Everybody's Got To Learn Sometime",collection
uk,absolute80s,"The Lightning Seeds",Pure,wantlist
uk,absolute80s,"The Mighty Wah!","The Story Of The Blues",collection
uk,absolute80s,"The Passions","I'm In Love With A German Film Star",collection
uk,absolute80s,"The Police","Don't Stand So Close To Me",collection
uk,absolute80s,"The Police","Every Breath You Take",collection
uk,absolute80s,"The Police","Every Little Thing She Does Is Magic",collection
uk,absolute80s,"The Police","So Lonely",wantlist
uk,absolute80s,"The Police","Spirits In The Material World",collection
uk,absolute80s,"The Pretenders","Back On The Chain Gang",collection
uk,absolute80s,"The Pretenders","Brass In Pocket",collection
uk,absolute80s,"The Pretenders","Don't Get Me Wrong",wantlist
uk,absolute80s,"The Pretenders","I Go To Sleep",collection
uk,absolute80s,"The Pretenders","Talk Of The Town",collection
uk,absolute80s,"The Primitives",Crash,collection
uk,absolute80s,"The Proclaimers","I'm Gonna Be",wantlist
uk,absolute80s,"The Proclaimers","Letter From America",collection
uk,absolute80s,"The Psychedelic Furs","Pretty In Pink",wantlist
uk,absolute80s,"The Rolling Stones","Start Me Up",collection
uk,absolute80s,"The Rolling Stones","Undercover Of The Night",collection
uk,absolute80s,"The Smiths",Ask,wantlist
uk,absolute80s,"The Smiths","Big Mouth Strikes Again",collection
uk,absolute80s,"The Smiths","Heaven Knows I'm Miserable Now",wantlist
uk,absolute80s,"The Smiths","How Soon Is Now?",wantlist
uk,absolute80s,"The Smiths",Panic,collection
uk,absolute80s,"The Smiths","Shoplifters Of The World Unite",collection
uk,absolute80s,"The Smiths","This Charming Man",wantlist
uk,absolute80s,"The Smiths","What Difference Does It Make",wantlist
uk,absolute80s,"The Smiths","William, It Was Really Nothing",wantlist
uk,absolute80s,"The Specials","FREE NELSON MANDELA",collection
uk,absolute80s,"The Specials","Ghost Town",wantlist
uk,absolute80s,"The Specials","Too Much Too Young",wantlist
uk,absolute80s,"The Stone Roses","Fools Gold",wantlist
uk,absolute80s,"The Stone Roses","What The World Is Waiting For",wantlist
uk,absolute80s,"The Stranglers","Golden Brown",collection
uk,absolute80s,"The Stranglers","Skin Deep",wantlist
uk,absolute80s,"The Stranglers","Strange Little Girl",collection
uk,absolute80s,"The Style Council","A Solid Bond In Your Heart",collection
uk,absolute80s,"The Style Council","It Didn't Matter",wantlist
uk,absolute80s,"The Style Council","My Ever Changing Moods",collection
uk,absolute80s,"The Style Council","Shout To The Top",collection
uk,absolute80s,"The Style Council","Speak Like A Child",collection
uk,absolute80s,"The Style Council","Walls Come Tumbling Down",collection
uk,absolute80s,"The Style Council","You're The Best Thing",wantlist
uk,absolute80s,"The Teardrop Explodes",Reward,collection
uk,absolute80s,"The Traveling Wilburys","Handle With Care",wantlist
uk,absolute80s,"The Undertones","My Perfect Cousin",collection
uk,absolute80s,"The Waterboys","Whole Of The Moon",collection
uk,absolute80s,"Then Jerico","Big Area",collection
uk,absolute80s,"Then Jerico","The Motive",collection
uk,absolute80s,"Thomas Dolby",Hyperactive,wantlist
uk,absolute80s,"Thompson Twins","Doctor Doctor",collection
uk,absolute80s,"Thompson Twins","Hold Me Now",collection
uk,absolute80s,"Thompson Twins","Love On Your Side",collection
uk,absolute80s,"Throwing Muses",Dizzy,wantlist
uk,absolute80s,Tiffany,"I Think We're Alone Now",collection
uk,absolute80s,"Timbuk 3","The Future's So Bright, I Gotta Wear Shades",collection
uk,absolute80s,"Tina Turner","Let's Stay Together",collection
uk,absolute80s,"Tina Turner","The Best",collection
uk,absolute80s,"Tina Turner","We Don't Need Another Hero",collection
uk,absolute80s,"Tina Turner","What's Love Got To Do With It",collection
uk,absolute80s,"Tom Petty","Free Falling",wantlist
uk,absolute80s,"Tom Petty","I Won't Back Down",wantlist
uk,absolute80s,"Toni Basil",Mickey,collection
uk,absolute80s,Toto,Africa,collection
uk,absolute80s,Toto,Rosanna,collection
uk,absolute80s,Toyah,"It's A Mystery",collection
uk,absolute80s,"Tracy Chapman","Baby Can I Hold You",wantlist
uk,absolute80s,"Tracy Chapman","Fast Car",collection
uk,absolute80s,"Tracy Chapman","Talkin' 'bout A Revolution",wantlist
uk,absolute80s,"Transvision Vamp","Baby I Don't Care",collection
uk,absolute80s,"Transvision Vamp","I Want Your Love",collection
uk,absolute80s,U2,"Angel Of Harlem",collection
uk,absolute80s,U2,Desire,collection
uk,absolute80s,U2,"I Still Haven't Found What I'm Looking For",collection
uk,absolute80s,U2,"New Year's Day",collection
uk,absolute80s,U2,Pride,collection
uk,absolute80s,U2,"The Unforgettable Fire",collection
uk,absolute80s,U2,"Two Hearts Beat As One",collection
uk,absolute80s,U2,"When Love Comes To Town",collection
uk,absolute80s,U2,"Where The Streets Have No Name",collection
uk,absolute80s,U2,"With Or Without You",collection
uk,absolute80s,"UB40 and Chrissie Hynde","I Got You Babe",collection
uk,absolute80s,Ub40,"Don't Break My Heart",collection
uk,absolute80s,Ub40,"Food For Thought",collection
uk,absolute80s,Ub40,"If It Happens Again",collection
uk,absolute80s,Ub40,"Rat In Mi Kitchen",collection
uk,absolute80s,Ub40,"Red Red Wine",collection
uk,absolute80s,Ultravox,"Dancing With Tears In My Eyes",collection
uk,absolute80s,Ultravox,Vienna,collection
uk,absolute80s,"Van Halen",Jump,collection
uk,absolute80s,"Van Halen","Why Can't This Be Love",collection
uk,absolute80s,Visage,"Fade To Grey",collection
uk,absolute80s,"Voice Of The Beehive","Don't Call Me Baby",collection
uk,absolute80s,"Wang Chung","Dance Hall Days",collection
uk,absolute80s,"Was Not Was","Walk The Dinosaur",collection
uk,absolute80s,Wax,"Bridge To Your Heart",collection
uk,absolute80s,"Wet Wet Wet","Sweet Little Mystery",collection
uk,absolute80s,"Wet Wet Wet","Wishing I Was Lucky",collection
uk,absolute80s,Wham!,"Bad Boys",collection
uk,absolute80s,Wham!,"Club Tropicana",collection
uk,absolute80s,Wham!,"Edge Of Heaven",collection
uk,absolute80s,Wham!,"Everything She Wants",collection
uk,absolute80s,Wham!,Freedom,collection
uk,absolute80s,Wham!,"I'm Your Man",collection
uk,absolute80s,Wham!,"Wake Me Up Before You Go Go",collection
uk,absolute80s,Wham!,"Wham Rap",collection
uk,absolute80s,Wham!,"Young Guns",collection
uk,absolute80s,Whitesnake,"Here I Go Again",collection
uk,absolute80s,Whitesnake,"Is This Love",wantlist
uk,absolute80s,"Whitney Houston","How Will I Know",collection
uk,absolute80s,"Whitney Houston","I Wanna Dance With Somebody",collection
uk,absolute80s,"Whitney Houston","So Emotional",wantlist
uk,absolute80s,"Womack and Womack",Teardrops,collection
uk,absolute80s,Yazoo,"Don't Go",collection
uk,absolute80s,Yazoo,"Nobody's Diary",collection
uk,absolute80s,Yazoo,"Only You",collection
uk,absolute80s,Yazoo,Situation,wantlist
uk,absolute80s,"Yazz and The Plastic Population","The Only Way Is Up",collection
uk,absolute80s,Yello,"The Race",collection
uk,absolute80s,Yes,"Owner Of A Lonely Heart",collection
uk,absolute80s,"ZZ Top","Gimme All Your Lovin'",collection
uk,absolute80s,"ZZ Top",Legs,wantlist
uk,absolute90s,"808 state","Pacific State",collection
uk,absolute90s,"Ace Of Base","All That She Wants",collection
uk,absolute90s,"Adamski and Seal",Killer,collection
uk,absolute90s,"All Saints","Never Ever",wantlist
uk,absolute90s,"Arctic Monkeys","I Bet You Look Good On The Dancefloor",wantlist
uk,absolute90s,Babybird,"You're Gorgeous",wantlist
uk,absolute90s,"Bass O Matic","Fascinating Rhythm",collection
uk,absolute90s,"Beats International","Dub Be Good To Me",collection
uk,absolute90s,"Belinda Carlisle","We Want The Same Thing",collection
uk,absolute90s,Blondie,Maria,wantlist
uk,absolute90s,"Blue Pearl","Naked In The Rain",collection
uk,absolute90s,Blur,"Girls And Boys",wantlist
uk,absolute90s,Blur,Parklife,wantlist
uk,absolute90s,Blur,"Song 2",wantlist
uk,absolute90s,"Bruce Springsteen","Streets Of Philadelphia",wantlist
uk,absolute90s,"Bryan Adams","Can't Stop This Thing",collection
uk,absolute90s,"C and C Music Factory","Things That Make You Go Hmmm",collection
uk,absolute90s,"Chris Isaak","Wicked Game",collection
uk,absolute90s,Chumbawamba,Tubthumping,wantlist
uk,absolute90s,Cornershop,"Brimful Of Asha",wantlist
uk,absolute90s,Corona,"The Rhythm Of The Night",wantlist
uk,absolute90s,"Crystal Waters","Gypsy Woman",collection
uk,absolute90s,"De La Soul","Say No Go",wantlist
uk,absolute90s,"De La Soul","The Magic Number",collection
uk,absolute90s,Dee-Lite,"Groove Is In The Heart",collection
uk,absolute90s,"Depeche Mode","Enjoy The Silence",collection
uk,absolute90s,"Depeche Mode","I Feel You",collection
uk,absolute90s,"Depeche Mode","Personal Jesus",wantlist
uk,absolute90s,"Depeche Mode","Policy Of Truth",collection
uk,absolute90s,"Echo and The Bunnymen","Nothing Lasts Forever",wantlist
uk,absolute90s,"Echo and The Bunnymen","The Back Of Love",wantlist
uk,absolute90s,Electronic,"Getting Away With It",collection
uk,absolute90s,Emf,"I Believe",collection
uk,absolute90s,Emf,Unbelievable,collection
uk,absolute90s,"Faith No More",Epic,wantlist
uk,absolute90s,"Faith No More","From Out Of Nowhere",wantlist
uk,absolute90s,Garbage,"I Think I'm Paranoid",wantlist
uk,absolute90s,Garbage,Milk,wantlist
uk,absolute90s,Garbage,"Only Happy When It Rains",wantlist
uk,absolute90s,Garbage,Queer,wantlist
uk,absolute90s,Garbage,"Stupid Girl",wantlist
uk,absolute90s,"George Michael",Fastlove,wantlist
uk,absolute90s,"George Michael","Freedom 90",collection
uk,absolute90s,Haddaway,"What Is Love",collection
uk,absolute90s,"Happy Mondays","Kinky Afro",wantlist
uk,absolute90s,"Happy Mondays","Loose Fit",wantlist
uk,absolute90s,"Happy Mondays","Step On",collection
uk,absolute90s,"House Of Love","Shine On",collection
uk,absolute90s,"Iggy Pop","Lust For Life *",collection
uk,absolute90s,Inxs,"Bitter Tears",wantlist
uk,absolute90s,Inxs,Disappear,collection
uk,absolute90s,Inxs,"Suicide Blonde",collection
uk,absolute90s,"Inxs and Jimmy Barnes","Good Times",wantlist
uk,absolute90s,James,"Sit Down",collection
uk,absolute90s,"Janet Jackson",Escapade,wantlist
uk,absolute90s,"Janet Jackson","Together Again",wantlist
uk,absolute90s,"Kd Lang","Constant Craving",collection
uk,absolute90s,"Kym Sims","Too Blind To See It",collection
uk,absolute90s,"Lenny Kravitz","It Ain't Over Till It's Over",collection
uk,absolute90s,"Living Colour","Love Rears It's Ugly Head",collection
uk,absolute90s,"M People","Moving On Up",wantlist
uk,absolute90s,Madonna,"Beautiful Stranger",wantlist
uk,absolute90s,Madonna,Frozen,wantlist
uk,absolute90s,Madonna,"Justify My Love",collection
uk,absolute90s,Madonna,"Ray Of Light",wantlist
uk,absolute90s,Madonna,Vogue,collection
uk,absolute90s,"Martha and The Muffins","Echo Beach",collection
uk,absolute90s,"Mock Turtles","Can U Dig It",collection
uk,absolute90s,Morrissey,"The Last Of The Famous International Playboys",collection
uk,absolute90s,"New Order","True Faith",collection
uk,absolute90s,Nirvana,"Come As You Are",wantlist
uk,absolute90s,Nirvana,"Smells Like Teen Spirit",collection
uk,absolute90s,"No Doubt","Don't Speak",wantlist
uk,absolute90s,Oasis,"Cigarettes And Alcohol",wantlist
uk,absolute90s,Oasis,"Don't Look Back In Anger",wantlist
uk,absolute90s,Oasis,"Live Forever",wantlist
uk,absolute90s,Oasis,"Roll With It",wantlist
uk,absolute90s,Oasis,Shakermaker,wantlist
uk,absolute90s,Oasis,"Some Might Say",wantlist
uk,absolute90s,Oasis,Supersonic,wantlist
uk,absolute90s,Oasis,Whatever,wantlist
uk,absolute90s,Oasis,Wonderwall,wantlist
uk,absolute90s,"Pearl Jam",Alive,wantlist
uk,absolute90s,"Pet Shop Boys","Being Boring",collection
uk,absolute90s,"Pet Shop Boys","Go West",collection
uk,absolute90s,R.E.M,"Everybody Hurts",collection
uk,absolute90s,R.E.M,"It's The End Of The World As We Know It",collection
uk,absolute90s,R.E.M,"Losing My Religion",collection
uk,absolute90s,R.E.M,"Man On The Moon",wantlist
uk,absolute90s,R.E.M,Nightswimming,wantlist
uk,absolute90s,R.E.M,"Shiny Happy People",collection
uk,absolute90s,R.E.M,"Sidewinder Sleeps Tonight",wantlist
uk,absolute90s,R.E.M,"The One I Love",collection
uk,absolute90s,Radiohead,Creep,wantlist
uk,absolute90s,Radiohead,"Paranoid Android",wantlist
uk,absolute90s,"Robin S","Show Me Love",wantlist
uk,absolute90s,"Sabrina Johnston",Peace,collection
uk,absolute90s,"Saint Etienne","Only Love Can Break Your Heart",wantlist
uk,absolute90s,"Salt N Pepa","Let's Talk About Sex",collection
uk,absolute90s,"Savage Garden","Truly, Madly, Deeply",wantlist
uk,absolute90s,Seal,Crazy,collection
uk,absolute90s,"Shakespears Sister",STAY,collection
uk,absolute90s,"Shakespears Sister","You're History",collection
uk,absolute90s,Shamen,"Ebeneezer Goode",collection
uk,absolute90s,Shamen,"Move Any Mountain",collection
uk,absolute90s,"Sinead O'Connor","Nothing Compares 2 U",collection
uk,absolute90s,Sl2,"On A Ragga Tip",collection
uk,absolute90s,Sleeper,"Sale Of The Century",wantlist
uk,absolute90s,Snap!,"Rhythm Is A Dancer",collection
uk,absolute90s,Snap!,"The Power",collection
uk,absolute90s,Snow,Informer,collection
uk,absolute90s,Stardust,"Music Sounds Better With You",wantlist
uk,absolute90s,"Stereo MCs",Connected,wantlist
uk,absolute90s,"Stereo MCs","Lost In Music",collection
uk,absolute90s,"Suzanne Vega and Dna","Tom's Diner",collection
uk,absolute90s,Texas,Halo,wantlist
uk,absolute90s,Texas,"Say What You Want",wantlist
uk,absolute90s,"The B-52s",Roam,collection
uk,absolute90s,"The B52s","Love Shack",collection
uk,absolute90s,"The Beat","Mirror In The Bathroom",collection
uk,absolute90s,"The Beautiful South","A Little Time",collection
uk,absolute90s,"The Beautiful South","Old Red Eyes Is Back",collection
uk,absolute90s,"The Beautiful South","Perfect 10",wantlist
uk,absolute90s,"The Beautiful South",Rotterdam,wantlist
uk,absolute90s,"The Clash","Should I Stay Or Should I Go",wantlist
uk,absolute90s,"The Cranberries",Dreams,wantlist
uk,absolute90s,"The Cranberries",Linger,wantlist
uk,absolute90s,"The Cranberries",Zombie,wantlist
uk,absolute90s,"The Cure","Just Like Heaven",wantlist
uk,absolute90s,"The Cure","Pictures Of You",wantlist
uk,absolute90s,"The Farm","All Together Now",collection
uk,absolute90s,"The Farm","Groovy Train",collection
uk,absolute90s,"The Jam","Beat Surrender",collection
uk,absolute90s,"The Jam","Going Underground",collection
uk,absolute90s,"The Lightning Seeds","The Life Of Riley",wantlist
uk,absolute90s,"The Stone Roses","She Bangs The Drums",collection
uk,absolute90s,"The Stranglers","Something Better Change",collection
uk,absolute90s,"The Strokes","Last Nite",wantlist
uk,absolute90s,"The White Stripes","SEVEN NATION ARMY *",wantlist
uk,absolute90s,"They Might Be Giants","Birdhouse In Your Soul",collection
uk,absolute90s,"Utah Saints","Something Good",collection
uk,absolute90s,"Vanilla Ice","Ice Ice Baby",collection
uk,absolute90s,"Vic Reeves and The Wonderstuff",Dizzy,collection
uk,absolute90s,"Will Smith","Gettin' Jiggy Wit It",wantlist
uk,absolute90s,Xpansions,"Move Your Body",collection
uk,absoluteclassicrock,Ac/dc,"Back In Black",wantlist
uk,absoluteclassicrock,Ac/dc,"For Those About To Rock",wantlist
uk,absoluteclassicrock,Ac/dc,"Highway To Hell",collection
uk,absoluteclassicrock,Ac/dc,Thunderstruck,wantlist
uk,absoluteclassicrock,Ac/dc,"Whole Lotta Rosie",collection
uk,absoluteclassicrock,Ac/dc,"You Shook Me All Night Long",wantlist
uk,absoluteclassicrock,Aerosmith,"Dude Looks Like A Lady",collection
uk,absoluteclassicrock,Aerosmith,"Love In An Elevator",wantlist
uk,absoluteclassicrock,"Alice Cooper",Elected,collection
uk,absoluteclassicrock,"Alice Cooper","No More Mr Nice Guy",collection
uk,absoluteclassicrock,"Alice Cooper",Poison,collection
uk,absoluteclassicrock,"Alice Cooper","School's Out",collection
uk,absoluteclassicrock,Argent,"God Gave Rock And Roll To You *",collection
uk,absoluteclassicrock,Argent,"Hold Your Head Up",collection
uk,absoluteclassicrock,"Bad Company","Can't Get Enough",collection
uk,absoluteclassicrock,"Bad Company","Feel Like Makin' Love",collection
uk,absoluteclassicrock,"Big Country",Chance,wantlist
uk,absoluteclassicrock,"Big Country","Fields Of Fire",wantlist
uk,absoluteclassicrock,"Big Country","In A Big Country",collection
uk,absoluteclassicrock,"Big Country","Look Away",collection
uk,absoluteclassicrock,"Billy Idol","Mony Mony",collection
uk,absoluteclassicrock,"Billy Idol","Rebel Yell",collection
uk,absoluteclassicrock,"Billy Idol","White Wedding",collection
uk,absoluteclassicrock,"Black Sabbath","Never Say Die",collection
uk,absoluteclassicrock,"Blue Oyster Cult","Don't Fear The Reaper *",collection
uk,absoluteclassicrock,"Bob Dylan","Like A Rolling Stone",wantlist
uk,absoluteclassicrock,"Bob Dylan","Positively 4th Street",collection
uk,absoluteclassicrock,"Bob Dylan","Subterranean Homesick Blues",wantlist
uk,absoluteclassicrock,"Bob Dylan","Times They Are A Changing",wantlist
uk,absoluteclassicrock,"Bon Jovi","Bad Medicine",wantlist
uk,absoluteclassicrock,"Bon Jovi","Bed Of Roses",collection
uk,absoluteclassicrock,"Bon Jovi","Born To Be My Baby",collection
uk,absoluteclassicrock,"Bon Jovi","Livin' On A Prayer",collection
uk,absoluteclassicrock,"Bon Jovi","Wanted Dead Or Alive",wantlist
uk,absoluteclassicrock,"Bon Jovi","You Give Love A Bad Name",wantlist
uk,absoluteclassicrock,Boston,"More Than A Feeling",collection
uk,absoluteclassicrock,"Bruce Springsteen","Born To Run",collection
uk,absoluteclassicrock,"Bruce Springsteen","Brilliant Disguise",wantlist
uk,absoluteclassicrock,"Bruce Springsteen","Cover Me",collection
uk,absoluteclassicrock,"Bruce Springsteen","Dancing In The Dark",collection
uk,absoluteclassicrock,"Bruce Springsteen","Glory Days",collection
uk,absoluteclassicrock,"Bruce Springsteen","The River",collection
uk,absoluteclassicrock,"Bryan Adams","Can't Stop This Thing",collection
uk,absoluteclassicrock,"Bryan Adams",Heaven,wantlist
uk,absoluteclassicrock,"Bryan Adams","Run To You",collection
uk,absoluteclassicrock,"Bryan Adams",Somebody,collection
uk,absoluteclassicrock,"Bryan Adams","Summer Of 69",wantlist
uk,absoluteclassicrock,"Bryan Adams and Tina Turner","It's Only Love",wantlist
uk,absoluteclassicrock,"Canned Heat","On The Road Again",collection
uk,absoluteclassicrock,"Carly Simon","You're So Vain",collection
uk,absoluteclassicrock,"Cheap Trick","I Want You To Want Me",collection
uk,absoluteclassicrock,"Climax Blues Band","Couldn't Get It Right",collection
uk,absoluteclassicrock,Cream,"Sunshine Of Your Love",collection
uk,absoluteclassicrock,"Daryl Hall and John Oates","You Make My Dreams",wantlist
uk,absoluteclassicrock,"David Bowie","Diamond Dogs",collection
uk,absoluteclassicrock,"David Bowie",Heroes,collection
uk,absoluteclassicrock,"David Bowie","Jean Genie",collection
uk,absoluteclassicrock,"David Bowie","John I'm Only Dancing",collection
uk,absoluteclassicrock,"David Bowie","Life On Mars",collection
uk,absoluteclassicrock,"David Bowie","Rebel Rebel",collection
uk,absoluteclassicrock,"David Bowie","Sound And Vision",collection
uk,absoluteclassicrock,"David Bowie","Space Oddity",collection
uk,absoluteclassicrock,"David Bowie","Suffragette City",collection
uk,absoluteclassicrock,"David Lee Roth","Just Like Paradise",collection
uk,absoluteclassicrock,"Deep Purple","Smoke On The Water",collection
uk,absoluteclassicrock,"Def Leppard",Animal,collection
uk,absoluteclassicrock,"Def Leppard",Hysteria,wantlist
uk,absoluteclassicrock,"Def Leppard",Photograph,wantlist
uk,absoluteclassicrock,"Def Leppard","Pour Some Sugar On Me",collection
uk,absoluteclassicrock,"Def Leppard","Rock Of Ages",wantlist
uk,absoluteclassicrock,"Derek and The Dominos",Layla,collection
uk,absoluteclassicrock,"Dire Straits","Money For Nothing",collection
uk,absoluteclassicrock,"Dire Straits","Private Investigations",collection
uk,absoluteclassicrock,"Dire Straits","Romeo & Juliet",collection
uk,absoluteclassicrock,"Dire Straits",Skateaway,collection
uk,absoluteclassicrock,"Dire Straits","So Far Away",wantlist
uk,absoluteclassicrock,"Dire Straits","Sultans Of Swing",collection
uk,absoluteclassicrock,"Dire Straits","Tunnel Of Love",wantlist
uk,absoluteclassicrock,"Dire Straits","Walk Of Life",collection
uk,absoluteclassicrock,"Dire Straits","Your Latest Trick",wantlist
uk,absoluteclassicrock,"Don McLean","American Pie",collection
uk,absoluteclassicrock,"Dr Feelgood","Milk And Alcohol",collection
uk,absoluteclassicrock,Eagles,"Heartache Tonight",collection
uk,absoluteclassicrock,Eagles,"Hotel California",wantlist
uk,absoluteclassicrock,Eagles,"Life In The Fast Lane",collection
uk,absoluteclassicrock,Eagles,"Lyin' Eyes",wantlist
uk,absoluteclassicrock,Eagles,"One Of These Nights",collection
uk,absoluteclassicrock,Eagles,"Take It Easy",wantlist
uk,absoluteclassicrock,Eagles,"Take It To The Limit",collection
uk,absoluteclassicrock,"Eddie and The Hot Rods","Do Anything You Wanna Do",collection
uk,absoluteclassicrock,"Elton John","Saturday Night's Alright For Fighting",collection
uk,absoluteclassicrock,"Emerson Lake and Palmer","Fanfare For The Common Man",collection
uk,absoluteclassicrock,"Eric Clapton","Behind The Mask",collection
uk,absoluteclassicrock,"Eric Clapton","I Shot The Sheriff",collection
uk,absoluteclassicrock,"Eric Clapton","Knockin' On Heaven's Door",collection
uk,absoluteclassicrock,"Eric Clapton","Lay Down Sally",wantlist
uk,absoluteclassicrock,"Eric Clapton",Promises,wantlist
uk,absoluteclassicrock,Europe,"Final Countdown",collection
uk,absoluteclassicrock,"Faith No More",Epic,wantlist
uk,absoluteclassicrock,"Faith No More","From Out Of Nowhere",wantlist
uk,absoluteclassicrock,"Fleetwood Mac",Albatross,collection
uk,absoluteclassicrock,"Fleetwood Mac","Big Love",collection
uk,absoluteclassicrock,"Fleetwood Mac","Don't Stop",collection
uk,absoluteclassicrock,"Fleetwood Mac",Dreams,collection
uk,absoluteclassicrock,"Fleetwood Mac","Go Your Own Way",wantlist
uk,absoluteclassicrock,"Fleetwood Mac","Little Lies",collection
uk,absoluteclassicrock,"Fleetwood Mac","Need Your Love So Bad",wantlist
uk,absoluteclassicrock,"Fleetwood Mac",Rhiannon,collection
uk,absoluteclassicrock,"Fleetwood Mac",Sara,collection
uk,absoluteclassicrock,"Fleetwood Mac",Tusk,collection
uk,absoluteclassicrock,"Fleetwood Mac","You Make Loving Fun",wantlist
uk,absoluteclassicrock,"Foo Fighters","Best Of You",collection
uk,absoluteclassicrock,Foreigner,"Cold As Ice",collection
uk,absoluteclassicrock,Foreigner,"I Want To Know What Love Is",collection
uk,absoluteclassicrock,Foreigner,Urgent,collection
uk,absoluteclassicrock,Free,"All Right Now",collection
uk,absoluteclassicrock,Free,"My Brother Jake",collection
uk,absoluteclassicrock,"Gary Moore","Parisienne Walkways",collection
uk,absoluteclassicrock,"Gary Moore and Phil Lynott","Out In The Fields",collection
uk,absoluteclassicrock,Genesis,Abacab,collection
uk,absoluteclassicrock,Genesis,"Follow You Follow Me",collection
uk,absoluteclassicrock,Genesis,"I Know What I Like",collection
uk,absoluteclassicrock,Genesis,"Invisible Touch",collection
uk,absoluteclassicrock,Genesis,"Land Of Confusion",collection
uk,absoluteclassicrock,Genesis,Mama,collection
uk,absoluteclassicrock,Genesis,"That's All",collection
uk,absoluteclassicrock,Genesis,"Turn It On Again",collection
uk,absoluteclassicrock,"George Harrison","My Sweet Lord",collection
uk,absoluteclassicrock,"Golden Earring","Radar Love",collection
uk,absoluteclassicrock,"Guns N Roses","Paradise City",collection
uk,absoluteclassicrock,"Guns N Roses","Sweet Child O' Mine",collection
uk,absoluteclassicrock,"Guns N Roses","Welcome To The Jungle",collection
uk,absoluteclassicrock,Hawkwind,"Silver Machine",collection
uk,absoluteclassicrock,Heart,Alone,collection
uk,absoluteclassicrock,Heart,Barracuda,wantlist
uk,absoluteclassicrock,Heart,"Magic Man",collection
uk,absoluteclassicrock,Heart,"These Dreams",wantlist
uk,absoluteclassicrock,"Ike Turner and Tina Turner","Nutbush City Limits",collection
uk,absoluteclassicrock,Inxs,"Devil Inside",wantlist
uk,absoluteclassicrock,Inxs,Mystify,collection
uk,absoluteclassicrock,Inxs,"Need You Tonight",collection
uk,absoluteclassicrock,Inxs,"Never Tear Us Apart",wantlist
uk,absoluteclassicrock,Inxs,"New Sensation",collection
uk,absoluteclassicrock,Inxs,"Suicide Blonde",collection
uk,absoluteclassicrock,"Inxs and Jimmy Barnes","Good Times",wantlist
uk,absoluteclassicrock,"Iron Maiden","Aces High",wantlist
uk,absoluteclassicrock,"Iron Maiden","Run To The Hills",collection
uk,absoluteclassicrock,"Iron Maiden","The Number Of The Beast",collection
uk,absoluteclassicrock,"Iron Maiden","The Trooper",wantlist
uk,absoluteclassicrock,"Iron Maiden","Wasted Years",wantlist
uk,absoluteclassicrock,"J Geils Band",Centrefold,collection
uk,absoluteclassicrock,"Jefferson Airplane","Somebody To Love",collection
uk,absoluteclassicrock,"Jethro Tull","Living In The Past",collection
uk,absoluteclassicrock,"Jimi Hendrix","All Along The Watchtower",collection
uk,absoluteclassicrock,"Jimi Hendrix","Purple Haze..",collection
uk,absoluteclassicrock,"Jimi Hendrix","The Wind Cries Mary",collection
uk,absoluteclassicrock,"Joan Jett","I Hate Myself For Loving You",collection
uk,absoluteclassicrock,"Joe Walsh","Life's Been Good To Me",collection
uk,absoluteclassicrock,"John Lennon","Nobody Told Me",wantlist
uk,absoluteclassicrock,"John Mellencamp","Jack And Diane",collection
uk,absoluteclassicrock,"John Mellencamp","R.o.c.k In The Usa",collection
uk,absoluteclassicrock,"Jon Bon Jovi","Blaze Of Glory",collection
uk,absoluteclassicrock,Journey,"Don't Stop Believin'",wantlist
uk,absoluteclassicrock,"Judas Priest","Breaking The Law",collection
uk,absoluteclassicrock,"Kate Bush","Running Up That Hill",collection
uk,absoluteclassicrock,"Kings Of Leon","Use Somebody",wantlist
uk,absoluteclassicrock,Kiss,"Crazy Crazy Nights",collection
uk,absoluteclassicrock,Kiss,"I Was Made For Lovin' You",collection
uk,absoluteclassicrock,"Led Zeppelin","Black Dog",collection
uk,absoluteclassicrock,"Led Zeppelin","Immigrant Song",collection
uk,absoluteclassicrock,"Led Zeppelin","Rock And Roll",collection
uk,absoluteclassicrock,"Led Zeppelin","Stairway To Heaven",wantlist
uk,absoluteclassicrock,"Manfred Mann","Blinded By The Light",collection
uk,absoluteclassicrock,"Manfred Mann","Davy's On The Road Again",collection
uk,absoluteclassicrock,Marillion,Incommunicado,collection
uk,absoluteclassicrock,Marillion,Kayleigh,collection
uk,absoluteclassicrock,Marillion,Lavender,collection
uk,absoluteclassicrock,"Meat Loaf","Bat Out Of Hell *",collection
uk,absoluteclassicrock,"Meat Loaf","Modern Girl",collection
uk,absoluteclassicrock,"Meat Loaf","Two Out Of Three Ain't Bad",collection
uk,absoluteclassicrock,"Meat Loaf","You Took The Words Right Out Of My Mouth",wantlist
uk,absoluteclassicrock,"Meat Loaf and Cher","Dead Ringer For Love",collection
uk,absoluteclassicrock,"Midnight Oil","Beds Are Burning",wantlist
uk,absoluteclassicrock,Motorhead,"Ace Of Spades",wantlist
uk,absoluteclassicrock,"Mott The Hoople","All The Young Dudes",collection
uk,absoluteclassicrock,"Mr Mister","Broken Wings",collection
uk,absoluteclassicrock,"Mr Mister",Kyrie,wantlist
uk,absoluteclassicrock,Nirvana,"Come As You Are",wantlist
uk,absoluteclassicrock,Nirvana,"Smells Like Teen Spirit",collection
uk,absoluteclassicrock,"Ozzy Osbourne","Bark At The Moon",collection
uk,absoluteclassicrock,"Ozzy Osbourne","Crazy Train",wantlist
uk,absoluteclassicrock,"Pat Benatar",Heartbreaker,collection
uk,absoluteclassicrock,"Pat Benatar","Hit Me With Your Best Shot",wantlist
uk,absoluteclassicrock,"Pat Benatar","Love Is A Battlefield",wantlist
uk,absoluteclassicrock,"Pat Benatar","We Belong",collection
uk,absoluteclassicrock,"Patti Smith","Because The Night*",collection
uk,absoluteclassicrock,"Pearl Jam",Alive,wantlist
uk,absoluteclassicrock,"Peter Frampton","Show Me The Way",collection
uk,absoluteclassicrock,"Peter Gabriel","Big Time",collection
uk,absoluteclassicrock,"Peter Gabriel","Games Without Frontiers",collection
uk,absoluteclassicrock,"Peter Gabriel",Sledgehammer,collection
uk,absoluteclassicrock,"Peter Gabriel","Solsbury Hill",collection
uk,absoluteclassicrock,"Phil Collins","In the Air Tonight",collection
uk,absoluteclassicrock,"Pink Floyd","Another Brick In The Wall",collection
uk,absoluteclassicrock,"Pink Floyd",Money,collection
uk,absoluteclassicrock,Poison,"Every Rose Has Its Thorn",wantlist
uk,absoluteclassicrock,Poison,"Nothin' But A Good Time",collection
uk,absoluteclassicrock,"Python Lee Jackson and Rod Stewart","In A Broken Dream",collection
uk,absoluteclassicrock,Queen,"A Kind Of Magic",collection
uk,absoluteclassicrock,Queen,"Another One Bites The Dust",collection
uk,absoluteclassicrock,Queen,"Bohemian Rhapsody",collection
uk,absoluteclassicrock,Queen,Breakthru,collection
uk,absoluteclassicrock,Queen,"Crazy Little Thing Called Love",collection
uk,absoluteclassicrock,Queen,"Don't Stop Me Now",collection
uk,absoluteclassicrock,Queen,"Fat Bottomed Girls",collection
uk,absoluteclassicrock,Queen,Flash,collection
uk,absoluteclassicrock,Queen,"Hammer To Fall",wantlist
uk,absoluteclassicrock,Queen,"I Want It All",collection
uk,absoluteclassicrock,Queen,"I Want To Break Free",collection
uk,absoluteclassicrock,Queen,"It's A Hard Life",wantlist
uk,absoluteclassicrock,Queen,"Keep Yourself Alive",collection
uk,absoluteclassicrock,Queen,"One Vision",wantlist
uk,absoluteclassicrock,Queen,"Play The Game",collection
uk,absoluteclassicrock,Queen,"Radio Gaga",collection
uk,absoluteclassicrock,Queen,"Seven Seas Of Rhye.",collection
uk,absoluteclassicrock,Queen,"Somebody To Love",collection
uk,absoluteclassicrock,Queen,"The Show Must Go On",wantlist
uk,absoluteclassicrock,Queen,"Tie Your Mother Down",collection
uk,absoluteclassicrock,Queen,"We Are The Champions",collection
uk,absoluteclassicrock,Queen,"Who Wants To Live Forever",wantlist
uk,absoluteclassicrock,"REO Speedwagon","Can't Fight This Feeling",wantlist
uk,absoluteclassicrock,"REO Speedwagon","Keep On Loving You",collection
uk,absoluteclassicrock,"REO Speedwagon","Take It On The Run",collection
uk,absoluteclassicrock,Rainbow,"All Night Long",collection
uk,absoluteclassicrock,Rainbow,"I Surrender",collection
uk,absoluteclassicrock,Rainbow,"Since You've Been Gone",collection
uk,absoluteclassicrock,Ramones,"Blitzkrieg Bop",wantlist
uk,absoluteclassicrock,"Robert Palmer","Addicted To Love",collection
uk,absoluteclassicrock,"Robert Palmer","Simply Irresistible",wantlist
uk,absoluteclassicrock,"Robert Plant","Big Log",collection
uk,absoluteclassicrock,"Rod Stewart","Maggie May",collection
uk,absoluteclassicrock,"Rod Stewart","You Wear It Well",collection
uk,absoluteclassicrock,"Roxy Music","Love Is The Drug",collection
uk,absoluteclassicrock,"Roxy Music","Street Life",collection
uk,absoluteclassicrock,"Roxy Music","Virginia Plain",collection
uk,absoluteclassicrock,Rush,"Spirit Of Radio",collection
uk,absoluteclassicrock,Santana,"She's Not There",collection
uk,absoluteclassicrock,Scorpions,"Wind Of Change",wantlist
uk,absoluteclassicrock,"Simple Minds","Alive And Kicking",collection
uk,absoluteclassicrock,Slade,"Coz I Luv You",collection
uk,absoluteclassicrock,Slade,"Cum On Feel The Noise",collection
uk,absoluteclassicrock,Slade,Everyday,collection
uk,absoluteclassicrock,Slade,"Far Far Away",collection
uk,absoluteclassicrock,Starship,"We Built This City",collection
uk,absoluteclassicrock,"Status Quo",Caroline,collection
uk,absoluteclassicrock,"Status Quo","Down Down",collection
uk,absoluteclassicrock,"Status Quo","In The Army Now",collection
uk,absoluteclassicrock,"Status Quo","Pictures of Matchstick Men",collection
uk,absoluteclassicrock,"Status Quo","Rockin' All Over The World",collection
uk,absoluteclassicrock,"Status Quo","What You're Proposing",collection
uk,absoluteclassicrock,"Status Quo","Whatever You Want",collection
uk,absoluteclassicrock,"Stealers Wheel","Stuck In the Middle With You",collection
uk,absoluteclassicrock,"Steely Dan","Do It Again",collection
uk,absoluteclassicrock,"Steely Dan","Rikki Don't Lose That Number",collection
uk,absoluteclassicrock,Steppenwolf,"Magic Carpet Ride",collection
uk,absoluteclassicrock,"Steve Miller Band",Abracadabra,collection
uk,absoluteclassicrock,"Steve Miller Band","Fly Like An Eagle",collection
uk,absoluteclassicrock,"Steve Miller Band","Rock 'n Me",collection
uk,absoluteclassicrock,"Steve Miller Band","The Joker",collection
uk,absoluteclassicrock,"Stevie Nicks","Edge Of Seventeen",wantlist
uk,absoluteclassicrock,"Stevie Nicks","Rooms On Fire",wantlist
uk,absoluteclassicrock,Supertramp,"Breakfast In America",collection
uk,absoluteclassicrock,Supertramp,Dreamer,collection
uk,absoluteclassicrock,Supertramp,"Give A Little Bit",collection
uk,absoluteclassicrock,Supertramp,"Logical Song",collection
uk,absoluteclassicrock,Survivor,"Burning Heart",collection
uk,absoluteclassicrock,Survivor,"Eye Of The Tiger",collection
uk,absoluteclassicrock,"Suzi Quatro","Can The Can",collection
uk,absoluteclassicrock,"Suzi Quatro","Devil Gate Drive",collection
uk,absoluteclassicrock,"T Rex","20th Century Boy",wantlist
uk,absoluteclassicrock,"T Rex","Children Of The Revolution",wantlist
uk,absoluteclassicrock,"T Rex","Get It On",collection
uk,absoluteclassicrock,"T Rex","Hot Love",wantlist
uk,absoluteclassicrock,"T Rex",Jeepster,wantlist
uk,absoluteclassicrock,"T Rex","Metal Guru",collection
uk,absoluteclassicrock,"T Rex","Ride A White Swan",collection
uk,absoluteclassicrock,"T Rex","Solid Gold Easy Action",collection
uk,absoluteclassicrock,"T Rex","Telegram Sam",wantlist
uk,absoluteclassicrock,"The Animals","House Of The Rising Sun",collection
uk,absoluteclassicrock,"The Animals","We Gotta Get Outta This Place",collection
uk,absoluteclassicrock,"The Beatles","Come Together",collection
uk,absoluteclassicrock,"The Beatles",Revolution,collection
uk,absoluteclassicrock,"The Beatles","Strawberry Fields Forever",wantlist
uk,absoluteclassicrock,"The Beatles","We Can Work It Out",collection
uk,absoluteclassicrock,"The Cars","Just What I Needed",collection
uk,absoluteclassicrock,"The Cars","My Best Friend's Girl",collection
uk,absoluteclassicrock,"The Clash","London Calling",collection
uk,absoluteclassicrock,"The Cult","Fire Woman",collection
uk,absoluteclassicrock,"The Cult","Lil' Devil",collection
uk,absoluteclassicrock,"The Cult","She Sells Sanctuary",collection
uk,absoluteclassicrock,"The Doobie Brothers","Listen To The Music",collection
uk,absoluteclassicrock,"The Doobie Brothers","Long Train Runnin'",collection
uk,absoluteclassicrock,"The Doors","Light My Fire *",collection
uk,absoluteclassicrock,"The Doors","Riders On The Storm",collection
uk,absoluteclassicrock,"The Hooters",Satellite,collection
uk,absoluteclassicrock,"The Kinks",Lola,collection
uk,absoluteclassicrock,"The Kinks","You Really Got Me",collection
uk,absoluteclassicrock,"The Knack","My Sharona",collection
uk,absoluteclassicrock,"The Police","Invisible Sun",collection
uk,absoluteclassicrock,"The Police","Message In A Bottle",collection
uk,absoluteclassicrock,"The Police",Roxanne,collection
uk,absoluteclassicrock,"The Police","So Lonely",wantlist
uk,absoluteclassicrock,"The Police","Spirits In The Material World",collection
uk,absoluteclassicrock,"The Police","Walking On The Moon",collection
uk,absoluteclassicrock,"The Pretenders","Back On The Chain Gang",collection
uk,absoluteclassicrock,"The Pretenders","Brass In Pocket",collection
uk,absoluteclassicrock,"The Pretenders","Don't Get Me Wrong",wantlist
uk,absoluteclassicrock,"The Pretenders",Kid,collection
uk,absoluteclassicrock,"The Pretenders","Stop Your Sobbing",collection
uk,absoluteclassicrock,"The Pretenders","Talk Of The Town",collection
uk,absoluteclassicrock,"The Rolling Stones","19th Nervous Breakdown",collection
uk,absoluteclassicrock,"The Rolling Stones",Angie,collection
uk,absoluteclassicrock,"The Rolling Stones","Get Off Of My Cloud",collection
uk,absoluteclassicrock,"The Rolling Stones","Gimme Shelter",wantlist
uk,absoluteclassicrock,"The Rolling Stones","Harlem Shuffle",collection
uk,absoluteclassicrock,"The Rolling Stones","It's All Over Now",collection
uk,absoluteclassicrock,"The Rolling Stones","It's Only Rock N' Roll",collection
uk,absoluteclassicrock,"The Rolling Stones","Let's Spend The Night Together",wantlist
uk,absoluteclassicrock,"The Rolling Stones","Miss You",collection
uk,absoluteclassicrock,"The Rolling Stones","Not Fade Away",collection
uk,absoluteclassicrock,"The Rolling Stones","Paint It Black",collection
uk,absoluteclassicrock,"The Rolling Stones","Ruby Tuesday",wantlist
uk,absoluteclassicrock,"The Rolling Stones","She's A Rainbow",collection
uk,absoluteclassicrock,"The Rolling Stones","Start Me Up",collection
uk,absoluteclassicrock,"The Rolling Stones","Sympathy For The Devil",wantlist
uk,absoluteclassicrock,"The Rolling Stones","Tumbling Dice",collection
uk,absoluteclassicrock,"The Rolling Stones","Undercover Of The Night",collection
uk,absoluteclassicrock,"The Rolling Stones","You Can't Always Get What You Want",collection
uk,absoluteclassicrock,"The Small Faces","Itchycoo Park",collection
uk,absoluteclassicrock,"The Stooges and Iggy Pop","I Wanna Be Your Dog",wantlist
uk,absoluteclassicrock,"The Sweet","Ballroom Blitz",collection
uk,absoluteclassicrock,"The Traveling Wilburys","Handle With Care",wantlist
uk,absoluteclassicrock,"The Undertones","Teenage Kicks",collection
uk,absoluteclassicrock,"The Who","I Can See For Miles",collection
uk,absoluteclassicrock,"The Who","My Generation",collection
uk,absoluteclassicrock,"The Who",Substitute,collection
uk,absoluteclassicrock,"The Who","Who Are You",collection
uk,absoluteclassicrock,"The Who","Won't Get Fooled Again *",collection
uk,absoluteclassicrock,"Thin Lizzy",Chinatown,collection
uk,absoluteclassicrock,"Thin Lizzy","Do Anything You Want To",collection
uk,absoluteclassicrock,"Thin Lizzy","Don't Believe A Word",collection
uk,absoluteclassicrock,"Thin Lizzy",Jailbreak,collection
uk,absoluteclassicrock,"Thin Lizzy",Rosalie,wantlist
uk,absoluteclassicrock,"Thin Lizzy",Sarah,collection
uk,absoluteclassicrock,"Thin Lizzy","The Boys Are Back In Town",collection
uk,absoluteclassicrock,"Thin Lizzy","Waiting For An Alibi",collection
uk,absoluteclassicrock,"Thin Lizzy","Whiskey In The Jar",collection
uk,absoluteclassicrock,"Thunderclap Newman","Something In The Air",collection
uk,absoluteclassicrock,"Tom Petty","Free Falling",wantlist
uk,absoluteclassicrock,"Tom Petty","I Won't Back Down",wantlist
uk,absoluteclassicrock,"Tom Robinson Band","2-4-6-8 Motorway",collection
uk,absoluteclassicrock,Toto,Africa,collection
uk,absoluteclassicrock,Toto,Rosanna,collection
uk,absoluteclassicrock,U2,"All I Want Is You",wantlist
uk,absoluteclassicrock,U2,"Angel Of Harlem",collection
uk,absoluteclassicrock,U2,Desire,collection
uk,absoluteclassicrock,U2,"I Still Haven't Found What I'm Looking For",collection
uk,absoluteclassicrock,U2,"I Will Follow",wantlist
uk,absoluteclassicrock,U2,"In God's Country",collection
uk,absoluteclassicrock,U2,"New Year's Day",collection
uk,absoluteclassicrock,U2,"Two Hearts Beat As One",collection
uk,absoluteclassicrock,U2,"Where The Streets Have No Name",collection
uk,absoluteclassicrock,U2,"With Or Without You",collection
uk,absoluteclassicrock,Ufo,"Doctor Doctor",collection
uk,absoluteclassicrock,"Van Halen",Jump,collection
uk,absoluteclassicrock,"Van Halen","Why Can't This Be Love",collection
uk,absoluteclassicrock,"Van Halen","You Really Got Me",collection
uk,absoluteclassicrock,"Warren Zevon","Werewolves Of London",wantlist
uk,absoluteclassicrock,Whitesnake,"Fool For Your Loving",collection
uk,absoluteclassicrock,Whitesnake,"Is This Love",wantlist
uk,absoluteclassicrock,Whitesnake,"Still Of The Night",wantlist
uk,absoluteclassicrock,Wings,"Band On The Run",collection
uk,absoluteclassicrock,Wings,Jet,collection
uk,absoluteclassicrock,Wings,"Let 'Em In",collection
uk,absoluteclassicrock,Wings,"Live And Let Die",collection
uk,absoluteclassicrock,Yes,"Owner Of A Lonely Heart",collection
uk,absoluteclassicrock,Yes,"Wonderous Stories",collection
uk,absoluteclassicrock,"ZZ Top","Gimme All Your Lovin'",collection
uk,absoluteclassicrock,"ZZ Top",Legs,wantlist
uk,absoluteclassicrock,"ZZ Top","Sharp Dressed Man",collection
uk,absoluteclassicrock,america,"Ventura Highway",collection
uk,chilldigital,"Art Of Noise","Moments In Love",wantlist
uk,chilldigital,"Lord Echo","Thinking Of You",collection
uk,chilldigital,"Suzanne Vega","Tom's Diner",collection
uk,chilldigital,"The Cure","Close To Me (Closer Mix)",wantlist
uk,smooth70s,10cc,"I'm Not In Love",collection
uk,smooth70s,10cc,"The Things We Do For Love",collection
uk,smooth70s,ABBA,"Dancing Queen",collection
uk,smooth70s,ABBA,"Does Your Mother Know",collection
uk,smooth70s,ABBA,Fernando,collection
uk,smooth70s,ABBA,"Gimme! Gimme! Gimme! (A Man After Midnight)",collection
uk,smooth70s,ABBA,"I Have A Dream",collection
uk,smooth70s,ABBA,"Knowing Me Knowing You",collection
uk,smooth70s,ABBA,"Mamma Mia",collection
uk,smooth70s,ABBA,"Money, Money, Money",collection
uk,smooth70s,ABBA,SOS,collection
uk,smooth70s,ABBA,"Take A Chance On Me",collection
uk,smooth70s,ABBA,"The Name Of The Game",collection
uk,smooth70s,ABBA,Voulez-Vous,collection
uk,smooth70s,Ace,"How Long",wantlist
uk,smooth70s,"Al Green","Tired Of Being Alone",collection
uk,smooth70s,"Amii Stewart","Knock On Wood",collection
uk,smooth70s,"Andrea True Connection","More, More, More",collection
uk,smooth70s,"Andrew Gold","Never Let Her Slip Away",collection
uk,smooth70s,"Anita Ward","Ring My Bell",collection
uk,smooth70s,"Average White Band","Pick Up The Pieces",collection
uk,smooth70s,Baccara,"Yes Sir, I Can Boogie",collection
uk,smooth70s,"Bachman Turner Overdrive","You Ain't Seen Nothing Yet",collection
uk,smooth70s,"Barbra Streisand","Evergreen (Love Theme from 'A Star Is Born')",collection
uk,smooth70s,"Barbra Streisand & Donna Summer","No More Tears (Enough Is Enough)",collection
uk,smooth70s,"Barry Manilow",Mandy,collection
uk,smooth70s,"Barry Manilow","Weekend In New England",collection
uk,smooth70s,"Barry White","Can't Get Enough Of Your Love Babe",collection
uk,smooth70s,"Barry White","Just The Way You Are",collection
uk,smooth70s,"Barry White","Let The Music Play",collection
uk,smooth70s,"Barry White","You See The Trouble With Me",collection
uk,smooth70s,"Barry White","You're The First, The Last, My Everything",collection
uk,smooth70s,"Bay City Rollers","Bye Bye Baby",collection
uk,smooth70s,"Bee Gees","How Deep is Your Love",collection
uk,smooth70s,"Bee Gees","Jive Talkin'",collection
uk,smooth70s,"Bee Gees","Night Fever",collection
uk,smooth70s,"Bee Gees","Nights On Broadway",wantlist
uk,smooth70s,"Bee Gees","Stayin' Alive",collection
uk,smooth70s,"Bee Gees","Too Much Heaven",collection
uk,smooth70s,"Bee Gees",Tragedy,collection
uk,smooth70s,"Bee Gees","You Should Be Dancing",collection
uk,smooth70s,"Bill Withers","Lean On Me",collection
uk,smooth70s,"Billy Joel","Just The Way You Are",collection
uk,smooth70s,"Billy Joel","My Life",collection
uk,smooth70s,"Billy Joel","She's Always A Woman To Me",wantlist
uk,smooth70s,"Billy Ocean","Love Really Hurts Without You",collection
uk,smooth70s,"Billy Ocean","Red Light Spells Danger",collection
uk,smooth70s,"Billy Paul","Me And Mrs Jones",collection
uk,smooth70s,Blondie,"Heart Of Glass",collection
uk,smooth70s,"Bobby Caldwell","What You Won't Do For Love",wantlist
uk,smooth70s,"Boney M.","Daddy Cool",collection
uk,smooth70s,"Boney M.","Gotta Go Home",collection
uk,smooth70s,"Boney M.","Ma Baker",collection
uk,smooth70s,"Boney M.","Rivers Of Babylon",collection
uk,smooth70s,Boston,"More Than A Feeling",collection
uk,smooth70s,Bread,"Baby I'm A Want You",collection
uk,smooth70s,Bread,"Make It With You",collection
uk,smooth70s,"Brian Hyland","Sealed With A Kiss",collection
uk,smooth70s,"Brotherhood Of Man","Save Your Kisses For Me",collection
uk,smooth70s,"Candi Staton","Nights On Broadway",collection
uk,smooth70s,"Candi Staton","Young Hearts Run Free",collection
uk,smooth70s,"Carl Douglas","Kung Fu Fighting",collection
uk,smooth70s,"Carly Simon","Nobody Does It Better",collection
uk,smooth70s,"Carly Simon","You're So Vain",collection
uk,smooth70s,"Carole King","I Feel The Earth Move",collection
uk,smooth70s,Carpenters,"I Won't Last A Day Without You",collection
uk,smooth70s,Carpenters,"Only Yesterday",collection
uk,smooth70s,Carpenters,"Please Mr. Postman",collection
uk,smooth70s,Carpenters,"There's A Kind Of Hush",collection
uk,smooth70s,Carpenters,"Yesterday Once More",collection
uk,smooth70s,"Chairmen Of The Board","Give Me Just A Little More Time",collection
uk,smooth70s,"Chaka Khan","I'm Every Woman",collection
uk,smooth70s,Cher,"Gypsys, Tramps & Thieves",collection
uk,smooth70s,Chic,"Everybody Dance",collection
uk,smooth70s,Chic,"Good Times",collection
uk,smooth70s,Chic,"I Want Your Love",collection
uk,smooth70s,Chic,"Le Freak",collection
uk,smooth70s,Chicago,"If You Leave Me Now",collection
uk,smooth70s,"Cliff Richard","Devil Woman",collection
uk,smooth70s,"Cliff Richard","We Don't Talk Anymore",collection
uk,smooth70s,Commodores,Easy,collection
uk,smooth70s,Commodores,Still,collection
uk,smooth70s,Commodores,"Three Times A Lady",collection
uk,smooth70s,"Crystal Gayle","Don't It Make My Brown Eyes Blue",collection
uk,smooth70s,"Crystal Gayle","Talking In Your Sleep",collection
uk,smooth70s,"Curtis Mayfield","Move On Up",wantlist
uk,smooth70s,"Dan Hill","Sometimes When We Touch",collection
uk,smooth70s,"Daryl Hall & John Oates","She's Gone",wantlist
uk,smooth70s,"David Bowie","Golden Years",collection
uk,smooth70s,"David Bowie",Heroes,collection
uk,smooth70s,"David Bowie","Life On Mars?",collection
uk,smooth70s,"David Essex","Hold Me Close",collection
uk,smooth70s,"David Soul","Don't Give Up On Us Baby",collection
uk,smooth70s,"Deniece Williams",Free,collection
uk,smooth70s,"Dobie Gray","Drift Away",collection
uk,smooth70s,"Dolly Parton","Here You Come Again",collection
uk,smooth70s,"Dolly Parton","I Will Always Love You",collection
uk,smooth70s,"Dolly Parton",Jolene,collection
uk,smooth70s,"Don McLean","American Pie",collection
uk,smooth70s,"Don McLean",Vincent,collection
uk,smooth70s,"Donna Summer","Bad Girls",collection
uk,smooth70s,"Donna Summer","Hot Stuff",collection
uk,smooth70s,"Donna Summer","I Feel Love",collection
uk,smooth70s,"Donna Summer","Love To Love You Baby",collection
uk,smooth70s,"Donna Summer","Love's Unkind",collection
uk,smooth70s,"Donna Summer","On The Radio",wantlist
uk,smooth70s,"Donny Osmond","Puppy Love",collection
uk,smooth70s,"Dr. Hook","A Little Bit More",collection
uk,smooth70s,"Dr. Hook","When You're In Love With A Beautiful Woman",collection
uk,smooth70s,Eagles,"Hotel California",wantlist
uk,smooth70s,Eagles,"Lyin' Eyes",wantlist
uk,smooth70s,Eagles,"Take It Easy",wantlist
uk,smooth70s,Eagles,"Take It To The Limit",collection
uk,smooth70s,"Earth, Wind & Fire","After The Love Is Gone",collection
uk,smooth70s,"Earth, Wind & Fire",Fantasy,collection
uk,smooth70s,"Earth, Wind & Fire",September,collection
uk,smooth70s,"Earth, Wind & Fire & The Emotions","Boogie Wonderland",collection
uk,smooth70s,"Edison Lighthouse","Love Grows (Where My Rosemary Goes)",collection
uk,smooth70s,"Edwin Starr","H.A.P.P.Y. Radio",collection
uk,smooth70s,"Electric Light Orchestra","Livin' Thing",collection
uk,smooth70s,"Elton John","Are You Ready For Love",wantlist
uk,smooth70s,"Elton John","Bennie And The Jets",collection
uk,smooth70s,"Elton John","Candle In The Wind",collection
uk,smooth70s,"Elton John","Crocodile Rock",collection
uk,smooth70s,"Elton John",Daniel,collection
uk,smooth70s,"Elton John","Goodbye Yellow Brick Road",collection
uk,smooth70s,"Elton John","Rocket Man (I Think It's Going To Be A Long, Long Time)",collection
uk,smooth70s,"Elton John","Saturday Night's Alright (For Fighting)",collection
uk,smooth70s,"Elton John","Sorry Seems To Be The Hardest Word",collection
uk,smooth70s,"Elton John and Kiki Dee","Don't Go Breaking My Heart",collection
uk,smooth70s,"England Dan & John Ford Coley","I'd Really Love To See You Tonight",collection
uk,smooth70s,"Eric Clapton","Wonderful Tonight",collection
uk,smooth70s,"Evelyn """"Champagne"""" King",Shame,collection
uk,smooth70s,"Fleetwood Mac",Albatross,collection
uk,smooth70s,"Fleetwood Mac","Don't Stop",collection
uk,smooth70s,"Fleetwood Mac",Dreams,collection
uk,smooth70s,"Fleetwood Mac","Go Your Own Way",wantlist
uk,smooth70s,Foreigner,"Cold As Ice",collection
uk,smooth70s,"Frankie Valli",Grease,collection
uk,smooth70s,"Frankie Valli","My Eyes Adored You",collection
uk,smooth70s,"Frankie Valli & The Four Seasons","December, 63 (Oh What A Night!)",collection
uk,smooth70s,"Frankie Valli & The Four Seasons","Who Loves You",collection
uk,smooth70s,Free,"All Right Now",collection
uk,smooth70s,"Gallagher & Lyle","I Wanna Stay With You",collection
uk,smooth70s,"Gary Numan",Cars,collection
uk,smooth70s,"Genesis, Tony Banks","Follow You Follow Me",collection
uk,smooth70s,"George Harrison","My Sweet Lord",collection
uk,smooth70s,"George McCrae","Rock Your Baby",collection
uk,smooth70s,"Gerry Rafferty","Baker Street",collection
uk,smooth70s,"Gladys Knight & The Pips","Baby Don't Change Your Mind",collection
uk,smooth70s,"Gladys Knight & The Pips","Midnight Train To Georgia",collection
uk,smooth70s,"Gladys Knight & The Pips","The Best Thing That Ever Happened To Me",collection
uk,smooth70s,"Gloria Gaynor","Never Can Say Goodbye",collection
uk,smooth70s,"Gordon Lightfoot","If You Could Read My Mind",wantlist
uk,smooth70s,"Harold Melvin & The Blue Notes","Don't Leave Me This Way",collection
uk,smooth70s,"Harry Nilsson","Without You",collection
uk,smooth70s,Heatwave,"Boogie Nights",collection
uk,smooth70s,"Hot Chocolate","Every 1's A Winner",collection
uk,smooth70s,"Hot Chocolate","So You Win Again",collection
uk,smooth70s,"Hot Chocolate","You Sexy Thing",collection
uk,smooth70s,"Hues Corporation","Rock The Boat",collection
uk,smooth70s,"Ian Dury & The Blockheads","Hit Me With Your Rhythm Stick",collection
uk,smooth70s,"Jackie Wilson","I Get The Sweetest Feeling",collection
uk,smooth70s,"James Taylor","You've Got A Friend",collection
uk,smooth70s,"Jeff Beck","Hi Ho Silver Lining",collection
uk,smooth70s,"Jimmy James & The Vagabonds","I'll Go Where The Music Takes Me",collection
uk,smooth70s,"Joan Armatrading","Love And Affection",collection
uk,smooth70s,"John Lennon",Imagine,collection
uk,smooth70s,"John Paul Young","Love Is In The Air",collection
uk,smooth70s,"Johnny Bristol","Hang On In There Baby",collection
uk,smooth70s,"Johnny Mathis & Deniece Williams","Too Much, Too Little, Too Late",collection
uk,smooth70s,"Joni Mitchell","Big Yellow Taxi",collection
uk,smooth70s,"KC & The Sunshine Band","Get Down Tonight",collection
uk,smooth70s,"KC & The Sunshine Band","Please Don't Go",collection
uk,smooth70s,"KC & The Sunshine Band","That's The Way (I Like It)",collection
uk,smooth70s,"Kate Bush","Wuthering Heights",collection
uk,smooth70s,"Kool & The Gang","Ladies Night",collection
uk,smooth70s,Labelle,"Lady Marmalade",collection
uk,smooth70s,"Labi Siffre","It Must Be Love",collection
uk,smooth70s,"Leo Sayer","Thunder In My Heart",collection
uk,smooth70s,"Leo Sayer","When I Need You",collection
uk,smooth70s,"Leo Sayer","You Make Me Feel Like Dancing",collection
uk,smooth70s,"Manfred Mann's Earth Band","Blinded By The Light",collection
uk,smooth70s,"Maria Muldaur","Midnight At The Oasis",collection
uk,smooth70s,"Marshall Hain","Dancing In The City",collection
uk,smooth70s,"McFadden & Whitehead","Ain't No Stoppin' Us Now",wantlist
uk,smooth70s,"Michael Jackson","Don't Stop Til You Get Enough",collection
uk,smooth70s,"Michael Jackson","Off The Wall",collection
uk,smooth70s,"Middle Of The Road","Chirpy Chirpy Cheep Cheep",collection
uk,smooth70s,"Minnie Riperton","Lovin' You",collection
uk,smooth70s,"Neil Diamond","Cracklin' Rosie",collection
uk,smooth70s,"Neil Diamond","Forever In Blue Jeans",collection
uk,smooth70s,"Neil Diamond","Sweet Caroline",collection
uk,smooth70s,"Neil Sedaka","Laughter In The Rain",collection
uk,smooth70s,"New York City","I'm Doin' Fine Now",collection
uk,smooth70s,Odyssey,"Native New Yorker",collection
uk,smooth70s,"Olivia Newton-John","Hopelessly Devoted To You",collection
uk,smooth70s,"Olivia Newton-John & John Travolta","You're The One That I Want",collection
uk,smooth70s,"Paul Simon","50 Ways To Leave Your Lover",collection
uk,smooth70s,"Peaches & Herb",Reunited,collection
uk,smooth70s,"Peter Gabriel","Solsbury Hill",collection
uk,smooth70s,Player,"Baby Come Back",collection
uk,smooth70s,Queen,"Bohemian Rhapsody",collection
uk,smooth70s,Queen,"Crazy Little Thing Called Love",collection
uk,smooth70s,Queen,"Don't Stop Me Now",collection
uk,smooth70s,Queen,"Somebody To Love",collection
uk,smooth70s,Queen,"We Are The Champions",collection
uk,smooth70s,Queen,"You're My Best Friend",wantlist
uk,smooth70s,"Randy Vanwarmer","Just When I Needed You Most",collection
uk,smooth70s,"Roberta Flack","The First Time Ever I Saw Your Face",collection
uk,smooth70s,"Roberta Flack & Donny Hathaway","Back Together Again",collection
uk,smooth70s,"Rod Stewart","Do Ya Think I'm Sexy?",collection
uk,smooth70s,"Rod Stewart","I Don't Want To Talk About It",collection
uk,smooth70s,"Rod Stewart","Maggie May",collection
uk,smooth70s,"Rod Stewart",Sailing,collection
uk,smooth70s,"Rod Stewart","You Wear It Well",collection
uk,smooth70s,"Rod Stewart","You're In My Heart",collection
uk,smooth70s,"Rose Royce","Car Wash",collection
uk,smooth70s,"Rose Royce","Love Don't Live Here Anymore",collection
uk,smooth70s,"Rose Royce","Wishing On A Star",collection
uk,smooth70s,"Roxy Music","Dance Away",collection
uk,smooth70s,"Sad Cafe","Every Day Hurts",collection
uk,smooth70s,"Samantha Sang",Emotion,collection
uk,smooth70s,"Sheila & B Devotion",Spacer,collection
uk,smooth70s,"Shirley Bassey","Diamonds Are Forever",collection
uk,smooth70s,"Simon & Garfunkel","Bridge Over Troubled Water",collection
uk,smooth70s,"Sister Sledge","He's The Greatest Dancer",collection
uk,smooth70s,"Sister Sledge","Lost In Music",collection
uk,smooth70s,"Sister Sledge","We Are Family",collection
uk,smooth70s,Smokie,"Living Next Door To Alice",collection
uk,smooth70s,Squeeze,"Up The Junction",collection
uk,smooth70s,"Stealers Wheel","Stuck In The Middle With You",collection
uk,smooth70s,"Steve Harley & Cockney Rebel","Make Me Smile (Come Up And See Me)",collection
uk,smooth70s,"Stevie Wonder","I Wish",collection
uk,smooth70s,"Stevie Wonder","Sir Duke",collection
uk,smooth70s,"Stevie Wonder",Superstition,collection
uk,smooth70s,Supertramp,"Breakfast In America",collection
uk,smooth70s,Supertramp,"Give A Little Bit",collection
uk,smooth70s,Supertramp,"The Logical Song",collection
uk,smooth70s,"Sutherland Brothers & Quiver","Arms Of Mary",collection
uk,smooth70s,Sylvester,"You Make Me Feel (Mighty Real)",collection
uk,smooth70s,"T. Rex","Get It On",collection
uk,smooth70s,"Tammy Wynette","Stand By Your Man",collection
uk,smooth70s,Tavares,"Heaven Must Be Missing An Angel",collection
uk,smooth70s,Tavares,"More Than A Woman",collection
uk,smooth70s,"The Beatles","Let It Be",wantlist
uk,smooth70s,"The Bellamy Brothers","If I Said You Had A Beautiful Body",collection
uk,smooth70s,"The Bellamy Brothers","Let Your Love Flow",collection
uk,smooth70s,"The Buggles","Video Killed The Radio Star",collection
uk,smooth70s,"The Chi-Lites","Have You Seen Her",collection
uk,smooth70s,"The Crusaders","Street Life",collection
uk,smooth70s,"The Detroit Emeralds","Feel The Need In Me",collection
uk,smooth70s,"The Detroit Spinners","Could It Be I'm Falling In Love",collection
uk,smooth70s,"The Doobie Brothers","Listen To The Music",collection
uk,smooth70s,"The Doobie Brothers","Long Train Running",collection
uk,smooth70s,"The Doobie Brothers","What A Fool Believes",collection
uk,smooth70s,"The Drifters","Kissin' In The Back Row Of The Movies",collection
uk,smooth70s,"The Drifters","You're More Than A Number In My Little Red Book",collection
uk,smooth70s,"The Emotions","Best Of My Love",collection
uk,smooth70s,"The Hollies","The Air That I Breathe",collection
uk,smooth70s,"The Jacksons","Blame It On The Boogie",collection
uk,smooth70s,"The Jacksons","Show You The Way To Go",collection
uk,smooth70s,"The Nolans","I'm In The Mood For Dancing",collection
uk,smooth70s,"The O'Jays","I Love Music",collection
uk,smooth70s,"The O'Jays","Use ta Be My Girl",collection
uk,smooth70s,"The Osmonds","Love Me For A Reason",collection
uk,smooth70s,"The Police","Message In A Bottle",collection
uk,smooth70s,"The Police","Walking On The Moon",collection
uk,smooth70s,"The Real Thing","Can't Get By Without You",collection
uk,smooth70s,"The Real Thing","You To Me Are Everything",collection
uk,smooth70s,"The Starland Vocal Band","Afternoon Delight",collection
uk,smooth70s,"The Steve Miller Band","The Joker",collection
uk,smooth70s,"The Stylistics","Can't Give You Anything (But My Love)",collection
uk,smooth70s,"The Stylistics","I'm Stone In Love With You",collection
uk,smooth70s,"The Stylistics","You Make Me Feel Brand",collection
uk,smooth70s,"The Supremes","Nathan Jones",collection
uk,smooth70s,"The Three Degrees","When Will I See You Again",collection
uk,smooth70s,"The Trammps","Hold Back The Night",collection
uk,smooth70s,"The Tymes","Ms Grace",collection
uk,smooth70s,"Thelma Houston","Don't Leave Me This Way",collection
uk,smooth70s,"Tina Charles","I Love To Love",collection
uk,smooth70s,"Tom Jones","She's A Lady",collection
uk,smooth70s,"Tony Christie","Is This The Way To Amarillo",collection
uk,smooth70s,"Tubeway Army","Are 'Friends' Electric?",collection
uk,smooth70s,"Warren Zevon","Werewolves Of London",wantlist
uk,smooth70s,"Wild Cherry","Play That Funky Music",collection
uk,smooth70s,Wings,"Band On The Run",collection
uk,smooth70s,Wings,"Silly Love Songs",collection
uk,smooth70s,"Yvonne Elliman","If I Can't Have You",wantlist
uk,smooth80s,A-ha,"Take On Me",collection
uk,smooth80s,A-ha,"The Sun Always Shines On TV",collection
uk,smooth80s,ABBA,"One of Us",collection
uk,smooth80s,ABBA,"Super Trouper",collection
uk,smooth80s,ABBA,"The Winner Takes It All",collection
uk,smooth80s,ABC,"When Smokey Sings",collection
uk,smooth80s,"Alexander O'Neal",Criticize,wantlist
uk,smooth80s,"Alison Moyet","All Cried Out",collection
uk,smooth80s,"Alison Moyet",Invisible,collection
uk,smooth80s,"Alison Moyet","Is This Love?",collection
uk,smooth80s,"Alison Moyet","Weak In The Presence of Beauty",collection
uk,smooth80s,"Anita Baker","Sweet Love",collection
uk,smooth80s,"Aretha Franklin","Who's Zoomin' Who",collection
uk,smooth80s,"Aretha Franklin and George Michael","I Knew You Were Waiting (For Me)",collection
uk,smooth80s,"Ashford & Simpson",Solid,collection
uk,smooth80s,"Atlantic Starr",Always,collection
uk,smooth80s,"Atlantic Starr","Secret Lovers",collection
uk,smooth80s,"Average White Band","Let's Go Round Again",collection
uk,smooth80s,"Aztec Camera","Somewhere In My Heart",collection
uk,smooth80s,"Barbra Streisand","Woman In Love",collection
uk,smooth80s,"Bee Gees","You Win Again",collection
uk,smooth80s,"Belinda Carlisle","Circle In The Sand",collection
uk,smooth80s,"Bette Midler","Wind Beneath My Wings",collection
uk,smooth80s,"Bill Medley and Jennifer Warnes","(I've Had) The Time Of My Life",collection
uk,smooth80s,"Bill Withers and Grover Washington Jr","Just The Two Of Us",collection
uk,smooth80s,"Billy Joel","An Innocent Man",wantlist
uk,smooth80s,"Billy Joel","Tell Her About It",collection
uk,smooth80s,"Billy Joel","The Longest Time",wantlist
uk,smooth80s,"Billy Joel","Uptown Girl",collection
uk,smooth80s,"Billy Ocean","Caribbean Queen (No More Love On the Run)",collection
uk,smooth80s,Black,"Wonderful Life",collection
uk,smooth80s,Blondie,"The Tide Is High",collection
uk,smooth80s,"Boris Gardiner","I Want To Wake Up With You",collection
uk,smooth80s,"Boy George","Everything I Own",collection
uk,smooth80s,"Boy Meets Girl","Waiting For A Star To Fall",collection
uk,smooth80s,Breathe,"Hands To Heaven",collection
uk,smooth80s,"Bruce Hornsby And The Range","The Way It Is",collection
uk,smooth80s,"Bryan Adams",Heaven,wantlist
uk,smooth80s,"Bryan Ferry","Slave To Love",wantlist
uk,smooth80s,"Captain & Tennille","Do That To Me One More Time",collection
uk,smooth80s,"Carly Simon",Why,collection
uk,smooth80s,Cher,"If I Could Turn Back Time",collection
uk,smooth80s,Cher,"Just Like Jesse James",collection
uk,smooth80s,"Cherrelle & Alexander O'Neal","Saturday Love",collection
uk,smooth80s,Chicago,"Hard Habit To Break",collection
uk,smooth80s,Chicago,"You're The Inspiration",collection
uk,smooth80s,"Chris de Burgh","The Lady In Red",collection
uk,smooth80s,"Christopher Cross","Arthur's Theme (Best That You Can Do)",collection
uk,smooth80s,"Cliff Richard","Wired For Sound",collection
uk,smooth80s,"Climie Fisher","Love Changes (Everything)",collection
uk,smooth80s,Commodores,Nightshift,collection
uk,smooth80s,"Crowded House","Don't Dream It's Over",wantlist
uk,smooth80s,"Culture Club","Do You Really Want To Hurt Me",collection
uk,smooth80s,"Culture Club","Karma Chameleon",collection
uk,smooth80s,"Curiosity Killed The Cat","Down To Earth",collection
uk,smooth80s,"Cutting Crew","(I Just) Died In Your Arms",collection
uk,smooth80s,"Cyndi Lauper","Girls Just Want To Have Fun",collection
uk,smooth80s,"Cyndi Lauper","Time After Time",collection
uk,smooth80s,"Dan Hartman","I Can Dream About You",collection
uk,smooth80s,"Daryl Hall & John Oates","I Can't Go For That",collection
uk,smooth80s,"Daryl Hall & John Oates",Maneater,collection
uk,smooth80s,"Daryl Hall & John Oates","Out Of Touch",wantlist
uk,smooth80s,"Daryl Hall & John Oates","Private Eyes",collection
uk,smooth80s,"Daryl Hall & John Oates","You Make My Dreams",wantlist
uk,smooth80s,"David Bowie","Ashes To Ashes",collection
uk,smooth80s,"David Bowie","China Girl",collection
uk,smooth80s,"David Grant & Jaki Graham","Could It Be I'm Falling In Love",collection
uk,smooth80s,"Deacon Blue","Real Gone Kid",collection
uk,smooth80s,Debarge,"Rhythm Of The Night",collection
uk,smooth80s,"Dennis Edwards & Siedah Garrett","Don't Look Any Further",collection
uk,smooth80s,"Dexy's Midnight Runners","Come on Eileen",collection
uk,smooth80s,"Diana Ross","Chain Reaction",collection
uk,smooth80s,"Diana Ross","I'm Coming Out",collection
uk,smooth80s,"Diana Ross","Upside Down",collection
uk,smooth80s,"Diana Ross","Why Do Fools Fall In Love",collection
uk,smooth80s,"Diana Ross and Lionel Richie","Endless Love",collection
uk,smooth80s,"Dionne Warwick","All The Love In The World",collection
uk,smooth80s,"Dionne Warwick",Heartbreaker,collection
uk,smooth80s,"Dire Straits","Romeo & Juliet",collection
uk,smooth80s,"Dolly Parton","9 to 5",wantlist
uk,smooth80s,"Dolly Parton and Kenny Rogers","Islands In The Stream",collection
uk,smooth80s,"Donna Summer","On The Radio",wantlist
uk,smooth80s,"Duran Duran","Hungry Like The Wolf",collection
uk,smooth80s,"Duran Duran","Save A Prayer",collection
uk,smooth80s,"Earth, Wind & Fire","Let's Groove",collection
uk,smooth80s,"Elton John","I Guess That's Why They Call It The Blues",collection
uk,smooth80s,"Elton John","I'm Still Standing",collection
uk,smooth80s,"Elton John",Nikita,collection
uk,smooth80s,"Elton John","Sad Songs (Say So Much)",collection
uk,smooth80s,"Eric Carmen","Hungry Eyes",wantlist
uk,smooth80s,Eurythmics,"There Must Be An Angel",collection
uk,smooth80s,"Evelyn """"Champagne"""" King","Love Come Down",collection
uk,smooth80s,"Everything But The Girl","I Don't Want To Talk About It",collection
uk,smooth80s,"Fairground Attraction",Perfect,collection
uk,smooth80s,"Fat Larry's Band",Zoom,collection
uk,smooth80s,"Feargal Sharkey","A Good Heart",collection
uk,smooth80s,"Fleetwood Mac",Everywhere,wantlist
uk,smooth80s,"Fleetwood Mac","Little Lies",collection
uk,smooth80s,Foreigner,"I Want To Know What Love Is",collection
uk,smooth80s,Genesis,"That's All",collection
uk,smooth80s,"Genesis, Tony Banks","In Too Deep",collection
uk,smooth80s,"Genesis, Tony Banks","Invisible Touch",collection
uk,smooth80s,"George Benson","Give Me The Night",collection
uk,smooth80s,"George Benson","In Your Eyes",collection
uk,smooth80s,"George Benson","Lady Love Me (One More Time)",collection
uk,smooth80s,"George Benson","Never Give Up On A Good Thing",collection
uk,smooth80s,"George Benson","Turn Your Love Around",collection
uk,smooth80s,"George Michael","A Different Corner",collection
uk,smooth80s,"George Michael","Careless Whisper",collection
uk,smooth80s,"George Michael",Faith,collection
uk,smooth80s,"George Michael","Father Figure",collection
uk,smooth80s,"Gladys Knight","Licence To Kill",collection
uk,smooth80s,"Glenn Medeiros","Nothing's Gonna Change My Love For You",collection
uk,smooth80s,"Gloria Estefan","Don't Wanna Lose You",collection
uk,smooth80s,"Gloria Estefan and Miami Sound Machine","Anything For You",collection
uk,smooth80s,"Gloria Estefan and Miami Sound Machine","Can't Stay Away From You",collection
uk,smooth80s,"Go West","We Close Our Eyes",collection
uk,smooth80s,"Gregory Abbott","Shake You Down",collection
uk,smooth80s,Heart,Alone,collection
uk,smooth80s,Heart,"These Dreams",wantlist
uk,smooth80s,"Hot Chocolate","It Started With A Kiss",collection
uk,smooth80s,"Huey Lewis & The News","Stuck With You",collection
uk,smooth80s,Imagination,"Just An Illusion",collection
uk,smooth80s,"Irene Cara",Fame,collection
uk,smooth80s,"Irene Cara","Flashdance... What A Feeling",collection
uk,smooth80s,"James Ingram & Michael Mcdonald","Yah Mo B There",collection
uk,smooth80s,"Janet Jackson","Let's Wait Awhile",collection
uk,smooth80s,"Jeffrey Osborne","On The Wings Of Love",collection
uk,smooth80s,"Jennifer Rush","The Power Of Love",collection
uk,smooth80s,"Jermaine Jackson","Do What You Do",collection
uk,smooth80s,"Joe Jackson","Steppin' Out",collection
uk,smooth80s,"John Farnham","You're The Voice",collection
uk,smooth80s,"John Lennon",Imagine,collection
uk,smooth80s,"John Lennon",Woman,collection
uk,smooth80s,"John Parr","St. Elmo's Fire (Man In Motion)",collection
uk,smooth80s,"John Waite","Missing You",collection
uk,smooth80s,"Johnny Hates Jazz","Shattered Dreams",collection
uk,smooth80s,Journey,"Don't Stop Believin'",wantlist
uk,smooth80s,"Joyce Sims","Come Into My Life",collection
uk,smooth80s,"KC & The Sunshine Band","Give It Up",collection
uk,smooth80s,"Karyn White",Superwoman,collection
uk,smooth80s,"Kate Bush","Running Up That Hill",collection
uk,smooth80s,"Kenny Loggins",Footloose,collection
uk,smooth80s,"Kenny Rogers feat. Sheena Easton","We've Got Tonight",collection
uk,smooth80s,"Kim Carnes","Bette Davis Eyes",collection
uk,smooth80s,"Kim Wilde","You Keep Me Hangin' On",collection
uk,smooth80s,"Kool & The Gang",Celebration,collection
uk,smooth80s,"Kool & The Gang",Fresh,collection
uk,smooth80s,"Kool & The Gang","Get Down On It",collection
uk,smooth80s,"Kool & The Gang","Let's Go Dancin' (Ooh La La La)",collection
uk,smooth80s,"Kylie Minogue & Jason Donovan","Especially For You",collection
uk,smooth80s,"Labi Siffre","Something Inside (So Strong)",collection
uk,smooth80s,"Laura Branigan",Gloria,wantlist
uk,smooth80s,"Level 42","Lessons In Love",collection
uk,smooth80s,"Lionel Richie","All Night Long (All Night)",collection
uk,smooth80s,"Lionel Richie","Dancing On The Ceiling",collection
uk,smooth80s,"Lionel Richie",Hello,collection
uk,smooth80s,"Lionel Richie","Say You Say Me",collection
uk,smooth80s,"Lipps Inc",Funkytown,collection
uk,smooth80s,"Lisa Stansfield","All Around The World",collection
uk,smooth80s,"Living In A Box","Room In Your Heart",collection
uk,smooth80s,"Luther Vandross","Never Too Much",wantlist
uk,smooth80s,"Luther Vandross","So Amazing",collection
uk,smooth80s,Madness,"It Must Be Love",wantlist
uk,smooth80s,Madonna,Borderline,collection
uk,smooth80s,Madonna,Cherish,wantlist
uk,smooth80s,Madonna,"Crazy For You",collection
uk,smooth80s,Madonna,"Express Yourself",collection
uk,smooth80s,Madonna,"La Isla Bonita",collection
uk,smooth80s,Madonna,"Live To Tell",collection
uk,smooth80s,Madonna,"Material Girl",collection
uk,smooth80s,Madonna,"Open Your Heart",wantlist
uk,smooth80s,Madonna,"Papa Don't Preach",collection
uk,smooth80s,Madonna,"True Blue",collection
uk,smooth80s,"Marvin Gaye","Sexual Healing",collection
uk,smooth80s,"Matthew Wilder","Break My Stride",wantlist
uk,smooth80s,"Maxi Priest","Wild World",collection
uk,smooth80s,"Men At Work","Down Under",collection
uk,smooth80s,"Michael Bolton","How Am I Supposed To Live Without You",collection
uk,smooth80s,"Michael Bolton","How Can We Be Lovers",collection
uk,smooth80s,"Michael Jackson","I Just Can't Stop Loving You",collection
uk,smooth80s,"Michael Jackson","Man In The Mirror",wantlist
uk,smooth80s,"Michael Jackson","P.Y.T. (Pretty Young Thing)",wantlist
uk,smooth80s,"Michael Jackson","Rock With You",collection
uk,smooth80s,"Michael Jackson","The Way You Make Me Feel",collection
uk,smooth80s,"Michael Jackson & Paul Mccartney","Say Say Say",collection
uk,smooth80s,"Michael McDonald","Sweet Freedom",collection
uk,smooth80s,"Michael Sembello",Maniac,collection
uk,smooth80s,"Mike & The Mechanics","The Living Years",collection
uk,smooth80s,"Mr. Mister","Broken Wings",collection
uk,smooth80s,"Narada Michael Walden","I Shoulda Loved Ya",collection
uk,smooth80s,"Natalie Cole","Miss You Like Crazy",wantlist
uk,smooth80s,"Nik Kershaw","I Won't Let The Sun Go Down On Me",collection
uk,smooth80s,"Nik Kershaw","The Riddle",collection
uk,smooth80s,"Nik Kershaw","Wouldn't It Be Good",collection
uk,smooth80s,Odyssey,"Going Back To My Roots",collection
uk,smooth80s,Odyssey,"Use It Up And Wear It Out",collection
uk,smooth80s,"Olivia Newton-John",Physical,collection
uk,smooth80s,"Patti Austin and James Ingram","Baby Come To Me",collection
uk,smooth80s,"Patti LaBelle and Michael McDonald","On My Own",collection
uk,smooth80s,"Paul McCartney and Stevie Wonder","Ebony And Ivory",collection
uk,smooth80s,"Paul Simon","You Can Call Me Al",collection
uk,smooth80s,"Paul Young","Every Time You Go Away",collection
uk,smooth80s,"Paul Young","Everything Must Change",collection
uk,smooth80s,"Paul Young","Love Of The Common People",collection
uk,smooth80s,"Paul Young","Wherever I Lay My Hat (That's My Home)",collection
uk,smooth80s,"Pet Shop Boys","West End Girls",collection
uk,smooth80s,"Peter Gabriel",Sledgehammer,collection
uk,smooth80s,"Phil Collins","A Groovy Kind Of Love",collection
uk,smooth80s,"Phil Collins","Another Day In Paradise",collection
uk,smooth80s,"Phil Collins","Two Hearts",collection
uk,smooth80s,"Phil Collins","You Can't Hurry Love",collection
uk,smooth80s,"Phil Oakey & Giorgio Moroder","Together In Electric Dreams",collection
uk,smooth80s,"Philip Bailey and Phil Collins","Easy Lover",collection
uk,smooth80s,Pretenders,"Brass In Pocket",collection
uk,smooth80s,Pretenders,"Don't Get Me Wrong",wantlist
uk,smooth80s,Prince,1999,wantlist
uk,smooth80s,Prince,"Little Red Corvette",collection
uk,smooth80s,Queen,"A Kind Of Magic",collection
uk,smooth80s,Queen,"Another One Bites The Dust",collection
uk,smooth80s,Queen,"Radio Ga Ga",collection
uk,smooth80s,"REO Speedwagon","Can't Fight This Feeling",wantlist
uk,smooth80s,"REO Speedwagon","Keep On Loving You",collection
uk,smooth80s,"Randy Crawford","One Day I'll Fly Away",collection
uk,smooth80s,"Randy Crawford","Rainy Night In Georgia",collection
uk,smooth80s,"Randy Crawford","You Might Need Somebody",collection
uk,smooth80s,"Richard Marx","Right Here Waiting",collection
uk,smooth80s,"Rick Astley","Never Gonna Give You Up",collection
uk,smooth80s,"Robbie Nevil","C'est La Vie",collection
uk,smooth80s,"Roberta Flack & Donny Hathaway","Back Together Again",collection
uk,smooth80s,"Robin Beck","First Time",collection
uk,smooth80s,"Rod Stewart","Baby Jane",collection
uk,smooth80s,"Roxy Music",Avalon,wantlist
uk,smooth80s,"Roy Orbison","You Got It",collection
uk,smooth80s,"Rufus & Chaka Khan","Ain't Nobody",collection
uk,smooth80s,Sade,"Smooth Operator",collection
uk,smooth80s,Sade,"Your Love Is King",collection
uk,smooth80s,Shalamar,"A Night To Remember",collection
uk,smooth80s,Shalamar,"I Can Make You Feel Good",collection
uk,smooth80s,"Sheena Easton","For Your Eyes Only",collection
uk,smooth80s,"Simply Red","A New Flame",wantlist
uk,smooth80s,"Simply Red","If You Don't Know Me By Now",collection
uk,smooth80s,"Simply Red","Money's Too Tight To Mention",collection
uk,smooth80s,"Sister Sledge",Frankie,collection
uk,smooth80s,"Smokey Robinson","Being With You",collection
uk,smooth80s,"Soul II Soul","Keep On Movin'",wantlist
uk,smooth80s,"Spandau Ballet",Gold,collection
uk,smooth80s,"Spandau Ballet",True,collection
uk,smooth80s,"Stacy Lattisaw","Jump To The Beat",collection
uk,smooth80s,Starship,"Nothing's Gonna Stop Us Now",collection
uk,smooth80s,"Stephanie Mills","Never Knew Love Like This Before",collection
uk,smooth80s,"Steve Miller Band",Abracadabra,collection
uk,smooth80s,"Steve Winwood","Higher Love",collection
uk,smooth80s,"Stevie Wonder","I Just Called To Say I Love You",collection
uk,smooth80s,"Stevie Wonder","Master Blaster (Jammin')",collection
uk,smooth80s,"Stevie Wonder","Part Time Lover",collection
uk,smooth80s,Sting,"Englishman In New York",collection
uk,smooth80s,"Swing Out Sister",Breakout,collection
uk,smooth80s,"Sydney Youngblood","If Only I Could",collection
uk,smooth80s,"T'pau","China In Your Hand",collection
uk,smooth80s,"Tears For Fears","Everybody Wants To Rule The World",collection
uk,smooth80s,"Terence Trent D'arby","Sign Your Name",collection
uk,smooth80s,"The Bangles","Eternal Flame",collection
uk,smooth80s,"The Bangles","Manic Monday",collection
uk,smooth80s,"The Beautiful South","Song For Whoever",collection
uk,smooth80s,"The Bluebells","Young At Heart",collection
uk,smooth80s,"The Brothers Johnson",Stomp!,collection
uk,smooth80s,"The Cars",Drive,collection
uk,smooth80s,"The Detroit Spinners","Working My Way Back To You",collection
uk,smooth80s,"The Human League",Human,collection
uk,smooth80s,"The Pointer Sisters",Automatic,collection
uk,smooth80s,"The Pointer Sisters","I'm So Excited",collection
uk,smooth80s,"The Pointer Sisters","Jump (For My Love)",collection
uk,smooth80s,"The Pointer Sisters","Slow Hand",collection
uk,smooth80s,"The Police","Don't Stand So Close To Me",collection
uk,smooth80s,"The Police","Every Breath You Take",collection
uk,smooth80s,"The Police","Every Little Thing She Does Is Magic",collection
uk,smooth80s,"The Style Council","You're The Best Thing",wantlist
uk,smooth80s,"The Temptations","Treat Her Like A Lady",collection
uk,smooth80s,"The Whispers","And The Beat Goes On",collection
uk,smooth80s,"Thompson Twins","Hold Me Now",collection
uk,smooth80s,"Tina Turner","I Don't Wanna Lose You",collection
uk,smooth80s,"Tina Turner","Let's Stay Together",collection
uk,smooth80s,"Tina Turner","Private Dancer",collection
uk,smooth80s,"Tina Turner","The Best",collection
uk,smooth80s,"Tina Turner","We Don't Need Another Hero (Thunderdome)",collection
uk,smooth80s,"Tina Turner","What's Love Got To Do With It",collection
uk,smooth80s,Toto,Africa,collection
uk,smooth80s,"Tracy Chapman","Baby Can I Hold You",wantlist
uk,smooth80s,"Tracy Chapman","Fast Car",collection
uk,smooth80s,U2,"With Or Without You",collection
uk,smooth80s,UB40,"Red Red Wine",collection
uk,smooth80s,"UB40 and Chrissie Hynde","I Got You Babe",collection
uk,smooth80s,"Wet Wet Wet","Angel Eyes (Home and Away)",collection
uk,smooth80s,"Wet Wet Wet","Sweet Surrender",collection
uk,smooth80s,Wham!,"Everything She Wants",collection
uk,smooth80s,Wham!,Freedom,collection
uk,smooth80s,Wham!,"Wake Me Up Before You Go Go",collection
uk,smooth80s,"Whitney Houston","Didn't We Almost Have It All",collection
uk,smooth80s,"Whitney Houston","One Moment In Time",collection
uk,smooth80s,"Whitney Houston","Saving All My Love For You",collection
uk,smooth80s,"Will To Power","Baby I Love Your Way / Freebird",collection
uk,smooth80s,"Womack & Womack",Teardrops,collection
uk,smooth80s,Yazoo,"Only You",collection
uk,smoothcountry,"Dolly Parton","9 to 5",wantlist
uk,smoothcountry,"Dolly Parton",Jolene,collection
uk,smoothcountry,"Johnny Cash","Ring Of Fire",wantlist
uk,smoothlovesongs,"All Saints","Never Ever",wantlist
uk,smoothlovesongs,"Atlantic Starr",Always,collection
uk,smoothlovesongs,"Atlantic Starr","Secret Lovers",collection
uk,smoothlovesongs,"Barbra Streisand","Woman In Love",collection
uk,smoothlovesongs,"Barry Manilow","Looks Like We Made It",collection
uk,smoothlovesongs,"Barry Manilow",Mandy,collection
uk,smoothlovesongs,"Barry White","Just The Way You Are",collection
uk,smoothlovesongs,"Bette Midler","Wind Beneath My Wings",collection
uk,smoothlovesongs,"Bill Withers and Grover Washington Jr","Just The Two Of Us",collection
uk,smoothlovesongs,"Billy Joel","She's Always A Woman To Me",wantlist
uk,smoothlovesongs,"Billy Paul","Me And Mrs Jones",collection
uk,smoothlovesongs,"Boris Gardiner","I Want To Wake Up With You",collection
uk,smoothlovesongs,Bread,"Make It With You",collection
uk,smoothlovesongs,"Bryan Adams","(Everything I Do) I Do It For You...",collection
uk,smoothlovesongs,"Carly Simon","Nobody Does It Better",collection
uk,smoothlovesongs,"Chris de Burgh","The Lady In Red",collection
uk,smoothlovesongs,Commodores,"Three Times A Lady",collection
uk,smoothlovesongs,"David Grant & Jaki Graham","Could It Be I'm Falling In Love",collection
uk,smoothlovesongs,"Diana Ross","When You Tell Me That You Love Me",collection
uk,smoothlovesongs,"Diana Ross and Lionel Richie","Endless Love",collection
uk,smoothlovesongs,"Dr. Hook","A Little Bit More",collection
uk,smoothlovesongs,"England Dan & John Ford Coley","I'd Really Love To See You Tonight",collection
uk,smoothlovesongs,"Eric Carmen","Hungry Eyes",wantlist
uk,smoothlovesongs,"Eric Clapton","Wonderful Tonight",collection
uk,smoothlovesongs,"Force M.D.'s","Tender Love",collection
uk,smoothlovesongs,Foreigner,"I Want To Know What Love Is",collection
uk,smoothlovesongs,"Frankie Valli","My Eyes Adored You",collection
uk,smoothlovesongs,"Genesis, Tony Banks","In Too Deep",collection
uk,smoothlovesongs,"George Benson","In Your Eyes",collection
uk,smoothlovesongs,"Glenn Medeiros","Nothing's Gonna Change My Love For You",collection
uk,smoothlovesongs,"Gloria Estefan","Don't Wanna Lose You",collection
uk,smoothlovesongs,"Gloria Estefan and Miami Sound Machine","Anything For You",collection
uk,smoothlovesongs,"Jennifer Rush","The Power Of Love",collection
uk,smoothlovesongs,"Joe Cocker and Jennifer Warnes","Up Where We Belong",collection
uk,smoothlovesongs,"John Lennon",Woman,collection
uk,smoothlovesongs,"Johnny Bristol","Hang On In There Baby",collection
uk,smoothlovesongs,"KC & The Sunshine Band","Please Don't Go",collection
uk,smoothlovesongs,"Linda Ronstadt and Aaron Neville","Don't Know Much",collection
uk,smoothlovesongs,"Lionel Richie",Hello,collection
uk,smoothlovesongs,"Lionel Richie","Stuck On You",collection
uk,smoothlovesongs,"Louis Armstrong","We Have All The Time In The World",wantlist
uk,smoothlovesongs,"Luther Vandross","So Amazing",collection
uk,smoothlovesongs,Madonna,"Crazy For You",collection
uk,smoothlovesongs,"Maria Mckee","Show Me Heaven",collection
uk,smoothlovesongs,"Marvin Gaye","Sexual Healing",collection
uk,smoothlovesongs,"Michael Jackson","I Just Can't Stop Loving You",collection
uk,smoothlovesongs,"Minnie Riperton","Lovin' You",collection
uk,smoothlovesongs,"Patti Austin and James Ingram","Baby Come To Me",collection
uk,smoothlovesongs,"Peabo Bryson and Roberta Flack","Tonight I Celebrate My Love",collection
uk,smoothlovesongs,"Percy Sledge","When A Man Loves A Woman",collection
uk,smoothlovesongs,"Phil Collins","A Groovy Kind Of Love",collection
uk,smoothlovesongs,"Phil Collins","One More Night",collection
uk,smoothlovesongs,"Richard Marx","Right Here Waiting",collection
uk,smoothlovesongs,"Roberta Flack","Feel Like Makin' Love",collection
uk,smoothlovesongs,"Rod Stewart","You're In My Heart",collection
uk,smoothlovesongs,Sade,"Your Love Is King",collection
uk,smoothlovesongs,"Savage Garden","I Knew I Loved You",wantlist
uk,smoothlovesongs,"Savage Garden","Truly Madly Deeply",wantlist
uk,smoothlovesongs,"Sinead O'connor","Nothing Compares 2 U",collection
uk,smoothlovesongs,"Smokey Robinson","Being With You",collection
uk,smoothlovesongs,"Stevie Wonder","I Just Called To Say I Love You",collection
uk,smoothlovesongs,"The Bangles","Eternal Flame",collection
uk,smoothlovesongs,"The Hollies","The Air That I Breathe",collection
uk,smoothlovesongs,"The Pointer Sisters","Slow Hand",collection
uk,smoothlovesongs,"The Righteous Brothers","Unchained Melody",collection
uk,smoothlovesongs,"The Style Council","You're The Best Thing",wantlist
uk,smoothlovesongs,"The Stylistics","You Make Me Feel Brand",collection
uk,smoothlovesongs,"Tracy Chapman","Baby Can I Hold You",wantlist
uk,smoothlovesongs,"Wet Wet Wet","Love Is All Around",collection
uk,smoothlovesongs,"Whitney Houston","I Will Always Love You",collection
uk,smoothlovesongs,"Whitney Houston","Saving All My Love For You",collection
uk,smoothlovesongs,Yazoo,"Only You",collection
uk,smoothradio1022,10cc,"I'm Not In Love",collection
uk,smoothradio1022,A-ha,"Take On Me",collection
uk,smoothradio1022,ABBA,"Dancing Queen",collection
uk,smoothradio1022,ABBA,"Gimme! Gimme! Gimme! (A Man After Midnight)",collection
uk,smoothradio1022,ABBA,"Knowing Me Knowing You",collection
uk,smoothradio1022,ABBA,"Mamma Mia",collection
uk,smoothradio1022,ABBA,"Money, Money, Money",collection
uk,smoothradio1022,ABBA,"One of Us",collection
uk,smoothradio1022,ABBA,SOS,collection
uk,smoothradio1022,ABBA,"Super Trouper",collection
uk,smoothradio1022,ABBA,"Take A Chance On Me",collection
uk,smoothradio1022,ABBA,"The Name Of The Game",collection
uk,smoothradio1022,ABBA,"The Winner Takes It All",collection
uk,smoothradio1022,ABBA,Voulez-Vous,collection
uk,smoothradio1022,"Ace Of Base","All That She Wants",collection
uk,smoothradio1022,"Air Supply","All Out Of Love",collection
uk,smoothradio1022,"Alannah Myles","Black Velvet",collection
uk,smoothradio1022,"Alexander O'Neal",Criticize,wantlist
uk,smoothradio1022,"Alison Moyet",Invisible,collection
uk,smoothradio1022,"Alison Moyet","Is This Love?",collection
uk,smoothradio1022,"Alison Moyet","Weak In The Presence of Beauty",collection
uk,smoothradio1022,"All Saints","Never Ever",wantlist
uk,smoothradio1022,"Andy Williams","Can't Take My Eyes Off You",collection
uk,smoothradio1022,"Aretha Franklin","I Say A Little Prayer",collection
uk,smoothradio1022,"Aretha Franklin",Respect,wantlist
uk,smoothradio1022,"Aretha Franklin and George Michael","I Knew You Were Waiting (For Me)",collection
uk,smoothradio1022,"Ashford & Simpson",Solid,collection
uk,smoothradio1022,"Atlantic Starr",Always,collection
uk,smoothradio1022,"Atlantic Starr","Secret Lovers",collection
uk,smoothradio1022,Bananarama,Venus,collection
uk,smoothradio1022,"Barbra Streisand","Woman In Love",collection
uk,smoothradio1022,"Barry Manilow",Mandy,collection
uk,smoothradio1022,"Barry White","Can't Get Enough Of Your Love Babe",collection
uk,smoothradio1022,"Barry White","Just The Way You Are",collection
uk,smoothradio1022,"Barry White","You See The Trouble With Me",collection
uk,smoothradio1022,"Barry White","You're The First, The Last, My Everything",collection
uk,smoothradio1022,"Bee Gees","How Deep is Your Love",collection
uk,smoothradio1022,"Bee Gees","Night Fever",collection
uk,smoothradio1022,"Bee Gees","Stayin' Alive",collection
uk,smoothradio1022,"Bee Gees","Too Much Heaven",collection
uk,smoothradio1022,"Bee Gees",Tragedy,collection
uk,smoothradio1022,"Bee Gees","You Should Be Dancing",collection
uk,smoothradio1022,"Bee Gees","You Win Again",collection
uk,smoothradio1022,"Belinda Carlisle","Heaven Is A Place On Earth",collection
uk,smoothradio1022,"Bette Midler","Wind Beneath My Wings",collection
uk,smoothradio1022,"Bill Medley and Jennifer Warnes","(I've Had) The Time Of My Life",collection
uk,smoothradio1022,"Bill Withers","Lean On Me",collection
uk,smoothradio1022,"Bill Withers and Grover Washington Jr","Just The Two Of Us",collection
uk,smoothradio1022,"Billy Joel","Just The Way You Are",collection
uk,smoothradio1022,"Billy Joel","My Life",collection
uk,smoothradio1022,"Billy Joel","She's Always A Woman To Me",wantlist
uk,smoothradio1022,"Billy Joel","Tell Her About It",collection
uk,smoothradio1022,"Billy Joel","The Longest Time",wantlist
uk,smoothradio1022,"Billy Joel","Uptown Girl",collection
uk,smoothradio1022,"Billy Ocean","Caribbean Queen (No More Love On the Run)",collection
uk,smoothradio1022,"Billy Ocean","Get Outta My Dreams, Get Into My Car",collection
uk,smoothradio1022,"Billy Ocean","Love Really Hurts Without You",collection
uk,smoothradio1022,"Billy Ocean",Suddenly,collection
uk,smoothradio1022,"Billy Ocean","When The Going Gets Tough, The Tough Get Going",collection
uk,smoothradio1022,"Billy Paul","Me And Mrs Jones",collection
uk,smoothradio1022,Blondie,"Heart Of Glass",collection
uk,smoothradio1022,Blondie,"The Tide Is High",collection
uk,smoothradio1022,"Boney M.","Daddy Cool",collection
uk,smoothradio1022,"Bonnie Tyler","Total Eclipse Of The Heart",collection
uk,smoothradio1022,"Boris Gardiner","I Want To Wake Up With You",collection
uk,smoothradio1022,"Boy George","Everything I Own",collection
uk,smoothradio1022,"Boy Meets Girl","Waiting For A Star To Fall",collection
uk,smoothradio1022,"Bruce Hornsby And The Range","The Way It Is",collection
uk,smoothradio1022,"Bryan Adams","(Everything I Do) I Do It For You...",collection
uk,smoothradio1022,"Bryan Adams",Heaven,wantlist
uk,smoothradio1022,"Bryan Ferry","Slave To Love",wantlist
uk,smoothradio1022,"Candi Staton","Young Hearts Run Free",collection
uk,smoothradio1022,"Carly Simon","Nobody Does It Better",collection
uk,smoothradio1022,"Carly Simon","You're So Vain",collection
uk,smoothradio1022,Carpenters,"Yesterday Once More",collection
uk,smoothradio1022,"Chairmen Of The Board","Give Me Just A Little More Time",collection
uk,smoothradio1022,"Chaka Khan","I'm Every Woman",collection
uk,smoothradio1022,"Charles & Eddie","Would I Lie To You",collection
uk,smoothradio1022,Cher,Believe,wantlist
uk,smoothradio1022,Cher,"If I Could Turn Back Time",collection
uk,smoothradio1022,Chic,"Everybody Dance",collection
uk,smoothradio1022,Chic,"Good Times",collection
uk,smoothradio1022,Chic,"Le Freak",collection
uk,smoothradio1022,Chicago,"Hard Habit To Break",collection
uk,smoothradio1022,Chicago,"If You Leave Me Now",collection
uk,smoothradio1022,Chicago,"You're The Inspiration",collection
uk,smoothradio1022,"Chris Isaak","Wicked Game",collection
uk,smoothradio1022,"Chris de Burgh","The Lady In Red",collection
uk,smoothradio1022,"Christopher Cross","Arthur's Theme (Best That You Can Do)",collection
uk,smoothradio1022,"Climie Fisher","Love Changes (Everything)",collection
uk,smoothradio1022,Commodores,Easy,collection
uk,smoothradio1022,Commodores,Nightshift,collection
uk,smoothradio1022,Commodores,Still,collection
uk,smoothradio1022,Commodores,"Three Times A Lady",collection
uk,smoothradio1022,"Crowded House","Don't Dream It's Over",wantlist
uk,smoothradio1022,"Culture Club","Do You Really Want To Hurt Me",collection
uk,smoothradio1022,"Culture Club","Karma Chameleon",collection
uk,smoothradio1022,"Curtis Stigers","I Wonder Why",collection
uk,smoothradio1022,"Cutting Crew","(I Just) Died In Your Arms",collection
uk,smoothradio1022,"Cyndi Lauper","Girls Just Want To Have Fun",collection
uk,smoothradio1022,"Cyndi Lauper","Time After Time",collection
uk,smoothradio1022,"Cyndi Lauper","True Colours",collection
uk,smoothradio1022,"Dan Hill","Sometimes When We Touch",collection
uk,smoothradio1022,"Daryl Hall & John Oates",Maneater,collection
uk,smoothradio1022,"David Bowie","Let's Dance",collection
uk,smoothradio1022,"Deacon Blue","Real Gone Kid",collection
uk,smoothradio1022,Debarge,"Rhythm Of The Night",collection
uk,smoothradio1022,"Deniece Williams","Let's Hear It For The Boy",collection
uk,smoothradio1022,"Dexy's Midnight Runners","Come on Eileen",collection
uk,smoothradio1022,"Diana Ross","Chain Reaction",collection
uk,smoothradio1022,"Diana Ross","I'm Coming Out",collection
uk,smoothradio1022,"Diana Ross","Upside Down",collection
uk,smoothradio1022,"Diana Ross","When You Tell Me That You Love Me",collection
uk,smoothradio1022,"Diana Ross and Lionel Richie","Endless Love",collection
uk,smoothradio1022,"Dionne Warwick",Heartbreaker,collection
uk,smoothradio1022,"Dire Straits","Walk Of Life",collection
uk,smoothradio1022,"Dolly Parton","9 to 5",wantlist
uk,smoothradio1022,"Dolly Parton",Jolene,collection
uk,smoothradio1022,"Dolly Parton and Kenny Rogers","Islands In The Stream",collection
uk,smoothradio1022,"Donna Summer","Hot Stuff",collection
uk,smoothradio1022,"Dr. Hook","A Little Bit More",collection
uk,smoothradio1022,"Dr. Hook","When You're In Love With A Beautiful Woman",collection
uk,smoothradio1022,"Duran Duran","Save A Prayer",collection
uk,smoothradio1022,"Dusty Springfield","Son Of A Preacher Man",collection
uk,smoothradio1022,"Earth, Wind & Fire","After The Love Is Gone",collection
uk,smoothradio1022,"Earth, Wind & Fire","Let's Groove",collection
uk,smoothradio1022,"Earth, Wind & Fire",September,collection
uk,smoothradio1022,"Earth, Wind & Fire & The Emotions","Boogie Wonderland",collection
uk,smoothradio1022,"Elton John","Are You Ready For Love",wantlist
uk,smoothradio1022,"Elton John","Candle In The Wind",collection
uk,smoothradio1022,"Elton John","Goodbye Yellow Brick Road",collection
uk,smoothradio1022,"Elton John","I Guess That's Why They Call It The Blues",collection
uk,smoothradio1022,"Elton John","I'm Still Standing",collection
uk,smoothradio1022,"Elton John","Rocket Man (I Think It's Going To Be A Long, Long Time)",collection
uk,smoothradio1022,"Elton John","Sorry Seems To Be The Hardest Word",collection
uk,smoothradio1022,"Elton John and Kiki Dee","Don't Go Breaking My Heart",collection
uk,smoothradio1022,"Elvis Presley","Suspicious Minds",collection
uk,smoothradio1022,Erasure,"A Little Respect",collection
uk,smoothradio1022,Erasure,Sometimes,collection
uk,smoothradio1022,"Eric Carmen","Hungry Eyes",wantlist
uk,smoothradio1022,"Eric Clapton","Wonderful Tonight",collection
uk,smoothradio1022,Eurythmics,"Sweet Dreams (Are Made Of This)",collection
uk,smoothradio1022,Eurythmics,"There Must Be An Angel",collection
uk,smoothradio1022,Eurythmics,"Thorn In My Side",collection
uk,smoothradio1022,"Everything But The Girl","I Don't Want To Talk About It",collection
uk,smoothradio1022,"Fairground Attraction",Perfect,collection
uk,smoothradio1022,"Fat Larry's Band",Zoom,collection
uk,smoothradio1022,"Feargal Sharkey","A Good Heart",collection
uk,smoothradio1022,"Fine Young Cannibals","She Drives Me Crazy",collection
uk,smoothradio1022,"Fleetwood Mac",Dreams,collection
uk,smoothradio1022,"Fleetwood Mac",Everywhere,wantlist
uk,smoothradio1022,"Fleetwood Mac","Go Your Own Way",wantlist
uk,smoothradio1022,"Fleetwood Mac","Little Lies",collection
uk,smoothradio1022,Foreigner,"I Want To Know What Love Is",collection
uk,smoothradio1022,"Frankie Valli",Grease,collection
uk,smoothradio1022,"Frankie Valli","My Eyes Adored You",collection
uk,smoothradio1022,"Frankie Valli & The Four Seasons","December, 63 (Oh What A Night!)",collection
uk,smoothradio1022,Gabrielle,Dreams,wantlist
uk,smoothradio1022,"Genesis, Tony Banks","In Too Deep",collection
uk,smoothradio1022,"Genesis, Tony Banks","Invisible Touch",collection
uk,smoothradio1022,"George Benson","Give Me The Night",collection
uk,smoothradio1022,"George Benson","In Your Eyes",collection
uk,smoothradio1022,"George Benson","Lady Love Me (One More Time)",collection
uk,smoothradio1022,"George Benson","Never Give Up On A Good Thing",collection
uk,smoothradio1022,"George McCrae","Rock Your Baby",collection
uk,smoothradio1022,"George Michael","A Different Corner",collection
uk,smoothradio1022,"George Michael","Careless Whisper",collection
uk,smoothradio1022,"George Michael",Faith,collection
uk,smoothradio1022,"George Michael",Fastlove,wantlist
uk,smoothradio1022,"George Michael","Father Figure",collection
uk,smoothradio1022,"George Michael","Freedom! '90",collection
uk,smoothradio1022,"George Michael","Jesus To A Child",wantlist
uk,smoothradio1022,"George Michael","One More Try",collection
uk,smoothradio1022,"George Michael & Elton John","Don't Let The Sun Go Down On Me",collection
uk,smoothradio1022,"Gerry Rafferty","Baker Street",collection
uk,smoothradio1022,"Gladys Knight & The Pips","Baby Don't Change Your Mind",collection
uk,smoothradio1022,"Gladys Knight & The Pips","Midnight Train To Georgia",collection
uk,smoothradio1022,"Glenn Medeiros","Nothing's Gonna Change My Love For You",collection
uk,smoothradio1022,"Gloria Estefan","Don't Wanna Lose You",collection
uk,smoothradio1022,"Gloria Estefan and Miami Sound Machine","Anything For You",collection
uk,smoothradio1022,"Gloria Estefan and Miami Sound Machine","Can't Stay Away From You",collection
uk,smoothradio1022,"Gloria Gaynor","Never Can Say Goodbye",collection
uk,smoothradio1022,"Go West","King Of Wishful Thinking",wantlist
uk,smoothradio1022,"Go West","We Close Our Eyes",collection
uk,smoothradio1022,Heart,Alone,collection
uk,smoothradio1022,Heart,"These Dreams",wantlist
uk,smoothradio1022,"Hot Chocolate","It Started With A Kiss",collection
uk,smoothradio1022,"Hot Chocolate","You Sexy Thing",collection
uk,smoothradio1022,"Huey Lewis & The News","Stuck With You",collection
uk,smoothradio1022,"Huey Lewis & The News","The Power Of Love",collection
uk,smoothradio1022,"Irene Cara",Fame,collection
uk,smoothradio1022,"Irene Cara","Flashdance... What A Feeling",collection
uk,smoothradio1022,"Jackie Wilson","I Get The Sweetest Feeling",collection
uk,smoothradio1022,"Jeffrey Osborne","On The Wings Of Love",collection
uk,smoothradio1022,"Jennifer Rush","The Power Of Love",collection
uk,smoothradio1022,"Jimmy Ruffin","What Becomes Of The Brokenhearted",collection
uk,smoothradio1022,"Joe Cocker and Jennifer Warnes","Up Where We Belong",collection
uk,smoothradio1022,"John Farnham","You're The Voice",collection
uk,smoothradio1022,"John Lennon",Imagine,collection
uk,smoothradio1022,"John Lennon",Woman,collection
uk,smoothradio1022,"John Parr","St. Elmo's Fire (Man In Motion)",collection
uk,smoothradio1022,"John Paul Young","Love Is In The Air",collection
uk,smoothradio1022,"John Waite","Missing You",collection
uk,smoothradio1022,Journey,"Don't Stop Believin'",wantlist
uk,smoothradio1022,"Kate Bush","Running Up That Hill",collection
uk,smoothradio1022,Keane,"Somewhere Only We Know",wantlist
uk,smoothradio1022,"Kenny Loggins",Footloose,collection
uk,smoothradio1022,"Kim Wilde","You Keep Me Hangin' On",collection
uk,smoothradio1022,"Kylie Minogue","Better The Devil You Know",collection
uk,smoothradio1022,"Labi Siffre","Something Inside (So Strong)",collection
uk,smoothradio1022,"Laura Branigan",Gloria,wantlist
uk,smoothradio1022,"Lenny Kravitz","It Ain't Over 'Til It's Over",collection
uk,smoothradio1022,"Level 42","Lessons In Love",collection
uk,smoothradio1022,"Level 42","Something About You",collection
uk,smoothradio1022,"Linda Ronstadt and Aaron Neville","Don't Know Much",collection
uk,smoothradio1022,"Lionel Richie","All Night Long (All Night)",collection
uk,smoothradio1022,"Lionel Richie","Dancing On The Ceiling",collection
uk,smoothradio1022,"Lionel Richie",Hello,collection
uk,smoothradio1022,"Lionel Richie","Say You Say Me",collection
uk,smoothradio1022,"Lionel Richie","Stuck On You",collection
uk,smoothradio1022,"Lisa Stansfield","All Around The World",collection
uk,smoothradio1022,"Louis Armstrong","We Have All The Time In The World",wantlist
uk,smoothradio1022,"Love Affair","Everlasting Love",collection
uk,smoothradio1022,"Luther Vandross","Never Too Much",wantlist
uk,smoothradio1022,"Luther Vandross","So Amazing",collection
uk,smoothradio1022,"M People","Moving On Up",wantlist
uk,smoothradio1022,Madonna,Borderline,collection
uk,smoothradio1022,Madonna,Cherish,wantlist
uk,smoothradio1022,Madonna,"Crazy For You",collection
uk,smoothradio1022,Madonna,"Express Yourself",collection
uk,smoothradio1022,Madonna,"Into The Groove",collection
uk,smoothradio1022,Madonna,"Like A Prayer",collection
uk,smoothradio1022,Madonna,"Like A Virgin",collection
uk,smoothradio1022,Madonna,"Live To Tell",collection
uk,smoothradio1022,Madonna,"Material Girl",collection
uk,smoothradio1022,Madonna,"Open Your Heart",wantlist
uk,smoothradio1022,Madonna,"Papa Don't Preach",collection
uk,smoothradio1022,Madonna,"True Blue",collection
uk,smoothradio1022,"Maria Mckee","Show Me Heaven",collection
uk,smoothradio1022,"Marvin Gaye","I Heard It Through The Grapevine",collection
uk,smoothradio1022,"Marvin Gaye","Sexual Healing",collection
uk,smoothradio1022,"Marvin Gaye & Tammi Terrell","Ain't No Mountain High Enough",wantlist
uk,smoothradio1022,"Mary Wells","My Guy",collection
uk,smoothradio1022,"Matthew Wilder","Break My Stride",wantlist
uk,smoothradio1022,"McFadden & Whitehead","Ain't No Stoppin' Us Now",wantlist
uk,smoothradio1022,"Men At Work","Down Under",collection
uk,smoothradio1022,"Mental As Anything","Live It Up",collection
uk,smoothradio1022,"Michael Bolton","How Am I Supposed To Live Without You",collection
uk,smoothradio1022,"Michael Bolton","How Can We Be Lovers",collection
uk,smoothradio1022,"Michael Jackson",Bad,collection
uk,smoothradio1022,"Michael Jackson","Beat It",collection
uk,smoothradio1022,"Michael Jackson","Don't Stop Til You Get Enough",collection
uk,smoothradio1022,"Michael Jackson","Man In The Mirror",wantlist
uk,smoothradio1022,"Michael Jackson","P.Y.T. (Pretty Young Thing)",wantlist
uk,smoothradio1022,"Michael Jackson","Rock With You",collection
uk,smoothradio1022,"Michael Jackson","She's Out Of My Life",collection
uk,smoothradio1022,"Michael Jackson","The Way You Make Me Feel",collection
uk,smoothradio1022,"Michael Jackson","Wanna Be Startin' Something",collection
uk,smoothradio1022,"Michael McDonald","Sweet Freedom",collection
uk,smoothradio1022,"Michael Sembello",Maniac,collection
uk,smoothradio1022,"Mike & The Mechanics","The Living Years",collection
uk,smoothradio1022,"Mr. Mister","Broken Wings",collection
uk,smoothradio1022,"Natalie Cole","Miss You Like Crazy",wantlist
uk,smoothradio1022,"Neil Diamond","Sweet Caroline",collection
uk,smoothradio1022,"Nik Kershaw","The Riddle",collection
uk,smoothradio1022,"Nik Kershaw","Wouldn't It Be Good",collection
uk,smoothradio1022,"Olivia Newton-John","Hopelessly Devoted To You",collection
uk,smoothradio1022,"Otis Redding","Sittin' On The Dock Of The Bay",collection
uk,smoothradio1022,"Paolo Nutini","Last Request",wantlist
uk,smoothradio1022,"Patti Austin and James Ingram","Baby Come To Me",collection
uk,smoothradio1022,"Patti LaBelle and Michael McDonald","On My Own",collection
uk,smoothradio1022,"Paul Simon","You Can Call Me Al",collection
uk,smoothradio1022,"Paul Young","Every Time You Go Away",collection
uk,smoothradio1022,"Paul Young","Love Of The Common People",collection
uk,smoothradio1022,"Paul Young","Wherever I Lay My Hat (That's My Home)",collection
uk,smoothradio1022,"Peabo Bryson and Roberta Flack","Tonight I Celebrate My Love",collection
uk,smoothradio1022,"Percy Sledge","When A Man Loves A Woman",collection
uk,smoothradio1022,"Pet Shop Boys","Always On My Mind",collection
uk,smoothradio1022,"Pet Shop Boys","West End Girls",collection
uk,smoothradio1022,"Pet Shop Boys and Dusty Springfield","What Have I Done to Deserve This?",collection
uk,smoothradio1022,"Phil Collins","A Groovy Kind Of Love",collection
uk,smoothradio1022,"Phil Collins","Another Day In Paradise",collection
uk,smoothradio1022,"Phil Collins","In The Air Tonight",collection
uk,smoothradio1022,"Phil Collins","One More Night",collection
uk,smoothradio1022,"Phil Collins","Something Happened On The Way To Heaven",collection
uk,smoothradio1022,"Phil Collins","Two Hearts",collection
uk,smoothradio1022,"Phil Collins","You Can't Hurry Love",collection
uk,smoothradio1022,"Phil Oakey & Giorgio Moroder","Together In Electric Dreams",collection
uk,smoothradio1022,"Philip Bailey and Phil Collins","Easy Lover",collection
uk,smoothradio1022,Prince,1999,wantlist
uk,smoothradio1022,Queen,"Crazy Little Thing Called Love",collection
uk,smoothradio1022,Queen,"Don't Stop Me Now",collection
uk,smoothradio1022,Queen,"I Want To Break Free",collection
uk,smoothradio1022,Queen,"Radio Ga Ga",collection
uk,smoothradio1022,Queen,"Somebody To Love",collection
uk,smoothradio1022,Queen,"These Are The Days Of Our Lives",collection
uk,smoothradio1022,Queen,"You're My Best Friend",wantlist
uk,smoothradio1022,"Queen & David Bowie","Under Pressure",collection
uk,smoothradio1022,R.E.M.,"Losing My Religion",collection
uk,smoothradio1022,"REO Speedwagon","Can't Fight This Feeling",wantlist
uk,smoothradio1022,"Randy Crawford","One Day I'll Fly Away",collection
uk,smoothradio1022,"Randy Crawford","You Might Need Somebody",collection
uk,smoothradio1022,"Richard Marx","Right Here Waiting",collection
uk,smoothradio1022,"Rick Astley","Never Gonna Give You Up",collection
uk,smoothradio1022,"Rod Stewart","Baby Jane",collection
uk,smoothradio1022,"Rod Stewart","I Don't Want To Talk About It",collection
uk,smoothradio1022,"Rod Stewart","Maggie May",collection
uk,smoothradio1022,"Rod Stewart","You're In My Heart",collection
uk,smoothradio1022,"Rose Royce","Wishing On A Star",collection
uk,smoothradio1022,Roxette,"It Must Have Been Love",collection
uk,smoothradio1022,"Roxy Music","Dance Away",collection
uk,smoothradio1022,"Roxy Music","Jealous Guy",collection
uk,smoothradio1022,"Rufus & Chaka Khan","Ain't Nobody",collection
uk,smoothradio1022,"Sam Brown",Stop,collection
uk,smoothradio1022,"Samantha Sang",Emotion,collection
uk,smoothradio1022,"Savage Garden","I Knew I Loved You",wantlist
uk,smoothradio1022,"Savage Garden","To The Moon And Back",wantlist
uk,smoothradio1022,"Savage Garden","Truly Madly Deeply",wantlist
uk,smoothradio1022,"Shakespears Sister",Stay,collection
uk,smoothradio1022,Shalamar,"A Night To Remember",collection
uk,smoothradio1022,Shalamar,"I Can Make You Feel Good",collection
uk,smoothradio1022,"Simon & Garfunkel","Bridge Over Troubled Water",collection
uk,smoothradio1022,"Simple Minds","Don't You (Forget About Me)",collection
uk,smoothradio1022,"Simply Red","Holding Back The Years",collection
uk,smoothradio1022,"Simply Red","If You Don't Know Me By Now",collection
uk,smoothradio1022,"Simply Red","Something Got Me Started",collection
uk,smoothradio1022,"Sinead O'connor","Nothing Compares 2 U",collection
uk,smoothradio1022,"Sister Sledge","Lost In Music",collection
uk,smoothradio1022,"Sister Sledge","We Are Family",collection
uk,smoothradio1022,"Soft Cell","Tainted Love",collection
uk,smoothradio1022,"Spandau Ballet",Gold,collection
uk,smoothradio1022,"Spandau Ballet",True,collection
uk,smoothradio1022,"Spice Girls","2 Become 1",wantlist
uk,smoothradio1022,Starship,"Nothing's Gonna Stop Us Now",collection
uk,smoothradio1022,Starship,"We Built This City",collection
uk,smoothradio1022,"Stealers Wheel","Stuck In The Middle With You",collection
uk,smoothradio1022,"Stephanie Mills","Never Knew Love Like This Before",collection
uk,smoothradio1022,Stereophonics,"Handbags & Gladrags",collection
uk,smoothradio1022,"Steve Winwood","Higher Love",collection
uk,smoothradio1022,"Steve Winwood",Valerie,wantlist
uk,smoothradio1022,"Stevie Wonder","I Just Called To Say I Love You",collection
uk,smoothradio1022,"Stevie Wonder",Lately,collection
uk,smoothradio1022,"Stevie Wonder","Part Time Lover",collection
uk,smoothradio1022,"Stevie Wonder",Superstition,collection
uk,smoothradio1022,Sting,"Fields Of Gold",collection
uk,smoothradio1022,"T'pau","China In Your Hand",collection
uk,smoothradio1022,"Take That & Lulu","Relight My Fire",wantlist
uk,smoothradio1022,Tavares,"Heaven Must Be Missing An Angel",collection
uk,smoothradio1022,"Taylor Dayne","Tell It To My Heart",collection
uk,smoothradio1022,"Tears For Fears","Everybody Wants To Rule The World",collection
uk,smoothradio1022,"Terence Trent D'arby","If You Let Me Stay",collection
uk,smoothradio1022,"Terence Trent D'arby","Sign Your Name",collection
uk,smoothradio1022,"The Bangles","Eternal Flame",collection
uk,smoothradio1022,"The Bangles","Manic Monday",collection
uk,smoothradio1022,"The Beautiful South","A Little Time",collection
uk,smoothradio1022,"The Bluebells","Young At Heart",collection
uk,smoothradio1022,"The Cars",Drive,collection
uk,smoothradio1022,"The Communards","Don't Leave Me This Way",collection
uk,smoothradio1022,"The Cranberries",Linger,wantlist
uk,smoothradio1022,"The Crusaders","Street Life",collection
uk,smoothradio1022,"The Detroit Spinners","Working My Way Back To You",collection
uk,smoothradio1022,"The Doobie Brothers","What A Fool Believes",collection
uk,smoothradio1022,"The Foundations","Build Me Up Buttercup",wantlist
uk,smoothradio1022,"The Human League","Don't You Want Me",collection
uk,smoothradio1022,"The Isley Brothers","This Old Heart Of Mine (Is Weak For You)",collection
uk,smoothradio1022,"The Jacksons","Blame It On The Boogie",collection
uk,smoothradio1022,"The Jacksons","Can You Feel It",collection
uk,smoothradio1022,"The Monkees","Daydream Believer",collection
uk,smoothradio1022,"The Pointer Sisters",Automatic,collection
uk,smoothradio1022,"The Pointer Sisters","I'm So Excited",collection
uk,smoothradio1022,"The Pointer Sisters","Jump (For My Love)",collection
uk,smoothradio1022,"The Pointer Sisters","Slow Hand",collection
uk,smoothradio1022,"The Police","Every Breath You Take",collection
uk,smoothradio1022,"The Police","Every Little Thing She Does Is Magic",collection
uk,smoothradio1022,"The Real Thing","Can't Get By Without You",collection
uk,smoothradio1022,"The Real Thing","You To Me Are Everything",collection
uk,smoothradio1022,"The Righteous Brothers","Unchained Melody",collection
uk,smoothradio1022,"The Stylistics","You Make Me Feel Brand",collection
uk,smoothradio1022,"The Trammps","Hold Back The Night",collection
uk,smoothradio1022,"Thompson Twins","Hold Me Now",collection
uk,smoothradio1022,Tiffany,"I Think We're Alone Now",collection
uk,smoothradio1022,"Tina Turner","I Don't Wanna Fight",collection
uk,smoothradio1022,"Tina Turner","Let's Stay Together",collection
uk,smoothradio1022,"Tina Turner","Private Dancer",collection
uk,smoothradio1022,"Tina Turner","The Best",collection
uk,smoothradio1022,"Tina Turner","We Don't Need Another Hero (Thunderdome)",collection
uk,smoothradio1022,"Tina Turner","What's Love Got To Do With It",collection
uk,smoothradio1022,"Toni Braxton","Breathe Again",collection
uk,smoothradio1022,Toto,Africa,collection
uk,smoothradio1022,"Tracy Chapman","Baby Can I Hold You",wantlist
uk,smoothradio1022,"Tracy Chapman","Fast Car",collection
uk,smoothradio1022,U2,"With Or Without You",collection
uk,smoothradio1022,UB40,"(I Can't Help) Falling In Love With You",collection
uk,smoothradio1022,UB40,"Kingston Town",collection
uk,smoothradio1022,UB40,"Red Red Wine",collection
uk,smoothradio1022,"UB40 and Chrissie Hynde","I Got You Babe",collection
uk,smoothradio1022,"Wet Wet Wet","Angel Eyes (Home and Away)",collection
uk,smoothradio1022,"Wet Wet Wet","Goodnight Girl",collection
uk,smoothradio1022,"Wet Wet Wet","Love Is All Around",collection
uk,smoothradio1022,"Wet Wet Wet","Sweet Little Mystery",collection
uk,smoothradio1022,"Wet Wet Wet","Sweet Surrender",collection
uk,smoothradio1022,Wham!,"Everything She Wants",collection
uk,smoothradio1022,Wham!,"I'm Your Man",collection
uk,smoothradio1022,Wham!,"The Edge Of Heaven",collection
uk,smoothradio1022,Wham!,"Wake Me Up Before You Go Go",collection
uk,smoothradio1022,"Whitney Houston","Didn't We Almost Have It All",collection
uk,smoothradio1022,"Whitney Houston","How Will I Know",collection
uk,smoothradio1022,"Whitney Houston","I Have Nothing",wantlist
uk,smoothradio1022,"Whitney Houston","I Wanna Dance With Somebody",collection
uk,smoothradio1022,"Whitney Houston","I Will Always Love You",collection
uk,smoothradio1022,"Whitney Houston","One Moment In Time",collection
uk,smoothradio1022,"Whitney Houston","Saving All My Love For You",collection
uk,smoothradio1022,"Whitney Houston","So Emotional",wantlist
uk,smoothradio1022,"Whitney Houston","The Greatest Love Of All",wantlist
uk,smoothradio1022,"Wilson Phillips","Hold On",collection
uk,smoothradio1022,"Womack & Womack",Teardrops,collection
uk,smoothradio1022,Yazoo,"Only You",collection
uk,smoothradio1022,"Yvonne Elliman","If I Can't Have You",wantlist
uk,smoothrelax,10cc,"I'm Not In Love",collection
uk,smoothrelax,ABBA,"One of Us",collection
uk,smoothrelax,"Air Supply","All Out Of Love",collection
uk,smoothrelax,"Al Green","Tired Of Being Alone",collection
uk,smoothrelax,"Alison Moyet",Invisible,collection
uk,smoothrelax,"Alison Moyet","Weak In The Presence of Beauty",collection
uk,smoothrelax,"All Saints","Never Ever",wantlist
uk,smoothrelax,"Amii Stewart",Friends,collection
uk,smoothrelax,"Anita Baker","Sweet Love",collection
uk,smoothrelax,"Aretha Franklin","I Say A Little Prayer",collection
uk,smoothrelax,"Atlantic Starr",Always,collection
uk,smoothrelax,"Atlantic Starr","Secret Lovers",collection
uk,smoothrelax,"Barbra Streisand","Woman In Love",collection
uk,smoothrelax,"Barry Manilow","Looks Like We Made It",collection
uk,smoothrelax,"Barry Manilow",Mandy,collection
uk,smoothrelax,"Barry Manilow","Weekend In New England",collection
uk,smoothrelax,"Barry White","Just The Way You Are",collection
uk,smoothrelax,"Bee Gees","How Deep is Your Love",collection
uk,smoothrelax,"Bee Gees","Too Much Heaven",collection
uk,smoothrelax,"Bette Midler","Wind Beneath My Wings",collection
uk,smoothrelax,"Bill Withers","Lean On Me",collection
uk,smoothrelax,"Bill Withers and Grover Washington Jr","Just The Two Of Us",collection
uk,smoothrelax,"Billy Joel","An Innocent Man",wantlist
uk,smoothrelax,"Billy Joel","Just The Way You Are",collection
uk,smoothrelax,"Billy Joel","She's Always A Woman To Me",wantlist
uk,smoothrelax,"Billy Ocean",Suddenly,collection
uk,smoothrelax,"Billy Paul","Me And Mrs Jones",collection
uk,smoothrelax,"Bob Marley & The Wailers","Is This Love",collection
uk,smoothrelax,"Bob Marley & The Wailers","No Woman No Cry",collection
uk,smoothrelax,"Bob Marley & The Wailers","One Love",wantlist
uk,smoothrelax,"Boris Gardiner","I Want To Wake Up With You",collection
uk,smoothrelax,Bread,"Make It With You",collection
uk,smoothrelax,Breathe,"Hands To Heaven",collection
uk,smoothrelax,"Bryan Adams","(Everything I Do) I Do It For You...",collection
uk,smoothrelax,"Bryan Ferry","Slave To Love",wantlist
uk,smoothrelax,"Carly Simon","Nobody Does It Better",collection
uk,smoothrelax,Carpenters,"Yesterday Once More",collection
uk,smoothrelax,Chicago,"Hard Habit To Break",collection
uk,smoothrelax,Chicago,"If You Leave Me Now",collection
uk,smoothrelax,Chicago,"You're The Inspiration",collection
uk,smoothrelax,"Chris Isaak","Wicked Game",collection
uk,smoothrelax,"Chris de Burgh","The Lady In Red",collection
uk,smoothrelax,"Christopher Cross","Arthur's Theme (Best That You Can Do)",collection
uk,smoothrelax,Commodores,Easy,collection
uk,smoothrelax,Commodores,Nightshift,collection
uk,smoothrelax,Commodores,"Sail On",collection
uk,smoothrelax,Commodores,Still,collection
uk,smoothrelax,Commodores,"Three Times A Lady",collection
uk,smoothrelax,"Crowded House","Don't Dream It's Over",wantlist
uk,smoothrelax,"Curtis Stigers","I Wonder Why",collection
uk,smoothrelax,"Cyndi Lauper","Time After Time",collection
uk,smoothrelax,"Cyndi Lauper","True Colours",collection
uk,smoothrelax,"Dan Hill","Sometimes When We Touch",collection
uk,smoothrelax,"Daryl Hall & John Oates","She's Gone",wantlist
uk,smoothrelax,"David Grant & Jaki Graham","Could It Be I'm Falling In Love",collection
uk,smoothrelax,"Dee C. Lee","See The Day",collection
uk,smoothrelax,"Deniece Williams",Free,collection
uk,smoothrelax,"Diana Ross","When You Tell Me That You Love Me",collection
uk,smoothrelax,"Diana Ross and Lionel Richie","Endless Love",collection
uk,smoothrelax,"Dire Straits","Romeo & Juliet",collection
uk,smoothrelax,"Dobie Gray","Drift Away",collection
uk,smoothrelax,"Dr. Hook","A Little Bit More",collection
uk,smoothrelax,"Duran Duran","Save A Prayer",collection
uk,smoothrelax,"Dusty Springfield","Son Of A Preacher Man",collection
uk,smoothrelax,Eagles,"Lyin' Eyes",wantlist
uk,smoothrelax,Eagles,"Take It To The Limit",collection
uk,smoothrelax,"Earth, Wind & Fire","After The Love Is Gone",collection
uk,smoothrelax,"Elton John","Blue Eyes",collection
uk,smoothrelax,"Elton John","Candle In The Wind",collection
uk,smoothrelax,"Elton John","Goodbye Yellow Brick Road",collection
uk,smoothrelax,"Elton John","I Guess That's Why They Call It The Blues",collection
uk,smoothrelax,"Elton John",Nikita,collection
uk,smoothrelax,"Elton John","Rocket Man (I Think It's Going To Be A Long, Long Time)",collection
uk,smoothrelax,"Elton John","Sorry Seems To Be The Hardest Word",collection
uk,smoothrelax,"England Dan & John Ford Coley","I'd Really Love To See You Tonight",collection
uk,smoothrelax,"Eric Carmen","Hungry Eyes",wantlist
uk,smoothrelax,"Eric Clapton","Wonderful Tonight",collection
uk,smoothrelax,"Everything But The Girl","I Don't Want To Talk About It",collection
uk,smoothrelax,"Fat Larry's Band",Zoom,collection
uk,smoothrelax,"Fleetwood Mac",Dreams,collection
uk,smoothrelax,"Fleetwood Mac",Everywhere,wantlist
uk,smoothrelax,"Force M.D.'s","Tender Love",collection
uk,smoothrelax,Foreigner,"I Want To Know What Love Is",collection
uk,smoothrelax,"Frankie Valli","My Eyes Adored You",collection
uk,smoothrelax,"Genesis, Tony Banks","In Too Deep",collection
uk,smoothrelax,"George Benson","In Your Eyes",collection
uk,smoothrelax,"George Michael","A Different Corner",collection
uk,smoothrelax,"George Michael","Careless Whisper",collection
uk,smoothrelax,"George Michael","Father Figure",collection
uk,smoothrelax,"George Michael","Jesus To A Child",wantlist
uk,smoothrelax,"George Michael","One More Try",collection
uk,smoothrelax,"George Michael","Praying For Time",collection
uk,smoothrelax,"George Michael & Elton John","Don't Let The Sun Go Down On Me",collection
uk,smoothrelax,"Gladys Knight & The Pips","Midnight Train To Georgia",collection
uk,smoothrelax,"Glenn Medeiros","Nothing's Gonna Change My Love For You",collection
uk,smoothrelax,"Gloria Estefan","Don't Wanna Lose You",collection
uk,smoothrelax,"Gloria Estefan and Miami Sound Machine","Anything For You",collection
uk,smoothrelax,"Gloria Estefan and Miami Sound Machine","Can't Stay Away From You",collection
uk,smoothrelax,"Gregory Abbott","Shake You Down",collection
uk,smoothrelax,"Harry Nilsson","Without You",collection
uk,smoothrelax,Heart,"These Dreams",wantlist
uk,smoothrelax,"Hot Chocolate","It Started With A Kiss",collection
uk,smoothrelax,"Janet Jackson","Let's Wait Awhile",collection
uk,smoothrelax,"Jeffrey Osborne","On The Wings Of Love",collection
uk,smoothrelax,"Jennifer Rush","The Power Of Love",collection
uk,smoothrelax,"Jermaine Jackson","Do What You Do",collection
uk,smoothrelax,"Jimmy Ruffin","What Becomes Of The Brokenhearted",collection
uk,smoothrelax,"Joan Armatrading","Love And Affection",collection
uk,smoothrelax,"Joe Cocker and Jennifer Warnes","Up Where We Belong",collection
uk,smoothrelax,"John Lennon",Imagine,collection
uk,smoothrelax,"John Lennon",Woman,collection
uk,smoothrelax,"John Waite","Missing You",collection
uk,smoothrelax,"Johnny Bristol","Hang On In There Baby",collection
uk,smoothrelax,"KC & The Sunshine Band","Please Don't Go",collection
uk,smoothrelax,"Karyn White",Superwoman,collection
uk,smoothrelax,"Labi Siffre","Something Inside (So Strong)",collection
uk,smoothrelax,"Linda Ronstadt and Aaron Neville","Don't Know Much",collection
uk,smoothrelax,"Lionel Richie",Hello,collection
uk,smoothrelax,"Lionel Richie","Stuck On You",collection
uk,smoothrelax,"Living In A Box","Room In Your Heart",collection
uk,smoothrelax,"Louis Armstrong","We Have All The Time In The World",wantlist
uk,smoothrelax,"Luther Vandross","So Amazing",collection
uk,smoothrelax,Madonna,"Crazy For You",collection
uk,smoothrelax,Madonna,"Live To Tell",collection
uk,smoothrelax,Madonna,"Take A Bow",wantlist
uk,smoothrelax,"Maria Mckee","Show Me Heaven",collection
uk,smoothrelax,"Mariah Carey","Vision Of Love",collection
uk,smoothrelax,"Marvin Gaye","I Heard It Through The Grapevine",collection
uk,smoothrelax,"Marvin Gaye","Sexual Healing",collection
uk,smoothrelax,"Maxi Priest","Wild World",collection
uk,smoothrelax,"Michael Bolton","How Am I Supposed To Live Without You",collection
uk,smoothrelax,"Michael Jackson","Heal The World",collection
uk,smoothrelax,"Michael Jackson","I Just Can't Stop Loving You",collection
uk,smoothrelax,"Michael Jackson","Man In The Mirror",wantlist
uk,smoothrelax,"Michael Jackson","She's Out Of My Life",collection
uk,smoothrelax,"Mike & The Mechanics","The Living Years",collection
uk,smoothrelax,"Minnie Riperton","Lovin' You",collection
uk,smoothrelax,"Natalie Cole","Miss You Like Crazy",wantlist
uk,smoothrelax,"Otis Redding","Sittin' On The Dock Of The Bay",collection
uk,smoothrelax,"Paolo Nutini","Last Request",wantlist
uk,smoothrelax,"Patti Austin and James Ingram","Baby Come To Me",collection
uk,smoothrelax,"Patti LaBelle and Michael McDonald","On My Own",collection
uk,smoothrelax,"Paul Young","Every Time You Go Away",collection
uk,smoothrelax,"Paul Young","Wherever I Lay My Hat (That's My Home)",collection
uk,smoothrelax,"Peabo Bryson and Roberta Flack","Tonight I Celebrate My Love",collection
uk,smoothrelax,"Peaches & Herb",Reunited,collection
uk,smoothrelax,"Percy Sledge","When A Man Loves A Woman",collection
uk,smoothrelax,"Peter Gabriel & Kate Bush","Don't Give Up",collection
uk,smoothrelax,"Phil Collins","A Groovy Kind Of Love",collection
uk,smoothrelax,"Phil Collins","Another Day In Paradise",collection
uk,smoothrelax,"Phil Collins","One More Night",collection
uk,smoothrelax,Queen,"These Are The Days Of Our Lives",collection
uk,smoothrelax,R.E.M.,"Everybody Hurts",collection
uk,smoothrelax,"Randy Crawford",Almaz,collection
uk,smoothrelax,"Randy Crawford","One Day I'll Fly Away",collection
uk,smoothrelax,"Randy Crawford","Rainy Night In Georgia",collection
uk,smoothrelax,"Randy Crawford","You Might Need Somebody",collection
uk,smoothrelax,"Richard Marx","Right Here Waiting",collection
uk,smoothrelax,"Roberta Flack","Feel Like Makin' Love",collection
uk,smoothrelax,"Roberta Flack","The First Time Ever I Saw Your Face",collection
uk,smoothrelax,"Rod Stewart","I Don't Want To Talk About It",collection
uk,smoothrelax,"Rod Stewart",Sailing,collection
uk,smoothrelax,"Rod Stewart","You're In My Heart",collection
uk,smoothrelax,"Rose Royce","Wishing On A Star",collection
uk,smoothrelax,Roxette,"It Must Have Been Love",collection
uk,smoothrelax,"Roxy Music",Avalon,wantlist
uk,smoothrelax,"Roxy Music","Dance Away",collection
uk,smoothrelax,"Roxy Music","Jealous Guy",collection
uk,smoothrelax,"Roxy Music","More Than This",collection
uk,smoothrelax,"Sad Cafe","Every Day Hurts",collection
uk,smoothrelax,Sade,"Smooth Operator",collection
uk,smoothrelax,Sade,"Your Love Is King",collection
uk,smoothrelax,"Samantha Sang",Emotion,collection
uk,smoothrelax,"Savage Garden","I Knew I Loved You",wantlist
uk,smoothrelax,"Savage Garden","Truly Madly Deeply",wantlist
uk,smoothrelax,"Shakespears Sister",Stay,collection
uk,smoothrelax,"Simon & Garfunkel","Bridge Over Troubled Water",collection
uk,smoothrelax,"Simply Red","Holding Back The Years",collection
uk,smoothrelax,"Simply Red","If You Don't Know Me By Now",collection
uk,smoothrelax,"Sinead O'connor","Nothing Compares 2 U",collection
uk,smoothrelax,"Smokey Robinson","Being With You",collection
uk,smoothrelax,"Spandau Ballet","Through The Barricades",collection
uk,smoothrelax,"Spandau Ballet",True,collection
uk,smoothrelax,"Stevie Wonder",Lately,collection
uk,smoothrelax,Sting,"Fields Of Gold",collection
uk,smoothrelax,"Terence Trent D'arby","Sign Your Name",collection
uk,smoothrelax,"The Bangles","Eternal Flame",collection
uk,smoothrelax,"The Beautiful South","A Little Time",collection
uk,smoothrelax,"The Beautiful South","Song For Whoever",collection
uk,smoothrelax,"The Cars",Drive,collection
uk,smoothrelax,"The Hollies","He Ain't Heavy He's My Brother",collection
uk,smoothrelax,"The Hollies","The Air That I Breathe",collection
uk,smoothrelax,"The Pointer Sisters","Slow Hand",collection
uk,smoothrelax,"The Police","Every Breath You Take",collection
uk,smoothrelax,"The Righteous Brothers","Unchained Melody",collection
uk,smoothrelax,"The Style Council","You're The Best Thing",wantlist
uk,smoothrelax,"The Stylistics","You Make Me Feel Brand",collection
uk,smoothrelax,"The Three Degrees","When Will I See You Again",collection
uk,smoothrelax,"Tina Turner","I Don't Wanna Fight",collection
uk,smoothrelax,"Tina Turner","I Don't Wanna Lose You",collection
uk,smoothrelax,"Tina Turner","Let's Stay Together",collection
uk,smoothrelax,"Tina Turner","Private Dancer",collection
uk,smoothrelax,"Tina Turner","What's Love Got To Do With It",collection
uk,smoothrelax,"Toni Braxton","Breathe Again",collection
uk,smoothrelax,"Tracy Chapman","Baby Can I Hold You",wantlist
uk,smoothrelax,"Tracy Chapman","Fast Car",collection
uk,smoothrelax,"Wet Wet Wet","Goodnight Girl",collection
uk,smoothrelax,"Wet Wet Wet","Love Is All Around",collection
uk,smoothrelax,"Whitney Houston","Didn't We Almost Have It All",collection
uk,smoothrelax,"Whitney Houston","I Have Nothing",wantlist
uk,smoothrelax,"Whitney Houston","I Will Always Love You",collection
uk,smoothrelax,"Whitney Houston","One Moment In Time",collection
uk,smoothrelax,"Whitney Houston","Saving All My Love For You",collection
uk,smoothrelax,"Whitney Houston","The Greatest Love Of All",wantlist
uk,smoothrelax,Yazoo,"Only You",collection
uk,smoothsoul,"A Taste Of Honey","Boogie Oogie Oogie",collection
uk,smoothsoul,"Al Green","Tired Of Being Alone",collection
uk,smoothsoul,"Al Jarreau","Moonlighting (Theme)",collection
uk,smoothsoul,"Alexander O'Neal",Criticize,wantlist
uk,smoothsoul,"Amii Stewart",Friends,collection
uk,smoothsoul,"Anita Baker","Sweet Love",collection
uk,smoothsoul,"Anita Ward","Ring My Bell",collection
uk,smoothsoul,"Aretha Franklin","I Say A Little Prayer",collection
uk,smoothsoul,"Aretha Franklin",Respect,wantlist
uk,smoothsoul,"Aretha Franklin","Who's Zoomin' Who?",collection
uk,smoothsoul,"Ashford & Simpson",Solid,collection
uk,smoothsoul,"Atlantic Starr",Always,collection
uk,smoothsoul,"Atlantic Starr","Secret Lovers",collection
uk,smoothsoul,"Average White Band","Let's Go Round Again",collection
uk,smoothsoul,"Average White Band","Pick Up The Pieces",collection
uk,smoothsoul,"Barry White","Can't Get Enough Of Your Love Babe",collection
uk,smoothsoul,"Barry White","Let The Music Play",collection
uk,smoothsoul,"Barry White","Never Never Gonna Give You Up",collection
uk,smoothsoul,"Barry White","You See The Trouble With Me",collection
uk,smoothsoul,"Barry White","You're The First, The Last, My Everything",collection
uk,smoothsoul,"Bill Withers","Lean On Me",collection
uk,smoothsoul,"Bill Withers and Grover Washington Jr","Just The Two Of Us",collection
uk,smoothsoul,"Billy Griffin","Hold Me Tighter In The Rain",collection
uk,smoothsoul,"Billy Ocean","Caribbean Queen (No More Love On the Run)",collection
uk,smoothsoul,"Billy Ocean","Love Really Hurts Without You",collection
uk,smoothsoul,"Billy Ocean","Red Light Spells Danger",collection
uk,smoothsoul,"Billy Paul","Me And Mrs Jones",collection
uk,smoothsoul,"Bobby Brown","Every Little Step",wantlist
uk,smoothsoul,"Bobby Caldwell","What You Won't Do For Love",wantlist
uk,smoothsoul,"Booker Newbury III","Love Town",collection
uk,smoothsoul,"Candi Staton","Nights On Broadway",collection
uk,smoothsoul,"Candi Staton","Young Hearts Run Free",collection
uk,smoothsoul,"Chairmen Of The Board","Give Me Just A Little More Time",collection
uk,smoothsoul,"Chaka Khan","I Feel For You",collection
uk,smoothsoul,"Chaka Khan","I'm Every Woman",collection
uk,smoothsoul,"Charles & Eddie","Would I Lie To You",collection
uk,smoothsoul,"Cherrelle & Alexander O'Neal","Saturday Love",collection
uk,smoothsoul,Chic,"Good Times",collection
uk,smoothsoul,Chic,"I Want Your Love",collection
uk,smoothsoul,Chic,"Le Freak",collection
uk,smoothsoul,Chic,"My Forbidden Lover",collection
uk,smoothsoul,Commodores,Easy,collection
uk,smoothsoul,Commodores,Nightshift,collection
uk,smoothsoul,"Curtis Mayfield","Move On Up",wantlist
uk,smoothsoul,D-Train,"You're The One For Me",collection
uk,smoothsoul,"Deniece Williams",Free,collection
uk,smoothsoul,"Deniece Williams","Let's Hear It For The Boy",collection
uk,smoothsoul,"Dennis Edwards & Siedah Garrett","Don't Look Any Further",collection
uk,smoothsoul,"Diana Ross","I'm Coming Out",collection
uk,smoothsoul,"Diana Ross","My Old Piano",collection
uk,smoothsoul,"Diana Ross","Upside Down",collection
uk,smoothsoul,"Diana Ross","When You Tell Me That You Love Me",collection
uk,smoothsoul,"Dionne Warwick","All The Love In The World",collection
uk,smoothsoul,"Dionne Warwick",Heartbreaker,collection
uk,smoothsoul,"Dobie Gray","Drift Away",collection
uk,smoothsoul,"Donna Summer","Bad Girls",collection
uk,smoothsoul,"Donna Summer","Hot Stuff",collection
uk,smoothsoul,"Donna Summer","On The Radio",wantlist
uk,smoothsoul,"Dusty Springfield","Son Of A Preacher Man",collection
uk,smoothsoul,"Earth, Wind & Fire",Fantasy,collection
uk,smoothsoul,"Earth, Wind & Fire","Let's Groove",collection
uk,smoothsoul,"Earth, Wind & Fire",September,collection
uk,smoothsoul,"Earth, Wind & Fire & The Emotions","Boogie Wonderland",collection
uk,smoothsoul,"Edwin Starr",Contact,collection
uk,smoothsoul,"Evelyn """"Champagne"""" King",Shame,collection
uk,smoothsoul,"Evelyn Champagne King","Love Come Down",collection
uk,smoothsoul,"Fat Larry's Band",Zoom,collection
uk,smoothsoul,"Force M.D.'s","Tender Love",collection
uk,smoothsoul,"Four Tops","Reach Out (I'll Be There)",collection
uk,smoothsoul,"Four Tops","Walk Away Renee",collection
uk,smoothsoul,"Four Tops","When She Was My Girl",collection
uk,smoothsoul,Gabrielle,Dreams,wantlist
uk,smoothsoul,"George Benson","Give Me The Night",collection
uk,smoothsoul,"George Benson","Lady Love Me (One More Time)",collection
uk,smoothsoul,"George Benson","Never Give Up On A Good Thing",collection
uk,smoothsoul,"George Benson","Turn Your Love Around",collection
uk,smoothsoul,"George McCrae","Rock Your Baby",collection
uk,smoothsoul,"Gladys Knight & The Pips","Baby Don't Change Your Mind",collection
uk,smoothsoul,"Gladys Knight & The Pips","Midnight Train To Georgia",collection
uk,smoothsoul,"Gloria Gaynor","Never Can Say Goodbye",collection
uk,smoothsoul,"Grace Jones","Pull Up To The Bumper",collection
uk,smoothsoul,"Gregory Abbott","Shake You Down",collection
uk,smoothsoul,"Gwen Guthrie","Ain't Nothin' Goin' On But The Rent",collection
uk,smoothsoul,"Harold Melvin & The Blue Notes","Don't Leave Me This Way",collection
uk,smoothsoul,Heatwave,"Boogie Nights",collection
uk,smoothsoul,Heatwave,"Mind Blowing Decisions",collection
uk,smoothsoul,"Hot Chocolate","Every 1's A Winner",collection
uk,smoothsoul,"Hot Chocolate","So You Win Again",collection
uk,smoothsoul,"Hot Chocolate","You Sexy Thing",collection
uk,smoothsoul,"Hues Corporation","Rock The Boat",collection
uk,smoothsoul,"Ike & Tina Turner","River Deep Mountain High",collection
uk,smoothsoul,Imagination,"Body Talk",collection
uk,smoothsoul,Imagination,"Just An Illusion",collection
uk,smoothsoul,Imagination,"Music And Lights",collection
uk,smoothsoul,Indeep,"Last Night A DJ Saved My Life",collection
uk,smoothsoul,"Isaac Hayes","Theme From Shaft",collection
uk,smoothsoul,"Jackie Wilson","I Get The Sweetest Feeling",collection
uk,smoothsoul,"Jackie Wilson","Reet Petite",collection
uk,smoothsoul,"James Brown","Get Up Offa that Thing",collection
uk,smoothsoul,"James Brown","Get Up, I Feel Like Being A Sex Machine",collection
uk,smoothsoul,"James Ingram & Michael Mcdonald","Yah Mo B There",collection
uk,smoothsoul,"Janet Jackson","Let's Wait Awhile",collection
uk,smoothsoul,"Janet Jackson","That's The Way Love Goes",collection
uk,smoothsoul,"Jermaine Jackson","Do What You Do",collection
uk,smoothsoul,"Jermaine Jackson","Let's Get Serious",collection
uk,smoothsoul,"Jimmy Ruffin","What Becomes Of The Brokenhearted",collection
uk,smoothsoul,"Johnny Bristol","Hang On In There Baby",collection
uk,smoothsoul,"Johnny Mathis & Deniece Williams","Too Much, Too Little, Too Late",collection
uk,smoothsoul,"Johnny Nash","I Can See Clearly Now",collection
uk,smoothsoul,"Joyce Sims","Come Into My Life",collection
uk,smoothsoul,"KC & The Sunshine Band","That's The Way (I Like It)",collection
uk,smoothsoul,"Karyn White",Superwoman,collection
uk,smoothsoul,"Kenny Thomas","Thinking About Your Love",collection
uk,smoothsoul,"Kool & The Gang","Get Down On It",collection
uk,smoothsoul,"Kool & The Gang","Ladies Night",collection
uk,smoothsoul,Labelle,"Lady Marmalade",collection
uk,smoothsoul,"Lionel Richie","All Night Long (All Night)",collection
uk,smoothsoul,"Luther Vandross","I Really Didn't Mean It",collection
uk,smoothsoul,"Luther Vandross","Never Too Much",wantlist
uk,smoothsoul,"Luther Vandross","So Amazing",collection
uk,smoothsoul,"Martha Reeves & The Vandellas","Dancing In The Street",collection
uk,smoothsoul,"Marvin Gaye","I Heard It Through The Grapevine",collection
uk,smoothsoul,"Marvin Gaye","Sexual Healing",collection
uk,smoothsoul,"Marvin Gaye and Tammi Terrell","Ain't No Mountain High Enough",wantlist
uk,smoothsoul,"Mary Wells","My Guy",collection
uk,smoothsoul,"McFadden & Whitehead","Ain't No Stoppin' Us Now",wantlist
uk,smoothsoul,"Mica Paris","My One Temptation",collection
uk,smoothsoul,"Mica Paris and Will Downing","Where Is The Love",collection
uk,smoothsoul,"Michael Jackson","I Just Can't Stop Loving You",collection
uk,smoothsoul,"Michael Jackson","Man In The Mirror",wantlist
uk,smoothsoul,"Michael Jackson","Off The Wall",collection
uk,smoothsoul,"Michael Jackson","Rock With You",collection
uk,smoothsoul,"Michael Jackson","Wanna Be Startin' Somethin'",collection
uk,smoothsoul,"Michael McDonald","Sweet Freedom",collection
uk,smoothsoul,"Midnight Star","Midas Touch",collection
uk,smoothsoul,"Minnie Riperton","Lovin' You",collection
uk,smoothsoul,"Narada Michael Walden","I Shoulda Loved Ya",collection
uk,smoothsoul,"New York City","I'm Doin' Fine Now",collection
uk,smoothsoul,"Nina Simone","My Baby Just Cares For Me",collection
uk,smoothsoul,Odyssey,"Going Back To My Roots",collection
uk,smoothsoul,Odyssey,"If You're Looking For A Way Out",collection
uk,smoothsoul,Odyssey,"Inside Out",collection
uk,smoothsoul,Odyssey,"Native New Yorker",collection
uk,smoothsoul,Odyssey,"Use It Up And Wear It Out",collection
uk,smoothsoul,"Otis Redding","Sittin' On The Dock Of The Bay",collection
uk,smoothsoul,"Patti Austin and James Ingram","Baby Come To Me",collection
uk,smoothsoul,"Percy Sledge","When A Man Loves A Woman",collection
uk,smoothsoul,Princess,"Say I'm Your No. 1",collection
uk,smoothsoul,"Randy Crawford","One Day I'll Fly Away",collection
uk,smoothsoul,"Randy Crawford","You Might Need Somebody",collection
uk,smoothsoul,"Roberta Flack","Feel Like Makin' Love",collection
uk,smoothsoul,"Roberta Flack & Donny Hathaway","Back Together Again",collection
uk,smoothsoul,"Rose Royce","Car Wash",collection
uk,smoothsoul,"Rose Royce","Love Don't Live Here Anymore",collection
uk,smoothsoul,"Rose Royce","Wishing On A Star",collection
uk,smoothsoul,"Rufus & Chaka Khan","Ain't Nobody",collection
uk,smoothsoul,Sade,"Smooth Operator",collection
uk,smoothsoul,Sade,"Your Love Is King",collection
uk,smoothsoul,"Sam Cooke","Wonderful World",collection
uk,smoothsoul,Shalamar,"A Night To Remember",collection
uk,smoothsoul,Shalamar,"I Can Make You Feel Good",collection
uk,smoothsoul,Shalamar,"Take That To The Bank",collection
uk,smoothsoul,Shalamar,"There It Is",collection
uk,smoothsoul,"Sister Sledge","He's The Greatest Dancer",collection
uk,smoothsoul,"Sister Sledge","Lost In Music",collection
uk,smoothsoul,"Sister Sledge","We Are Family",collection
uk,smoothsoul,"Sly & The Family Stone","Dance To The Music",collection
uk,smoothsoul,"Sly & The Family Stone","Family Affair",collection
uk,smoothsoul,"Smokey Robinson","Being With You",collection
uk,smoothsoul,"Soul II Soul","Keep On Movin'",wantlist
uk,smoothsoul,"Stacy Lattisaw","Jump To The Beat",collection
uk,smoothsoul,"Stephanie Mills","Never Knew Love Like This Before",collection
uk,smoothsoul,"Steve Arrington","Feel So Real",collection
uk,smoothsoul,"Stevie Wonder","I Just Called To Say I Love You",collection
uk,smoothsoul,"Stevie Wonder","I Wish",collection
uk,smoothsoul,"Stevie Wonder","Master Blaster (Jammin')",collection
uk,smoothsoul,"Stevie Wonder","Part Time Lover",collection
uk,smoothsoul,"Stevie Wonder","Sir Duke",collection
uk,smoothsoul,"Stevie Wonder",Superstition,collection
uk,smoothsoul,"Stevie Wonder","Yester - You, Yester - Me, Yesterday",collection
uk,smoothsoul,"Stevie Wonder","You Are The Sunshine Of My Life",collection
uk,smoothsoul,Tavares,"Don't Take Away The Music",collection
uk,smoothsoul,Tavares,"Heaven Must Be Missing An Angel",collection
uk,smoothsoul,Tavares,"It Only Takes A Minute",wantlist
uk,smoothsoul,Tavares,"More Than A Woman",collection
uk,smoothsoul,"Terence Trent D'arby","Sign Your Name",collection
uk,smoothsoul,"The Blackbyrds","Walking In Rhythm",collection
uk,smoothsoul,"The Brothers Johnson",Stomp,collection
uk,smoothsoul,"The Chi-Lites","Have You Seen Her",collection
uk,smoothsoul,"The Crusaders","Street Life",collection
uk,smoothsoul,"The Detroit Emeralds","Feel The Need In Me",collection
uk,smoothsoul,"The Detroit Spinners","Could It Be I'm Falling In Love",collection
uk,smoothsoul,"The Detroit Spinners","Cupid/I've Loved You For A Long Time",collection
uk,smoothsoul,"The Detroit Spinners","I'll Be Around",wantlist
uk,smoothsoul,"The Detroit Spinners","Working My Way Back To You",collection
uk,smoothsoul,"The Doobie Brothers","What A Fool Believes",collection
uk,smoothsoul,"The Emotions","Best Of My Love",collection
uk,smoothsoul,"The Isley Brothers","Behind A Painted Smile",collection
uk,smoothsoul,"The Isley Brothers","Harvest For The World",collection
uk,smoothsoul,"The Isley Brothers","This Old Heart Of Mine (Is Weak For You)",collection
uk,smoothsoul,"The Jacksons","Show You The Way To Go",collection
uk,smoothsoul,"The Miracles","Love Machine (Part 1)",collection
uk,smoothsoul,"The O'Jays","Back Stabbers",collection
uk,smoothsoul,"The O'Jays","I Love Music",collection
uk,smoothsoul,"The O'Jays","Now That We Found Love",collection
uk,smoothsoul,"The O'Jays","Use ta Be My Girl",collection
uk,smoothsoul,"The Pointer Sisters",Automatic,collection
uk,smoothsoul,"The Pointer Sisters","Slow Hand",collection
uk,smoothsoul,"The Real Thing","Can't Get By Without You",collection
uk,smoothsoul,"The Real Thing","You To Me Are Everything",collection
uk,smoothsoul,"The S.O.S Band","The Finest",collection
uk,smoothsoul,"The Temptations","Just My Imagination (Running Away With Me)",collection
uk,smoothsoul,"The Temptations","Treat Her Like A Lady",collection
uk,smoothsoul,"The Trammps","Hold Back The Night",collection
uk,smoothsoul,"The Tymes","Ms Grace",collection
uk,smoothsoul,"The Whispers","And The Beat Goes On",collection
uk,smoothsoul,"The Whispers","It's A Love Thing",collection
uk,smoothsoul,"Tina Turner","I Don't Wanna Lose You",collection
uk,smoothsoul,"Tina Turner","Let's Stay Together",collection
uk,smoothsoul,"Tina Turner","Private Dancer",collection
uk,smoothsoul,"Tina Turner","What's Love Got To Do With It",collection
uk,smoothsoul,"Toni Braxton","Breathe Again",collection
uk,smoothsoul,"Viola Wills","Gonna Get Along Without You Now",collection
uk,smoothsoul,"Whitney Houston","Didn't We Almost Have It All",collection
uk,smoothsoul,"Whitney Houston","I Have Nothing",wantlist
uk,smoothsoul,"Whitney Houston","One Moment In Time",collection
uk,smoothsoul,"Whitney Houston","Saving All My Love For You",collection
uk,smoothsoul,"Wild Cherry","Play That Funky Music",collection
uk,smoothsoul,"Wilson Pickett","In The Midnight Hour",collection
uk,smoothsoul,"Womack & Womack",Teardrops,collection
uk,smoothsoul,"Yarborough and Peoples","Don't Stop The Music",collection
