Artist_Group,Artist,Title,QR_Code,Released,Record_Case
10cc,10CC,"Art For Arts Sake",https://www.discogs.com/release/801537,1975,"7"" - Retro - 01 [#,A-G]"
10cc,10cc,Donna,https://www.discogs.com/release/10651640,1972,"7"" - Retro - 01 [#,A-G]"
10cc,10cc,"Dreadlock Holiday",https://www.discogs.com/release/1804141,1978,"7"" - Playlist - 01 [#,A-C...]"
10cc,10cc,"Good Morning Judge",https://www.discogs.com/release/799173,1977,"7"" - Retro - 01 [#,A-G]"
10cc,10cc,"I'm Mandy Fly Me",https://www.discogs.com/release/744098,1976,"7"" - Retro - 01 [#,A-G]"
10cc,10cc,"I'm Not In Love",https://www.discogs.com/release/2643733,1975,"7"" - Retro - 01 [#,A-G]"
10cc,10cc,"Life Is A Minestrone",https://www.discogs.com/release/1847060,1975,"7"" - Retro - 01 [#,A-G]"
10cc,10CC,"People In Love",https://www.discogs.com/release/13515275,1977,"7"" - Archive 01 - [#,A-C..]"
10cc,10cc,"Reds In My Bed",https://www.discogs.com/release/4429951,1978,"7"" - Archive 01 - [#,A-C..]"
10cc,10cc,"Rubber Bullets",https://www.discogs.com/release/612001,1973,"7"" - Retro - 01 [#,A-G]"
10cc,10cc,"Silly Love",https://www.discogs.com/release/2619461,1974,"7"" - Retro - 01 [#,A-G]"
10cc,10cc,"The Dean And I",https://www.discogs.com/release/1684230,1973,"7"" - Archive 01 - [#,A-C..]"
10cc,10cc,"The Things We Do For Love",https://www.discogs.com/release/479561,1976,"7"" - Retro - 01 [#,A-G]"
10cc,10cc,"The Wall Street Shuffle",https://www.discogs.com/release/5414582,1974,"7"" - Retro - 01 [#,A-G]"
"10cc / The Stylistics / Mike Berry / Peter Skellern","10cc / The Stylistics / Mike Berry / Peter Skellern","Classic Love Songs",https://www.discogs.com/release/1904385,1982,"7"" - Archive 01 - [#,A-C..]"
"1910 Fruitgum Company","1910 Fruitgum Company","Simon Says",https://www.discogs.com/release/763604,1967,"7"" - Novelty [#,A-Z]"
"2 Bad 2 Mention","2 Bad 2 Mention","Do It",https://www.discogs.com/release/14612214,1987,"7"" - Archive 01 - [#,A-C..]"
"2 In A Room","2 In A Room","Wiggle It",https://www.discogs.com/release/222965,1991,"7"" - Playlist - 01 [#,A-C...]"
"2 Unlimited","2 Unlimited",Faces,https://www.discogs.com/release/492587,1993,"7"" - Playlist - 01 [#,A-C...]"
"2 Unlimited","2 Unlimited","Let The Beat Control Your Body",https://www.discogs.com/release/189624,1994,"7"" - Playlist - 01 [#,A-C...]"
"2 Unlimited","2 Unlimited","No Limit",https://www.discogs.com/release/310442,1993,"7"" - Playlist - 01 [#,A-C...]"
"2 Unlimited","2 Unlimited","Tribal Dance",https://www.discogs.com/release/189634,1993,"7"" - Playlist - 01 [#,A-C...]"
"2 Unlimited","2 Unlimited","Twilight Zone",https://www.discogs.com/release/987670,1992,"7"" - Playlist - 01 [#,A-C...]"
2AM,2AM,"Somebody Someday",https://www.discogs.com/release/3502473,1988,"7"" - Archive 01 - [#,A-C..]"
49ers,49ers,"Girl To Girl",https://www.discogs.com/release/209494,1990,"7"" - Archive 01 - [#,A-C..]"
49ers,49ers,"Touch Me (Sexual Version)",https://www.discogs.com/release/3049747,1989,"7"" - Playlist - 01 [#,A-C...]"
"5000 Volts","5000 Volts","Bye Love",https://www.discogs.com/release/2056592,1976,"7"" - Archive 01 - [#,A-C..]"
"5000 Volts","5000 Volts","Can't Stop Myself From Loving You",https://www.discogs.com/release/7132653,1977,"7"" - Archive 01 - [#,A-C..]"
"5000 Volts","5000 Volts","Doctor Kiss - Kiss",https://www.discogs.com/release/14326622,1976,"7"" - Archive 01 - [#,A-C..]"
"5000 Volts","5000 Volts","I'm On Fire",https://www.discogs.com/release/1138630,1975,"7"" - Archive 01 - [#,A-C..]"
"52nd Street","52nd Street","Are You Receiving Me?",https://www.discogs.com/release/2182762,1987,"7"" - Archive 01 - [#,A-C..]"
"53rd & 3rd Featuring The Sound Of Shag","53rd & 3rd Featuring The Sound Of Shag","Why Can't We Be Friends",https://www.discogs.com/release/2711369,1975,"7"" - Archive 01 - [#,A-C..]"
"54 + 46","54 + 46","You'll Never Get To Heaven",https://www.discogs.com/release/17792800,1990,"7"" - Archive 01 - [#,A-C..]"
"808 State","808 State","In Yer Face",https://www.discogs.com/release/32581,1991,"7"" - Archive 01 - [#,A-C..]"
"808 State","808 State",Pacific,https://www.discogs.com/release/9551193,1989,"7"" - Playlist - 01 [#,A-C...]"
999,999,Homicide,https://www.discogs.com/release/1358094,1978,"7"" - Playlist - 01 [#,A-C...]"
999,999,Obsessed,https://www.discogs.com/release/5967585,1981,"7"" - Archive 01 - [#,A-C..]"
"A Flock Of Seagulls","A Flock Of Seagulls","Space Age Love Song",https://www.discogs.com/release/121245,1982,"7"" - Playlist - 01 [#,A-C...]"
"A Flock Of Seagulls","A Flock Of Seagulls","Transfer Affection",https://www.discogs.com/release/571342,1983,"7"" - Playlist - 01 [#,A-C...]"
"A Flock Of Seagulls","A Flock Of Seagulls","Wishing (If I Had A Photograph Of You)",https://www.discogs.com/release/178782,1982,"7"" - Playlist - 01 [#,A-C...]"
"A Taste Of Honey","A Taste Of Honey","Boogie Oogie Oogie",https://www.discogs.com/release/5191302,1978,"7"" - Playlist - 01 [#,A-C...]"
"A Taste Of Honey","A Taste Of Honey","Disco Dancin'",https://www.discogs.com/release/2216537,1978,"7"" - Archive 01 - [#,A-C..]"
a-ha,a-ha,"Cry Wolf",https://www.discogs.com/release/5295638,1986,"7"" - Playlist - 01 [#,A-C...]"
a-ha,a-ha,"Crying In The Rain",https://www.discogs.com/release/397092,1990,"7"" - Playlist - 01 [#,A-C...]"
a-ha,a-ha,"Hunting High And Low (Remix)",https://www.discogs.com/release/1141938,1986,"7"" - Playlist - 01 [#,A-C...]"
a-ha,a-ha,"I've Been Losing You",https://www.discogs.com/release/2224148,1986,"7"" - Playlist - 01 [#,A-C...]"
a-ha,a-ha,"Stay On These Roads",https://www.discogs.com/release/3666906,1988,"7"" - Playlist - 01 [#,A-C...]"
a-ha,a-ha,"Take On Me",https://www.discogs.com/release/3204034,1985,"7"" - Playlist - 01 [#,A-C...]"
a-ha,a-ha,"The Living Daylights",https://www.discogs.com/release/2658791,1987,"7"" - Playlist - 01 [#,A-C...]"
a-ha,a-ha,"The Sun Always Shines On T.V.",https://www.discogs.com/release/591148,1985,"7"" - Playlist - 01 [#,A-C...]"
a-ha,a-ha,Touchy!,https://www.discogs.com/release/361280,1988,"7"" - Playlist - 01 [#,A-C...]"
a-ha,a-ha,"Train Of Thought (Remix)",https://www.discogs.com/release/427611,1986,"7"" - Playlist - 01 [#,A-C...]"
a-ha,a-ha,"You Are The One (Remix)",https://www.discogs.com/release/13607937,1988,"7"" - Playlist - 01 [#,A-C...]"
ABBA,ABBA,"Angeleyes / Voulez-Vous",https://www.discogs.com/release/702115,1979,"7"" - Playlist - 01 [#,A-C...]"
ABBA,ABBA,Chiquitita,https://www.discogs.com/release/14325229,1979,"7"" - Playlist - 01 [#,A-C...]"
ABBA,ABBA,"Dancing Queen",https://www.discogs.com/release/1832992,1976,"7"" - Playlist - 01 [#,A-C...]"
ABBA,ABBA,"Does Your Mother Know",https://www.discogs.com/release/684359,1979,"7"" - Playlist - 01 [#,A-C...]"
ABBA,ABBA,Fernando,https://www.discogs.com/release/2802625,1976,"7"" - Playlist - 01 [#,A-C...]"
ABBA,ABBA,"Gimme, Gimme, Gimme (A Man After Midnight)",https://www.discogs.com/release/429128,1979,"7"" - Playlist - 01 [#,A-C...]"
ABBA,ABBA,"Head Over Heels",https://www.discogs.com/release/429126,1982,"7"" - Playlist - 01 [#,A-C...]"
ABBA,ABBA,"Honey, Honey",https://www.discogs.com/release/2957277,1974,"7"" - Archive 01 - [#,A-C..]"
ABBA,ABBA,"I Have A Dream",https://www.discogs.com/release/12414240,1979,"7"" - Playlist - 01 [#,A-C...]"
ABBA,ABBA,"Knowing Me, Knowing You",https://www.discogs.com/release/4059333,1977,"7"" - Playlist - 01 [#,A-C...]"
ABBA,ABBA,"Mamma Mia",https://www.discogs.com/release/467828,1975,"7"" - Playlist - 01 [#,A-C...]"
ABBA,ABBA,"Money, Money, Money",https://www.discogs.com/release/6869076,1976,"7"" - Playlist - 01 [#,A-C...]"
ABBA,ABBA,"One Of Us",https://www.discogs.com/release/2893901,1981,"7"" - Playlist - 01 [#,A-C...]"
ABBA,ABBA,SOS,https://www.discogs.com/release/392142,1975,"7"" - Playlist - 01 [#,A-C...]"
ABBA,ABBA,"Summer Night City",https://www.discogs.com/release/429155,1978,"7"" - Playlist - 01 [#,A-C...]"
ABBA,ABBA,"Super Trouper / The Piper",https://www.discogs.com/release/429131,1980,"7"" - Playlist - 01 [#,A-C...]"
ABBA,ABBA,"Take A Chance On Me",https://www.discogs.com/release/5947514,1978,"7"" - Playlist - 01 [#,A-C...]"
ABBA,ABBA,"The Name Of The Game",https://www.discogs.com/release/3996261,1977,"7"" - Playlist - 01 [#,A-C...]"
ABBA,ABBA,"The Winner Takes It All / Elaine",https://www.discogs.com/release/429148,1980,"7"" - Playlist - 01 [#,A-C...]"
ABBA,"ABBA, Björn & Benny, Agnetha & Anni-Frid",Waterloo,https://www.discogs.com/release/392151,1974,"7"" - Playlist - 01 [#,A-C...]"
ABC,ABC,"All Of My Heart / Overture (From The Lexicon Of Love)",https://www.discogs.com/release/110802,1982,"7"" - Playlist - 01 [#,A-C...]"
ABC,ABC,"Poison Arrow",https://www.discogs.com/release/47921,1982,"7"" - Playlist - 01 [#,A-C...]"
ABC,ABC,"Tears Are Not Enough",https://www.discogs.com/release/3013906,1981,"7"" - Playlist - 01 [#,A-C...]"
ABC,ABC,"The Look Of Love (Parts One And Two)",https://www.discogs.com/release/33608,1982,"7"" - Playlist - 01 [#,A-C...]"
ABC,ABC,"When Smokey Sings",https://www.discogs.com/release/6676294,1987,"7"" - Playlist - 01 [#,A-C...]"
"Abigail Mead And Nigel Goulding","Abigail Mead And Nigel Goulding","Full Metal Jacket (I Wanna Be Your Drill Instructor)",https://www.discogs.com/release/5000289,1987,"7"" - Novelty [#,A-Z]"
AC/DC,AC/DC,Heatseeker,https://www.discogs.com/release/16435917,1988,"7"" - Playlist - 01 [#,A-C...]"
AC/DC,AC/DC,"Highway To Hell",https://www.discogs.com/release/701273,1979,"7"" - Playlist - 01 [#,A-C...]"
AC/DC,AC/DC,"Let's Get It Up / Back In Black (Recorded Live Dec 1981)",https://www.discogs.com/release/1878747,1982,"7"" - Playlist - 01 [#,A-C...]"
AC/DC,AC/DC,"Rock And Roll Ain't Noise Pollution",https://www.discogs.com/release/11103421,"","7"" - Playlist - 01 [#,A-C...]"
AC/DC,AC/DC,"That's The Way I Wanna Rock N Roll",https://www.discogs.com/release/2193101,1988,"7"" - Playlist - 01 [#,A-C...]"
AC/DC,AC/DC,"Whole Lotta Rosie",https://www.discogs.com/release/9169518,1980,"7"" - Playlist - 01 [#,A-C...]"
"Ace Frehley","Ace Frehley","New York Groove",https://www.discogs.com/release/2050938,1978,"7"" - Playlist - 01 [#,A-C...]"
"Ace Of Base","Ace Of Base","All That She Wants (Radio Edit)",https://www.discogs.com/release/163294,1992,"7"" - Playlist - 01 [#,A-C...]"
"Acker Bilk","Acker Bilk","Four Hits And A Mister",https://www.discogs.com/release/5876808,"","7"" - Archive 01 - [#,A-C..]"
"Acker Bilk","Acker Bilk","Song For Guy",https://www.discogs.com/release/10007197,1980,"7"" - Archive 01 - [#,A-C..]"
"Acker Bilk And His Paramount Jazz Band","Acker Bilk And His Paramount Jazz Band","Smile Sam Smile",https://www.discogs.com/release/10101798,1986,"7"" - Archive 01 - [#,A-C..]"
"Acker Bilk And His Paramount Jazz Band","Acker Bilk And His Paramount Jazz Band","Summer Set",https://www.discogs.com/release/467832,1959,"7"" - Archive 01 - [#,A-C..]"
"Acker Bilk His Clarinet And Strings","Acker Bilk His Clarinet And Strings",Aria,https://www.discogs.com/release/1635162,1976,"7"" - Archive 01 - [#,A-C..]"
"Acker Bilk With The Leon Young String Chorale","Acker Bilk With The Leon Young String Chorale","Stranger On The Shore",https://www.discogs.com/release/759854,1961,"7"" - Retro - 01 [#,A-G]"
"Act 1","Act 1","Tom The Peeper",https://www.discogs.com/release/887668,1974,"7"" - Archive 01 - [#,A-C..]"
"Adam & The Ants","Adam And The Ants","Ant Rap",https://www.discogs.com/release/9910224,1981,"7"" - Playlist - 01 [#,A-C...]"
"Adam & The Ants","Adam And The Ants",Antmusic,https://www.discogs.com/release/8298669,1980,"7"" - Playlist - 01 [#,A-C...]"
"Adam & The Ants","Adam And The Ants","Deutscher Girls",https://www.discogs.com/release/533879,1982,"7"" - Playlist - 01 [#,A-C...]"
"Adam & The Ants","Adam And The Ants","Dog Eat Dog",https://www.discogs.com/release/380526,1980,"7"" - Playlist - 01 [#,A-C...]"
"Adam & The Ants","Adam And The Ants","Goody Two Shoes",https://www.discogs.com/release/1771998,1982,"7"" - Playlist - 01 [#,A-C...]"
"Adam & The Ants","Adam And The Ants","Kings Of The Wild Frontier",https://www.discogs.com/release/4061861,1980,"7"" - Playlist - 01 [#,A-C...]"
"Adam & The Ants","Adam And The Ants","Prince Charming",https://www.discogs.com/release/8970105,1981,"7"" - Playlist - 01 [#,A-C...]"
"Adam & The Ants","Adam And The Ants","Stand & Deliver!",https://www.discogs.com/release/15358472,1981,"7"" - Playlist - 01 [#,A-C...]"
"Adam & The Ants","Adam And The Ants","Young Parisians",https://www.discogs.com/release/380535,1978,"7"" - Playlist - 01 [#,A-C...]"
"Adam & The Ants","Adam Ant","Apollo 9 (Blast Off Mix)",https://www.discogs.com/release/1592193,1984,"7"" - Playlist - 01 [#,A-C...]"
"Adam & The Ants","Adam Ant","Friend Or Foe",https://www.discogs.com/release/14033040,1982,"7"" - Playlist - 01 [#,A-C...]"
"Adam & The Ants","Adam Ant","Puss'N Boots",https://www.discogs.com/release/851613,1983,"7"" - Playlist - 01 [#,A-C...]"
"Adam Faith","Adam Faith","Baby Take A Bow",https://www.discogs.com/release/491295,1962,"7"" - Archive 01 - [#,A-C..]"
"Adam Faith","Adam Faith","Lonely Pup (In A Christmas Shop)",https://www.discogs.com/release/14670786,1960,"7"" - Holiday [#,A-Z]"
"Adam Faith","Adam Faith","What Do You Want?",https://www.discogs.com/release/4077185,1960,"7"" - Retro - 01 [#,A-G]"
"Adam Faith With John Barry & His Orchestra","Adam Faith With John Barry & His Orchestra","As You Like It",https://www.discogs.com/release/541908,1962,"7"" - Archive 01 - [#,A-C..]"
"Adam Faith With The Roulettes","Adam Faith With The Roulettes","So Long Baby",https://www.discogs.com/release/13051919,1963,"7"" - Archive 01 - [#,A-C..]"
Adamski,Adamski,Killer,https://www.discogs.com/release/50490,1990,"7"" - Playlist - 01 [#,A-C...]"
Adamski,Adamski,"The Space Jungle",https://www.discogs.com/release/102654,1990,"7"" - Archive 01 - [#,A-C..]"
Adeva,Adeva,"I Thank You",https://www.discogs.com/release/529273,1989,"7"" - Playlist - 01 [#,A-C...]"
Adeva,Adeva,Warning!,https://www.discogs.com/release/1034206,1989,"7"" - Playlist - 01 [#,A-C...]"
"Adrian Gurvitz","Adrian Gurvitz",Classic,https://www.discogs.com/release/476737,1982,"7"" - Archive 01 - [#,A-C..]"
Adventures,Adventures,"Broken Land",https://www.discogs.com/release/1415924,1988,"7"" - Archive 01 - [#,A-C..]"
"Adventures Of Stevie V.","Adventures Of Stevie V.","Dirty Cash (Money Talks)",https://www.discogs.com/release/616520,1990,"7"" - Archive 01 - [#,A-C..]"
Adverts,Adverts,"Gary Gilmore's Eyes / Bored Teenagers",https://www.discogs.com/release/668916,1977,"7"" - Playlist - 01 [#,A-C...]"
Aerosmith,Aerosmith,"Dude (Looks Like A Lady)",https://www.discogs.com/release/1426236,1987,"7"" - Playlist - 01 [#,A-C...]"
Aerosmith,Aerosmith,"Love In An Elevator",https://www.discogs.com/release/11078555,1989,Uncategorized
"Afrika Bambaataa & Family Featuring UB40","Afrika Bambaataa & Family Featuring UB40",Reckless,https://www.discogs.com/release/184408,1988,"7"" - Archive 01 - [#,A-C..]"
"After The Fire","After The Fire","One Rule For You",https://www.discogs.com/release/4056726,1979,"7"" - Archive 01 - [#,A-C..]"
Aftershock,Aftershock,"Slave To The Vibe",https://www.discogs.com/release/641944,1993,"7"" - Archive 01 - [#,A-C..]"
"Agrupacion Folklorica Roque Nublo","Agrupacion Folklorica Roque Nublo","Pobre Rafael",https://www.discogs.com/release/5889735,1966,"7"" - Archive 01 - [#,A-C..]"
"Air Supply","Air Supply","All Out Of Love",https://www.discogs.com/release/1501383,1980,"7"" - Playlist - 01 [#,A-C...]"
"Air Supply","Air Supply","Even The Nights Are Better",https://www.discogs.com/release/3499196,1982,"7"" - Archive 01 - [#,A-C..]"
"AJL Band","AJL Band","Get Me To The Disco",https://www.discogs.com/release/3217643,1977,"7"" - Archive 01 - [#,A-C..]"
"Al Green","Al Green","Sha-la-la (Make Me Happy)",https://www.discogs.com/release/3609524,1974,"7"" - Archive 01 - [#,A-C..]"
"Al Green","Al Green","Tired Of Being Alone",https://www.discogs.com/release/1512543,1971,"7"" - Archive 01 - [#,A-C..]"
"Al Hudson & The Partners","Al Hudson & The Partners","Dance Get Down (Feel The Groove)",https://www.discogs.com/release/945873,1978,"7"" - Archive 01 - [#,A-C..]"
"Al Jarreau","Al Jarreau","Love Is Waiting",https://www.discogs.com/release/3664078,1983,"7"" - Archive 01 - [#,A-C..]"
"Al Jarreau","Al Jarreau","Moonlighting Theme",https://www.discogs.com/release/1171786,1987,"7"" - Playlist - 01 [#,A-C...]"
"Al Jarreau","Al Jarreau","Mornin'",https://www.discogs.com/release/1874891,1983,"7"" - Archive 01 - [#,A-C..]"
"Al Jarreau","Al Jarreau","Trouble In Paradise",https://www.discogs.com/release/1421996,1983,"7"" - Archive 01 - [#,A-C..]"
"Al Jarreau","Al Jarreau","We're In This Love Together",https://www.discogs.com/release/3351938,1981,"7"" - Archive 01 - [#,A-C..]"
"Al Martino","Al Martino","Spanish Eyes",https://www.discogs.com/release/2219908,"","7"" - Archive 01 - [#,A-C..]"
"Al Stewart","Al Stewart","Year Of The Cat",https://www.discogs.com/release/3196146,1976,"7"" - Playlist - 01 [#,A-C...]"
"Alain Chamfort","Alain Chamfort","Manureva / Beguine",https://www.discogs.com/release/10619154,1980,"7"" - Archive 01 - [#,A-C..]"
"Alan Caddy Orchestra & Singers","Alan Caddy Orchestra & Singers","Pay Tribute To Cilla And Lulu",https://www.discogs.com/release/3444092,1971,"7"" - Archive 01 - [#,A-C..]"
"Alan Caddy Orchestra & Singers","Alan Caddy Orchestra & Singers","Pay Tribute To Simon & Garfunkel",https://www.discogs.com/release/3196473,1971,"7"" - Archive 01 - [#,A-C..]"
"Alan Caddy Orchestra & Singers","Alan Caddy Orchestra & Singers","Reggae Party",https://www.discogs.com/release/2387574,1972,"7"" - Archive 01 - [#,A-C..]"
"Alan Caddy Orchestra & Singers","Alan Caddy Orchestra & Singers","Six Top Hits",https://www.discogs.com/release/3977070,1970,"7"" - Archive 01 - [#,A-C..]"
"Alan Clyde","Alan Clyde","Anything Can Happen / I Wish It Was You",https://www.discogs.com/release/9500765,1986,"7"" - Archive 01 - [#,A-C..]"
"Alan Jay Lerner, Frederick Loewe - Al Goodman And His Orchestra","Alan Jay Lerner, Frederick Loewe - Al Goodman And His Orchestra",Gigi,https://www.discogs.com/release/11927297,1958,"7"" - Archive 01 - [#,A-C..]"
"Alan O'Day","Alan O'Day","Oh Johnny",https://www.discogs.com/release/7462343,1979,"7"" - Archive 01 - [#,A-C..]"
"Alan O'Day","Alan O'Day","Undercover Angel",https://www.discogs.com/release/14813614,1977,"7"" - Archive 01 - [#,A-C..]"
"Alan Parsons Project","Alan Parsons Project","Old And Wise",https://www.discogs.com/release/712873,1982,"7"" - Archive 01 - [#,A-C..]"
"Alan Price","Alan Price","England My England",https://www.discogs.com/release/2221243,1979,"7"" - Archive 01 - [#,A-C..]"
"Alan Price","Alan Price","In Times Like These",https://www.discogs.com/release/2221055,1974,"7"" - Archive 01 - [#,A-C..]"
"Alan Price","Alan Price","Jarrow Song",https://www.discogs.com/release/1520028,1974,"7"" - Archive 01 - [#,A-C..]"
"Alan Price","Alan Price","Just For You",https://www.discogs.com/release/25441609,1978,"7"" - Archive 01 - [#,A-C..]"
"Alan Price Set","Alan Price Set","Don't Stop The Carnival",https://www.discogs.com/release/1426587,1968,"7"" - Archive 01 - [#,A-C..]"
"Alan Price Set","Alan Price Set","Hi-Lili, Hi-Lo",https://www.discogs.com/release/12652475,1966,"7"" - Archive 01 - [#,A-C..]"
"Alan Williams","Alan Williams","Doing Things With You",https://www.discogs.com/release/3290321,1980,"7"" - Archive 01 - [#,A-C..]"
"Alannah Myles","Alannah Myles","Black Velvet",https://www.discogs.com/release/1482455,1990,"7"" - Playlist - 01 [#,A-C...]"
Alarm,Alarm,"Rescue Me",https://www.discogs.com/release/1729875,1987,"7"" - Archive 01 - [#,A-C..]"
Alarm,Alarm,"Sixty Eight Guns",https://www.discogs.com/release/417294,1983,"7"" - Playlist - 01 [#,A-C...]"
Alarm,Alarm,"Spirit Of '76",https://www.discogs.com/release/908884,1986,"7"" - Playlist - 01 [#,A-C...]"
"Albert Hammond","Albert Hammond","It Never Rains In Southern California",https://www.discogs.com/release/6005111,1975,"7"" - Retro - 01 [#,A-G]"
"Albert Hammond","Albert Hammond","The Free Electric Band",https://www.discogs.com/release/4414534,1973,"7"" - Retro - 01 [#,A-G]"
"Alberto Y Lost Trios Paranoias","Alberto Y Lost Trios Paranoias","Heads Down No Nonsense Mindless Boogie",https://www.discogs.com/release/3092055,1978,"7"" - Novelty [#,A-Z]"
"Aled Jones","Aled Jones","Walking In The Air",https://www.discogs.com/release/637152,1985,"7"" - Holiday [#,A-Z]"
Alessi,Alessi,"Oh, Lori",https://www.discogs.com/release/15217779,1977,"7"" - Archive 01 - [#,A-C..]"
"Alex Glasgow","Alex Glasgow","Dance Ti Thi Daddy (When The Boat Comes In)",https://www.discogs.com/release/4833982,1980,"7"" - Archive 01 - [#,A-C..]"
"Alexander O'Neal","Alexander O'Neal","(What Can I Say) To Make You Love Me (Edit)",https://www.discogs.com/release/602407,1988,"7"" - Archive 01 - [#,A-C..]"
"Alexander O'Neal","Alexander O'Neal","All True Man",https://www.discogs.com/release/2145187,1991,"7"" - Archive 01 - [#,A-C..]"
"Alexander O'Neal","Alexander O'Neal",Criticize,https://www.discogs.com/release/147823,1987,"7"" - Archive 01 - [#,A-C..]"
"Alexander O'Neal","Alexander O'Neal","Hitmix (The Official Bootleg Megamix)",https://www.discogs.com/release/649456,1989,"7"" - Archive 01 - [#,A-C..]"
"Alexander O'Neal","Alexander O'Neal","If You Were Here Tonight",https://www.discogs.com/release/255827,1985,"7"" - Playlist - 01 [#,A-C...]"
"Alexander O'Neal ","Alexander O'Neal Featuring Cherrelle","Never Knew Love Like This",https://www.discogs.com/release/1201908,1987,"7"" - Playlist - 01 [#,A-C...]"
"Alexei Sayle","Alexei Sayle","'Ullo John! Gotta New Motor?",https://www.discogs.com/release/13191245,1984,"7"" - Novelty [#,A-Z]"
"Alice Cooper","Alice Cooper","Elected ",https://www.discogs.com/release/5429323,1972,"7"" - Playlist - 01 [#,A-C...]"
"Alice Cooper","Alice Cooper","Hello Hooray / No More Mr. Nice Guy",https://www.discogs.com/release/5761320,1973,"7"" - Archive 01 - [#,A-C..]"
"Alice Cooper","Alice Cooper","Hello Hurray",https://www.discogs.com/release/12219178,1973,"7"" - Archive 01 - [#,A-C..]"
"Alice Cooper","Alice Cooper","School's Out / Gutter Cat",https://www.discogs.com/release/385853,1972,"7"" - Playlist - 01 [#,A-C...]"
"Alice Cooper","Alice Cooper","Teenage Lament '74",https://www.discogs.com/release/5397272,1973,"7"" - Archive 01 - [#,A-C..]"
"Alice Cooper","Alice Cooper",Poison,https://www.discogs.com/release/1156547,1989,"7"" - Playlist - 01 [#,A-C...]"
"Alien Ant Farm","Alien Ant Farm","Smooth Criminal",https://www.discogs.com/release/19309666,2021,"7"" - Playlist - 01 [#,A-C...]"
"Alison Moyet","Alison Moyet","All Cried Out",https://www.discogs.com/release/852251,1984,"7"" - Playlist - 01 [#,A-C...]"
"Alison Moyet","Alison Moyet",Invisible,https://www.discogs.com/release/853821,1984,"7"" - Playlist - 01 [#,A-C...]"
"Alison Moyet","Alison Moyet","Is This Love?",https://www.discogs.com/release/853826,1986,"7"" - Playlist - 01 [#,A-C...]"
"Alison Moyet","Alison Moyet","Love Letters",https://www.discogs.com/release/7953511,1987,"7"" - Playlist - 01 [#,A-C...]"
"Alison Moyet","Alison Moyet","Love Resurrection",https://www.discogs.com/release/820745,1984,"7"" - Playlist - 01 [#,A-C...]"
"Alison Moyet","Alison Moyet","That Ole Devil Called Love",https://www.discogs.com/release/457342,1985,"7"" - Playlist - 01 [#,A-C...]"
"Alison Moyet","Alison Moyet","Weak In The Presence Of Beauty",https://www.discogs.com/release/1117516,1987,"7"" - Playlist - 01 [#,A-C...]"
"All About Eve","All About Eve","Wild Hearted Woman",https://www.discogs.com/release/2221807,1988,"7"" - Archive 01 - [#,A-C..]"
"Alma Cogan","Alma Cogan","Never Do A Tango With An Eskimo",https://www.discogs.com/release/12561321,1955,"7"" - Holiday [#,A-Z]"
Alphaville,Alphaville,"Big In Japan",https://www.discogs.com/release/595705,1984,"7"" - Playlist - 01 [#,A-C...]"
"Alphonse Mouzon","Alphonse Mouzon","Don't Want To Lose This Feeling",https://www.discogs.com/release/4318192,1982,"7"" - Archive 01 - [#,A-C..]"
"Altered Images","Altered Images","Don't Talk To Me About Love",https://www.discogs.com/release/4221955,1983,"7"" - Archive 01 - [#,A-C..]"
"Altered Images","Altered Images","Happy Birthday",https://www.discogs.com/release/215241,1981,"7"" - Playlist - 01 [#,A-C...]"
"Altered Images","Altered Images","I Could Be Happy",https://www.discogs.com/release/2273370,1981,"7"" - Playlist - 01 [#,A-C...]"
"Altered Images","Altered Images","Pinky Blue",https://www.discogs.com/release/10757849,1982,"7"" - Playlist - 01 [#,A-C...]"
"Altered Images","Altered Images","See Those Eyes",https://www.discogs.com/release/440708,1982,"7"" - Playlist - 01 [#,A-C...]"
"Alternative Radio","Alternative Radio","First Night",https://www.discogs.com/release/147794,1986,"7"" - Archive 01 - [#,A-C..]"
"Althia & Donna","Althea & Donna / The Mighty Two","Up Town Top Ranking / Calico Suit",https://www.discogs.com/release/424970,1977,"7"" - Playlist - 01 [#,A-C...]"
"Alton Edwards","Alton Edwards","I Just Wanna (Spend Some Time With You)",https://www.discogs.com/release/18294022,1981,"7"" - Archive 01 - [#,A-C..]"
"Alvin Cash","Alvin Cash","Doin' The Ali Shuffle",https://www.discogs.com/release/4535599,1967,"7"" - Archive 01 - [#,A-C..]"
"Alvin Stardust","Alvin Stardust","Angel From Hamburger Heaven",https://www.discogs.com/release/2348729,1975,"7"" - Archive 01 - [#,A-C..]"
"Alvin Stardust","Alvin Stardust","Good Love Can Never Die",https://www.discogs.com/release/15327877,1975,"7"" - Archive 01 - [#,A-C..]"
"Alvin Stardust","Alvin Stardust","I Won't Run Away",https://www.discogs.com/release/1672071,1984,"7"" - Archive 01 - [#,A-C..]"
"Alvin Stardust","Alvin Stardust","Jealous Mind",https://www.discogs.com/release/431467,1973,"7"" - Archive 01 - [#,A-C..]"
"Alvin Stardust","Alvin Stardust","My Coo Ca Choo",https://www.discogs.com/release/563522,1973,"7"" - Archive 01 - [#,A-C..]"
"Alvin Stardust","Alvin Stardust",Pretend,https://www.discogs.com/release/6808214,1981,"7"" - Archive 01 - [#,A-C..]"
"Alvin Stardust","Alvin Stardust","Red Dress",https://www.discogs.com/release/1385229,1974,"7"" - Archive 01 - [#,A-C..]"
"Alvin Stardust","Alvin Stardust","Tell Me Why",https://www.discogs.com/release/1870383,1974,"7"" - Archive 01 - [#,A-C..]"
"Alvin Stardust","Alvin Stardust","You You You",https://www.discogs.com/release/1885937,1974,"7"" - Archive 01 - [#,A-C..]"
"Alyson Williams","Alyson Williams","I Need Your Lovin' ",https://www.discogs.com/release/387815,1989,"7"" - Archive 01 - [#,A-C..]"
"Alyson Williams","Alyson Williams","I Second That Emotion",https://www.discogs.com/release/1926045,1989,"7"" - Archive 01 - [#,A-C..]"
"Amazing Rhythm Aces","Amazing Rhythm Aces","Third Rate Romance",https://www.discogs.com/release/4547998,1975,"7"" - Archive 01 - [#,A-C..]"
Amazulu,Amazulu,"Don't You Just Know It",https://www.discogs.com/release/3159357,1985,"7"" - Archive 01 - [#,A-C..]"
Amazulu,Amazulu,Excitable,https://www.discogs.com/release/95853,1985,"7"" - Archive 01 - [#,A-C..]"
Amazulu,Amazulu,"Montego Bay",https://www.discogs.com/release/1784328,1986,"7"" - Archive 01 - [#,A-C..]"
Amazulu,Amazulu,"Too Good To Be Forgotten",https://www.discogs.com/release/481960,1986,"7"" - Archive 01 - [#,A-C..]"
"Amen Corner","Amen Corner","Hello Susie",https://www.discogs.com/release/6847750,1969,"7"" - Retro - 01 [#,A-G]"
America,America,"Horse With No Name / Ventura Highway",https://www.discogs.com/release/5115237,1985,"7"" - Playlist - 01 [#,A-C...]"
America,America,"Ventura Highway",https://www.discogs.com/release/9776052,1972,"7"" - Archive 01 - [#,A-C..]"
"Amii Stewart","Amii Stewart",Friends,https://www.discogs.com/release/1784568,1984,"7"" - Archive 01 - [#,A-C..]"
"Amii Stewart","Amii Stewart",Jealousy,https://www.discogs.com/release/18022501,1979,"7"" - Archive 01 - [#,A-C..]"
"Amii Stewart","Amii Stewart","Knock On Wood",https://www.discogs.com/release/11841937,1978,"7"" - Playlist - 01 [#,A-C...]"
"Amii Stewart","Amii Stewart","Light My Fire / 137 Disco Heaven",https://www.discogs.com/release/4642970,1979,"7"" - Archive 01 - [#,A-C..]"
"Amii Stewart","Amii Stewart","The Letter / Paradise Bird",https://www.discogs.com/release/2293792,1980,"7"" - Archive 01 - [#,A-C..]"
"Amii Stewart & Johnny Bristol","Amii Stewart & Johnny Bristol","My Guy, My Girl",https://www.discogs.com/release/1784565,1980,"7"" - Archive 01 - [#,A-C..]"
"Amy Grant","Amy Grant","Baby Baby",https://www.discogs.com/release/1802379,1991,"7"" - Playlist - 01 [#,A-C...]"
"And Why Not?","And Why Not?","Restless Days (She Screams Out Loud)",https://www.discogs.com/release/1498958,1989,"7"" - Archive 01 - [#,A-C..]"
"Anders Glenmark","Anders Glenmark","One Night Stand",https://www.discogs.com/release/3935785,1977,"7"" - Archive 01 - [#,A-C..]"
"Andre Brasseur","André Brasseur","The Kid",https://www.discogs.com/release/18337516,1970,"7"" - Archive 01 - [#,A-C..]"
"Andrea Marcovicci","Andrea Marcovicci","I'm Dreamin'",https://www.discogs.com/release/9505173,1978,"7"" - Archive 01 - [#,A-C..]"
"Andrea True Connection","Andrea True Connection","(New York) You Got Me Dancing / Keep It Up Longer",https://www.discogs.com/release/1147055,1977,"7"" - Archive 01 - [#,A-C..]"
"Andrea True Connection","Andrea True Connection","More, More, More (Pt. 1)",https://www.discogs.com/release/4888181,1976,"7"" - Playlist - 01 [#,A-C...]"
"Andrea True Connection","Andrea True Connection","Party Line",https://www.discogs.com/release/1635199,1976,"7"" - Archive 01 - [#,A-C..]"
"Andrew Gold","Andrew Gold","Lonely Boy",https://www.discogs.com/release/7469012,1976,"7"" - Archive 01 - [#,A-C..]"
"Andrew Gold","Andrew Gold","Never Let Her Slip Away",https://www.discogs.com/release/13061404,1978,"7"" - Archive 01 - [#,A-C..]"
"Andrew Gold","Andrew Gold","Thank You For Being A Friend",https://www.discogs.com/release/8496546,1978,"7"" - Archive 01 - [#,A-C..]"
"Andy Fairweather-Low","Andy Fairweather-Low","Reggae Tune",https://www.discogs.com/release/4797261,1974,"7"" - Archive 01 - [#,A-C..]"
"Andy Fairweather-Low","Andy Fairweather-Low",Shimmie-Do-Wah-Sae,https://www.discogs.com/release/2124503,1977,"7"" - Archive 01 - [#,A-C..]"
"Andy Fairweather-Low","Andy Fairweather-Low","Wide Eyed And Legless",https://www.discogs.com/release/7045695,1975,"7"" - Archive 01 - [#,A-C..]"
"Andy Gibb","Andy Gibb","(Love Is) Thicker Than Water",https://www.discogs.com/release/2102761,1977,"7"" - Archive 01 - [#,A-C..]"
"Andy Gibb","Andy Gibb","(Our Love) Don't Throw It All Away ",https://www.discogs.com/release/11647888,1979,"7"" - Archive 01 - [#,A-C..]"
"Andy Gibb","Andy Gibb","I Just Wanna Be Your Everything",https://www.discogs.com/release/1402413,1977,"7"" - Archive 01 - [#,A-C..]"
"Andy Kim","Andy Kim","Rock Me Gently",https://www.discogs.com/release/1268216,1974,"7"" - Archive 01 - [#,A-C..]"
"Andy Stewart","Andy Stewart","A Scottish Soldier (Green Hills Of Tyrol) / The Muckin' O' Geordie's Byre",https://www.discogs.com/release/20141065,1960,"7"" - Archive 01 - [#,A-C..]"
"Andy Stewart","Andy Stewart","Donald Where's Your Troosers?",https://www.discogs.com/release/12139928,"","7"" - Novelty [#,A-Z]"
"Andy Stewart","Andy Stewart","Song Of Freedom",https://www.discogs.com/release/14787736,1975,"7"" - Archive 01 - [#,A-C..]"
"Andy Williams","Andy Williams","(Where Do I Begin) Love Story",https://www.discogs.com/release/692061,1971,"7"" - Archive 01 - [#,A-C..]"
"Andy Williams","Andy Williams","Can't Get Used To Losing You",https://www.discogs.com/release/11657443,"","7"" - Archive 01 - [#,A-C..]"
"Andy Williams","Andy Williams","Can't Take My Eyes Off You",https://www.discogs.com/release/4759698,1968,"7"" - Archive 01 - [#,A-C..]"
"Andy Williams","Andy Williams","It's So Easy",https://www.discogs.com/release/1681104,1970,"7"" - Archive 01 - [#,A-C..]"
"Andy Williams","Andy Williams",Solitaire,https://www.discogs.com/release/6421697,1973,"7"" - Archive 01 - [#,A-C..]"
"Andy Williams","Andy Williams","Sweet Memories",https://www.discogs.com/release/2436260,1968,"7"" - Archive 01 - [#,A-C..]"
"Andy Williams","Andy Williams","The Look Of Love",https://www.discogs.com/release/6381646,1968,"7"" - Archive 01 - [#,A-C..]"
"Andy Williams","Andy Williams","The Peking Theme (So Little Time) / Hopeless",https://www.discogs.com/release/2297378,1963,"7"" - Archive 01 - [#,A-C..]"
"Andy Williams","Andy Williams","You Lay So Easy On My Mind",https://www.discogs.com/release/11120442,1974,"7"" - Archive 01 - [#,A-C..]"
Aneka,Aneka,"Japanese Boy",https://www.discogs.com/release/7933373,1981,"7"" - Playlist - 01 [#,A-C...]"
Aneka,Aneka,"Ooh Shooby Doo Doo Lang",https://www.discogs.com/release/2379653,1982,"7"" - Archive 01 - [#,A-C..]"
Angelettes,Angelettes,"Don't Let Him Touch You",https://www.discogs.com/release/14062093,1972,"7"" - Archive 01 - [#,A-C..]"
"Angelic Upstarts","Angelic Upstarts","I'm An Upstart",https://www.discogs.com/release/3817520,1979,"7"" - Playlist - 01 [#,A-C...]"
"Angelic Upstarts","Angelic Upstarts","Out Of Control",https://www.discogs.com/release/736826,1980,"7"" - Playlist - 01 [#,A-C...]"
"Angry Anderson","Angry Anderson","Suddenly (The Wedding Theme From Neighbours)",https://www.discogs.com/release/5132450,1988,"7"" - Archive 01 - [#,A-C..]"
"Animal Nightlife","Animal Nightlife","Always Your Humble Slave",https://www.discogs.com/release/4084309,1988,"7"" - Archive 01 - [#,A-C..]"
Animals,Animals,"Don't Let Me Be Misunderstood",https://www.discogs.com/release/10173268,1965,"7"" - Retro - 01 [#,A-G]"
Animals,Animals,"The House Of The Rising Sun",https://www.discogs.com/release/467862,1964,"7"" - Retro - 01 [#,A-G]"
Animals,Animals,"We've Gotta Get Out Of This Place",https://www.discogs.com/release/855788,1965,"7"" - Retro - 01 [#,A-G]"
Animotion,Animotion,Obsession,https://www.discogs.com/release/4222498,1985,"7"" - Playlist - 01 [#,A-C...]"
"Anita Baker","Anita Baker","Caught Up In The Rapture",https://www.discogs.com/release/2234889,1987,"7"" - Archive 01 - [#,A-C..]"
"Anita Baker","Anita Baker","Sweet Love",https://www.discogs.com/release/793033,1986,"7"" - Archive 01 - [#,A-C..]"
"Anita Dobson And The Simon May Orchestra","Anita Dobson And The Simon May Orchestra","Anyone Can Fall In Love",https://www.discogs.com/release/5564282,1986,"7"" - Novelty [#,A-Z]"
"Anita Harris","Anita Harris","Anniversary Waltz / Just Loving You",https://www.discogs.com/release/8263234,"","7"" - Archive 01 - [#,A-C..]"
"Anita Harris","Anita Harris","Just Loving You",https://www.discogs.com/release/13027132,1967,"7"" - Archive 01 - [#,A-C..]"
"Anita Harris And The Young Set","Anita Harris And The Young Set","Touch The Heart Of A Child With Sunshine",https://www.discogs.com/release/2811285,1984,"7"" - Archive 01 - [#,A-C..]"
"Anita Meyer","Anita Meyer","Why Tell Me, Why",https://www.discogs.com/release/17726410,1981,"7"" - Archive 01 - [#,A-C..]"
"Anita Ward","Anita Ward","Ring My Bell",https://www.discogs.com/release/7121163,1979,"7"" - Playlist - 01 [#,A-C...]"
"Annabel Lamb","Annabel Lamb","Riders On The Storm",https://www.discogs.com/release/6932519,1983,"7"" - Playlist - 01 [#,A-C...]"
"Anne Barrett","Anne Barrett",Stay,https://www.discogs.com/release/2275993,1984,"7"" - Archive 01 - [#,A-C..]"
"Anne Murray","Anne Murray",Snowbird,https://www.discogs.com/release/1496933,1970,"7"" - Retro - 01 [#,A-G]"
"Anne Murray","Anne Murray","You Needed Me",https://www.discogs.com/release/2628683,1978,"7"" - Archive 01 - [#,A-C..]"
"Anne Shelton With Wally Stott And His Orchestra And Chorus","Anne Shelton With Wally Stott And His Orchestra And Chorus",Sailor,https://www.discogs.com/release/1748152,1961,"7"" - Archive 01 - [#,A-C..]"
"Anne Shelton With Wally Stott And His Orchestra And Chorus","Anne Shelton With Wally Stott And His Orchestra And Chorus","The Village Of St. Bernadette",https://www.discogs.com/release/1729665,1959,"7"" - Archive 01 - [#,A-C..]"
"Anni Frind","Anni Frind","Casanova: Nun's Chorus And Spanish Romance",https://www.discogs.com/release/20293498,"","7"" - Archive 01 - [#,A-C..]"
"Anthony Newley","Anthony Newley","Personality / My Blue Angel",https://www.discogs.com/release/4794373,1959,"7"" - Archive 01 - [#,A-C..]"
"Anthony Newley","Anthony Newley","Pop Goes The Weasel",https://www.discogs.com/release/6500136,1961,"7"" - Archive 01 - [#,A-C..]"
"Anthony Newley","Anthony Newley","Strawberry Fair / A Boy Without A Girl",https://www.discogs.com/release/11084588,1960,"7"" - Archive 01 - [#,A-C..]"
"Anthony Newley","Anthony Newley",Why,https://www.discogs.com/release/12112442,1960,"7"" - Archive 01 - [#,A-C..]"
Anthrax,Anthrax,"I'm The Man",https://www.discogs.com/release/814198,1987,"7"" - Playlist - 01 [#,A-C...]"
"Any Trouble","Any Trouble","Touch And Go",https://www.discogs.com/release/2582241,1983,"7"" - Archive 01 - [#,A-C..]"
"Any Trouble","Any Trouble","Yesterday's Love",https://www.discogs.com/release/9752300,1980,"7"" - Archive 01 - [#,A-C..]"
"Apache Indian","Apache Indian","Nuff Vibes EP",https://www.discogs.com/release/5078859,1993,"7"" - Archive 01 - [#,A-C..]"
Arcadia,Arcadia,"Election Day",https://www.discogs.com/release/1735080,1985,"7"" - Archive 01 - [#,A-C..]"
Arcadia,Arcadia,"The Promise",https://www.discogs.com/release/1533146,1986,"7"" - Archive 01 - [#,A-C..]"
"Arch Yancey","Arch Yancey","(Your Lovin' Couldn't) Take The Walkin' Out Of My Shoes",https://www.discogs.com/release/7595342,1977,"7"" - Archive 01 - [#,A-C..]"
Archies,Archies,"Sugar, Sugar",https://www.discogs.com/release/5946912,1969,"7"" - Retro - 01 [#,A-G]"
"Aretha Franklin","Aretha Franklin","(You Make Me Feel Like) A Natural Woman",https://www.discogs.com/release/8872140,1967,"7"" - Retro - 01 [#,A-G]"
"Aretha Franklin","Aretha Franklin",Angel,https://www.discogs.com/release/3406664,1973,"7"" - Retro - 01 [#,A-G]"
"Aretha Franklin","Aretha Franklin","I Say A Little Prayer",https://www.discogs.com/release/712545,1968,"7"" - Retro - 01 [#,A-G]"
"Aretha Franklin","Aretha Franklin","Respect / Dr. Feelgood",https://www.discogs.com/release/2922568,1967,"7"" - Retro - 01 [#,A-G]"
"Aretha Franklin","Aretha Franklin","Spanish Harlem",https://www.discogs.com/release/1636958,1971,"7"" - Retro - 01 [#,A-G]"
"Aretha Franklin","Aretha Franklin","United Together / I Can't Turn You Loose",https://www.discogs.com/release/2133093,1981,"7"" - Archive 01 - [#,A-C..]"
"Aretha Franklin","Aretha Franklin","What A Fool Believes",https://www.discogs.com/release/2133068,1980,"7"" - Playlist - 01 [#,A-C...]"
"Aretha Franklin","Aretha Franklin","Who's Zoomin' Who",https://www.discogs.com/release/10162316,1985,"7"" - Playlist - 01 [#,A-C...]"
"Aretha Franklin","Aretha Franklin & George Michael","I Knew You Were Waiting (For Me)",https://www.discogs.com/release/1176649,1987,"7"" - Playlist - 01 [#,A-C...]"
"Aretha Franklin & Whitney Houston","Aretha Franklin & Whitney Houston","It Isn't, It Wasn't, It Ain't Never Gonna Be",https://www.discogs.com/release/1569094,1989,"7"" - Archive 01 - [#,A-C..]"
Argent,Argent,"God Gave Rock And Roll To You",https://www.discogs.com/release/5962099,1973,"7"" - Retro - 01 [#,A-G]"
Argent,Argent,"Hold Your Head Up",https://www.discogs.com/release/477097,1972,"7"" - Retro - 01 [#,A-G]"
Argent,Argent,Tragedy,https://www.discogs.com/release/2076797,1972,"7"" - Archive 01 - [#,A-C..]"
"Armada Orchestra","Armada Orchestra","Band Of Gold",https://www.discogs.com/release/7459821,1975,"7"" - Archive 01 - [#,A-C..]"
"Armando Hurley","Armando Hurley","Music Change The World",https://www.discogs.com/release/3477389,1986,"7"" - Archive 01 - [#,A-C..]"
"Armoury Show","Armoury Show","We Can Be Brave Again",https://www.discogs.com/release/139180,1984,"7"" - Archive 01 - [#,A-C..]"
"Arnee And The Terminaters","Arnee And The Terminaters","I'll Be Back",https://www.discogs.com/release/473704,1991,"7"" - Novelty [#,A-Z]"
Arriba,Arriba,"The Peanut Vendor",https://www.discogs.com/release/3129755,1982,"7"" - Archive 01 - [#,A-C..]"
Arrival,Arrival,"Friends / Don't Turn His Love Away",https://www.discogs.com/release/6260592,1969,"7"" - Archive 01 - [#,A-C..]"
Arrival,Arrival,"I Will Survive",https://www.discogs.com/release/1749115,1970,"7"" - Archive 01 - [#,A-C..]"
Arrow,Arrow,"Hot Hot Hot",https://www.discogs.com/release/5704633,1984,"7"" - Archive 01 - [#,A-C..]"
Arrow,Arrow,"Long Time",https://www.discogs.com/release/2861032,1984,"7"" - Archive 01 - [#,A-C..]"
Arrows,Arrows,"My Last Night With You",https://www.discogs.com/release/1592839,1975,"7"" - Archive 01 - [#,A-C..]"
Arrows,Arrows,"Touch Too Much",https://www.discogs.com/release/1878651,1974,"7"" - Archive 01 - [#,A-C..]"
"Art Garfunkel","Art Garfunkel","Bright Eyes",https://www.discogs.com/release/11490061,1978,"7"" - Archive 01 - [#,A-C..]"
"Art Garfunkel","Art Garfunkel","I Only Have Eyes For You",https://www.discogs.com/release/2134450,1975,"7"" - Archive 01 - [#,A-C..]"
"Art Garfunkel","Art Garfunkel","I Shall Sing",https://www.discogs.com/release/6862895,1973,"7"" - Archive 01 - [#,A-C..]"
"Art Garfunkel","Art Garfunkel","Since I Don't Have You",https://www.discogs.com/release/5835276,1979,"7"" - Archive 01 - [#,A-C..]"
"Art Of Noise","Art Of Noise","Close (To The Edit)",https://www.discogs.com/release/94167,1984,"7"" - Playlist - 01 [#,A-C...]"
"Art Of Noise","Art Of Noise Featuring Duane Eddy","Peter Gunn",https://www.discogs.com/release/453261,1986,"7"" - Playlist - 01 [#,A-C...]"
"Art Of Noise","Art Of Noise Featuring Tom Jones",Kiss,https://www.discogs.com/release/5666351,1988,"7"" - Playlist - 01 [#,A-C...]"
"Art Of Noise","Art Of Noise With Max Headroom",Paranoimia,https://www.discogs.com/release/11005125,1986,"7"" - Playlist - 01 [#,A-C...]"
"Ashford & Simpson","Ashford & Simpson",Solid,https://www.discogs.com/release/3733846,1984,"7"" - Playlist - 01 [#,A-C...]"
"Ashton, Gardner & Dyke","Ashton, Gardner & Dyke","The Resurrection Shuffle",https://www.discogs.com/release/541902,1970,"7"" - Retro - 01 [#,A-G]"
Asia,Asia,"Heat Of The Moment",https://www.discogs.com/release/5639716,1982,Uncategorized
Associates,Associates,"Party Fears Two",https://www.discogs.com/release/53225,1982,"7"" - Playlist - 01 [#,A-C...]"
Aswad,Aswad,"Don't Turn Around",https://www.discogs.com/release/2040680,1988,"7"" - Playlist - 01 [#,A-C...]"
Aswad,Aswad,"Set Them Free",https://www.discogs.com/release/8151396,1988,"7"" - Archive 01 - [#,A-C..]"
"Atlantic Starr","Atlantic Starr",Always,https://www.discogs.com/release/1572137,1987,"7"" - Archive 01 - [#,A-C..]"
"Atlantic Starr","Atlantic Starr","Secret Lovers",https://www.discogs.com/release/1052657,1985,"7"" - Archive 01 - [#,A-C..]"
"Atomic Rooster","Atomic Rooster","Devil's Answer",https://www.discogs.com/release/16863771,1971,"7"" - Retro - 01 [#,A-G]"
"Atomic Rooster","Atomic Rooster","Tomorrow Night",https://www.discogs.com/release/475958,1970,"7"" - Retro - 01 [#,A-G]"
"Au Pairs","Au Pairs","Inconvenience ",https://www.discogs.com/release/701597,1981,"7"" - Archive 01 - [#,A-C..]"
"Audrey Hall","Audrey Hall","One Dance Won't Do",https://www.discogs.com/release/2626101,1985,"7"" - Archive 01 - [#,A-C..]"
Aurra,Aurra,"Like I Like It (Remixed Version)",https://www.discogs.com/release/394084,1986,"7"" - Archive 01 - [#,A-C..]"
Aurra,Aurra,"You And Me Tonight",https://www.discogs.com/release/938730,1986,"7"" - Archive 01 - [#,A-C..]"
"Austin Roberts","Austin Roberts",Rocky,https://www.discogs.com/release/1292407,1975,"7"" - Archive 01 - [#,A-C..]"
"Automatic Man","Automatic Man","My Pearl",https://www.discogs.com/release/9214030,1976,"7"" - Archive 01 - [#,A-C..]"
Autumn,Autumn,"My Little Girl",https://www.discogs.com/release/2946590,1971,"7"" - Archive 01 - [#,A-C..]"
"Average White Band","Average White Band","Let's Go Round Again",https://www.discogs.com/release/12529957,1980,"7"" - Playlist - 01 [#,A-C...]"
"Average White Band","Average White Band","Pick Up The Pieces",https://www.discogs.com/release/298607,1974,"7"" - Playlist - 01 [#,A-C...]"
"Average White Band","Average White Band","Queen Of My Soul",https://www.discogs.com/release/15333175,1976,"7"" - Archive 01 - [#,A-C..]"
Aviary,Aviary,Soaring,https://www.discogs.com/release/7508116,1979,"7"" - Archive 01 - [#,A-C..]"
Avons,Avons,"A Wonderful Dream",https://www.discogs.com/release/10068703,1962,"7"" - Archive 01 - [#,A-C..]"
Avons,Avons,"Hey Paula",https://www.discogs.com/release/2707445,1963,"7"" - Archive 01 - [#,A-C..]"
Avons,Avons,"Seven Little Girls Sitting In The Back Seat",https://www.discogs.com/release/13140364,1959,"7"" - Retro - 01 [#,A-G]"
"Aztec Camera","Aztec Camera","How Men Are",https://www.discogs.com/release/2157177,1988,"7"" - Playlist - 01 [#,A-C...]"
"Aztec Camera","Aztec Camera",Oblivious,https://www.discogs.com/release/219209,1983,"7"" - Playlist - 01 [#,A-C...]"
"Aztec Camera","Aztec Camera","Somewhere In My Heart",https://www.discogs.com/release/253282,1988,"7"" - Playlist - 01 [#,A-C...]"
Azymuth,Azymuth,"Jazz Carnival",https://www.discogs.com/release/148003,1979,"7"" - Archive 01 - [#,A-C..]"
"B-52's","B-52's","(Meet) The Flintstones",https://www.discogs.com/release/2051336,1994,"7"" - Playlist - 01 [#,A-C...]"
"B-52's","B-52's","Good Stuff",https://www.discogs.com/release/1969791,1992,"7"" - Playlist - 01 [#,A-C...]"
"B-52's","B-52's","Love Shack",https://www.discogs.com/release/10680533,1990,"7"" - Playlist - 01 [#,A-C...]"
"B-52's","B-52's",Roam,https://www.discogs.com/release/176244,1990,"7"" - Archive 01 - [#,A-C..]"
"B-52's","B-52's","Rock Lobster",https://www.discogs.com/release/2624194,1979,"7"" - Playlist - 01 [#,A-C...]"
"B-52's","B-52's","Tell It Like It T-I-Is !",https://www.discogs.com/release/1372013,1992,"7"" - Playlist - 01 [#,A-C...]"
"B. A. Robertson","B. A. Robertson","Bang Bang",https://www.discogs.com/release/10599768,1979,"7"" - Playlist - 01 [#,A-C...]"
"B. A. Robertson","B. A. Robertson","Flight 19",https://www.discogs.com/release/1440820,1980,"7"" - Archive 01 - [#,A-C..]"
"B. A. Robertson","B. A. Robertson","Knocked It Off",https://www.discogs.com/release/8365279,1979,"7"" - Archive 01 - [#,A-C..]"
"B. A. Robertson","B. A. Robertson","To Be Or Not To Be",https://www.discogs.com/release/11353852,1980,"7"" - Playlist - 01 [#,A-C...]"
"B. A. Robertson & Maggie Bell","B. A. Robertson & Maggie Bell","Hold Me",https://www.discogs.com/release/16537962,1981,"7"" - Archive 01 - [#,A-C..]"
"B.T. Express","B.T. Express",Express,https://www.discogs.com/release/1000117,1975,"7"" - Archive 01 - [#,A-C..]"
"B.T. Express","B.T. Express","Give Up The Funk (Let's Dance) / Better Late Than Never",https://www.discogs.com/release/1037207,1980,"7"" - Archive 01 - [#,A-C..]"
B.V.S.M.P.,B.V.S.M.P.,"I Need You",https://www.discogs.com/release/213878,1988,"7"" - Playlist - 01 [#,A-C...]"
"Baby Washington & Don Gardner","Baby Washington & Don Gardner",Forever,https://www.discogs.com/release/558456,1973,"7"" - Archive 01 - [#,A-C..]"
Baccara,Baccara,"Sorry, I'm A Lady",https://www.discogs.com/release/1015763,1977,"7"" - Playlist - 01 [#,A-C...]"
Baccara,Baccara,"Yes Sir, I Can Boogie",https://www.discogs.com/release/6015653,1977,"7"" - Playlist - 01 [#,A-C...]"
Bachelors,Bachelors,Charmaine,https://www.discogs.com/release/14334631,1963,"7"" - Archive 01 - [#,A-C..]"
Bachelors,Bachelors,Diane,https://www.discogs.com/release/12487637,1964,"7"" - Archive 01 - [#,A-C..]"
Bachelors,Bachelors,"I Believe",https://www.discogs.com/release/10889049,1964,"7"" - Archive 01 - [#,A-C..]"
Bachelors,Bachelors,"I Wouldn't Trade You For The World",https://www.discogs.com/release/10413193,1964,"7"" - Archive 01 - [#,A-C..]"
Bachelors,Bachelors,"In the Chapel In The Moonlight",https://www.discogs.com/release/12579591,1965,"7"" - Archive 01 - [#,A-C..]"
Bachelors,Bachelors,"No Arms Can Ever Hold You",https://www.discogs.com/release/9402188,1964,"7"" - Archive 01 - [#,A-C..]"
Bachelors,Bachelors,"Suffer Little Children",https://www.discogs.com/release/2432610,1973,"7"" - Archive 01 - [#,A-C..]"
Bachelors,Bachelors,"True Love For Evermore / Far Far Away",https://www.discogs.com/release/9113219,1965,"7"" - Archive 01 - [#,A-C..]"
"Bachman-Turner Overdrive","Bachman-Turner Overdrive","Hey You",https://www.discogs.com/release/3173030,1975,"7"" - Archive 01 - [#,A-C..]"
"Bachman-Turner Overdrive","Bachman-Turner Overdrive","Roll On Down The Highway",https://www.discogs.com/release/10302574,1975,"7"" - Archive 01 - [#,A-C..]"
"Bachman-Turner Overdrive","Bachman-Turner Overdrive","You Ain't Seen Nothing Yet / Roll On Down The Highway",https://www.discogs.com/release/8755565,1980,"7"" - Playlist - 01 [#,A-C...]"
"Bad Company","Bad Company","Can't Get Enough",https://www.discogs.com/release/9469560,1974,"7"" - Retro - 01 [#,A-G]"
"Bad Company","Bad Company","Feel Like Makin' Love",https://www.discogs.com/release/1290990,1975,"7"" - Retro - 01 [#,A-G]"
"Bad Company","Bad Company","Run With The Pack ",https://www.discogs.com/release/3355124,1976,"7"" - Archive 01 - [#,A-C..]"
"Bad Manners","Bad Manners","Can Can",https://www.discogs.com/release/6570369,1981,"7"" - Playlist - 01 [#,A-C...]"
"Bad Manners","Bad Manners","Got No Brains",https://www.discogs.com/release/7453497,1982,"7"" - Archive 01 - [#,A-C..]"
"Bad Manners","Bad Manners","Just A Feeling",https://www.discogs.com/release/1126624,1981,"7"" - Archive 01 - [#,A-C..]"
"Bad Manners","Bad Manners",Lorraine,https://www.discogs.com/release/1102864,1980,"7"" - Playlist - 01 [#,A-C...]"
"Bad Manners","Bad Manners","My Girl Lollipop",https://www.discogs.com/release/5217591,1982,"7"" - Playlist - 01 [#,A-C...]"
"Bad Manners","Bad Manners","Special 'R 'n' B' Party Four E.P.",https://www.discogs.com/release/1943373,1981,"7"" - Archive 01 - [#,A-C..]"
"Bad Manners","Bad Manners","Special Brew",https://www.discogs.com/release/413529,1980,"7"" - Playlist - 01 [#,A-C...]"
"Bad Manners","Bad Manners","Walking In The Sunshine",https://www.discogs.com/release/11667440,1981,"7"" - Archive 01 - [#,A-C..]"
Badfinger,Badfinger,"Day After Day",https://www.discogs.com/release/733777,1972,"7"" - Archive 01 - [#,A-C..]"
Badfinger,Badfinger,"No Matter What",https://www.discogs.com/release/6383393,1970,"7"" - Retro - 01 [#,A-G]"
Baltimora,Baltimora,"Tarzan Boy",https://www.discogs.com/release/5555373,1985,"7"" - Playlist - 01 [#,A-C...]"
Bananarama,Bananarama,"Cruel Summer",https://www.discogs.com/release/189513,1983,"7"" - Playlist - 01 [#,A-C...]"
Bananarama,Bananarama,"I Can't Help It",https://www.discogs.com/release/2498681,1988,"7"" - Archive 01 - [#,A-C..]"
Bananarama,Bananarama,"I Heard A Rumour",https://www.discogs.com/release/7930233,1987,"7"" - Playlist - 01 [#,A-C...]"
Bananarama,Bananarama,"Long Train Running",https://www.discogs.com/release/2631072,1991,"7"" - Archive 01 - [#,A-C..]"
Bananarama,Bananarama,"Love In The First Degree",https://www.discogs.com/release/6660576,1987,"7"" - Playlist - 01 [#,A-C...]"
Bananarama,Bananarama,"Na Na Hey Hey Kiss Him Goodbye",https://www.discogs.com/release/1145518,1983,"7"" - Playlist - 01 [#,A-C...]"
Bananarama,Bananarama,"Nathan Jones",https://www.discogs.com/release/964634,1988,"7"" - Archive 01 - [#,A-C..]"
Bananarama,Bananarama,"Robert De Niro's Waiting",https://www.discogs.com/release/248748,1984,"7"" - Playlist - 01 [#,A-C...]"
Bananarama,Bananarama,"Shy Boy",https://www.discogs.com/release/1443612,1982,"7"" - Playlist - 01 [#,A-C...]"
Bananarama,Bananarama,Venus,https://www.discogs.com/release/1031162,1986,"7"" - Playlist - 01 [#,A-C...]"
Bananarama,"Bananarama & Fun Boy Three","Really Saying Something",https://www.discogs.com/release/215249,1982,"7"" - Playlist - 01 [#,A-C...]"
Bananarama,"Bananarama, Lananeeneenoonoo",Help,https://www.discogs.com/release/11431872,1989,"7"" - Novelty [#,A-Z]"
Banbarra,Banbarra,"Shack Up",https://www.discogs.com/release/1085242,1985,"7"" - Archive 01 - [#,A-C..]"
"Band Aid","Band Aid","Do They Know It's Christmas?",https://www.discogs.com/release/10430170,1984,"7"" - Holiday [#,A-Z]"
"Band Of The Black Watch","Band Of The Black Watch","Dance Of The Cuckoos (The ""Laurel & Hardy"" Theme)",https://www.discogs.com/release/1336230,1975,"7"" - Archive 01 - [#,A-C..]"
"Band Of The Black Watch","Band Of The Black Watch","Scotch On The Rocks",https://www.discogs.com/release/5940190,1975,"7"" - Archive 01 - [#,A-C..]"
"Band Of The Black Watch","Band Of The Black Watch","White Christmas",https://www.discogs.com/release/7459928,1976,"7"" - Holiday [#,A-Z]"
Banderas,Banderas,"This Is Your Life",https://www.discogs.com/release/214987,1991,"7"" - Archive 01 - [#,A-C..]"
Bangles,Bangles,"Eternal Flame",https://www.discogs.com/release/468123,1989,"7"" - Playlist - 01 [#,A-C...]"
Bangles,Bangles,"Hazy Shade Of Winter",https://www.discogs.com/release/381343,1988,"7"" - Playlist - 01 [#,A-C...]"
Bangles,Bangles,"If She Knew What She Wants",https://www.discogs.com/release/1169566,1986,"7"" - Archive 01 - [#,A-C..]"
Bangles,Bangles,"Manic Monday",https://www.discogs.com/release/5949958,1985,"7"" - Playlist - 01 [#,A-C...]"
Bangles,Bangles,"Walk Like An Egyptian",https://www.discogs.com/release/729404,1986,"7"" - Playlist - 01 [#,A-C...]"
Banned,Banned,"Little Girl",https://www.discogs.com/release/4268849,1977,"7"" - Archive 01 - [#,A-C..]"
Bar-Kays,Bar-Kays,"Shake Your Rump To The Funk",https://www.discogs.com/release/1496324,1976,"7"" - Archive 01 - [#,A-C..]"
"Barbara Dickson","Barbara Dickson","Another Suitcase In Another Hall",https://www.discogs.com/release/6881791,1976,"7"" - Archive 01 - [#,A-C..]"
"Barbara Dickson","Barbara Dickson","Don't Think Twice It's All Right",https://www.discogs.com/release/474870,1992,"7"" - Archive 01 - [#,A-C..]"
"Barbara Dickson","Barbara Dickson","It's Really You",https://www.discogs.com/release/2420965,1980,"7"" - Archive 01 - [#,A-C..]"
"Barbara Dickson","Barbara Dickson","Keeping My Love For You",https://www.discogs.com/release/2030053,1984,"7"" - Archive 01 - [#,A-C..]"
"Barbara Dickson","Barbara Dickson / Fiction Factory","January, February / (Feels Like) Heaven",https://www.discogs.com/release/2392155,1984,"7"" - Archive 01 - [#,A-C..]"
"Barbra Streisand","Barbra Streisand","Comin' In And Out Of Your Life",https://www.discogs.com/release/3707553,1981,"7"" - Archive 01 - [#,A-C..]"
"Barbra Streisand","Barbra Streisand","He Touched Me",https://www.discogs.com/release/2916623,1965,"7"" - Archive 01 - [#,A-C..]"
"Barbra Streisand","Barbra Streisand","Love Theme From ""A Star Is Born"" (Evergreen)",https://www.discogs.com/release/14331254,1976,"7"" - Archive 01 - [#,A-C..]"
"Barbra Streisand","Barbra Streisand","My Colouring Book / Lover Come Back To Me",https://www.discogs.com/release/13462223,1962,"7"" - Archive 01 - [#,A-C..]"
"Barbra Streisand","Barbra Streisand","Woman In Love",https://www.discogs.com/release/16172078,1980,"7"" - Archive 01 - [#,A-C..]"
"Barbra Streisand & Neil Diamond","Barbra Streisand & Neil Diamond","You Don't Bring Me Flowers",https://www.discogs.com/release/14181155,1978,"7"" - Archive 01 - [#,A-C..]"
"Barbra Streisand And Don Johnson","Barbra Streisand And Don Johnson","Till I Loved You",https://www.discogs.com/release/7963980,1988,"7"" - Archive 01 - [#,A-C..]"
"Barclay James Harvest","Barclay James Harvest","He Said Love",https://www.discogs.com/release/5652963,1986,"7"" - Archive 01 - [#,A-C..]"
"Barclay James Harvest","Barclay James Harvest","Hymn ",https://www.discogs.com/release/4042699,1977,"7"" - Archive 01 - [#,A-C..]"
"Barclay James Harvest","Barclay James Harvest","I'm Over You",https://www.discogs.com/release/2520447,1972,"7"" - Archive 01 - [#,A-C..]"
"Barclay James Harvest","Barclay James Harvest","Love On The Line",https://www.discogs.com/release/2068691,1980,"7"" - Archive 01 - [#,A-C..]"
"Barclay James Harvest","Barclay James Harvest","Loving Is Easy",https://www.discogs.com/release/2462047,1978,"7"" - Archive 01 - [#,A-C..]"
Bardo,Bardo,"One Step Further",https://www.discogs.com/release/1500885,1982,"7"" - Archive 01 - [#,A-C..]"
"Barrie Brothers","Barrie Brothers","Initial Offering From",https://www.discogs.com/release/15122218,"","7"" - Archive 01 - [#,A-C..]"
"Barrie Brothers + Harrry Brooks Jn","Barrie Brothers + Harrry Brooks Jn","Howway The Lads It's Newcastle United !",https://www.discogs.com/release/10133890,1974,"7"" - Archive 01 - [#,A-C..]"
"Barron Knights","Barron Knights","A Taste Of Aggro",https://www.discogs.com/release/10429720,1978,"7"" - Novelty [#,A-Z]"
"Barron Knights","Barron Knights","Food For Thought",https://www.discogs.com/release/1603497,1979,"7"" - Novelty [#,A-Z]"
"Barron Knights","Barron Knights","Never Mind The Presents",https://www.discogs.com/release/1665578,1980,"7"" - Novelty [#,A-Z]"
"Barron Knights","Barron Knights","We Know Who Done It (Pt 1) (Cars)",https://www.discogs.com/release/2379346,1980,"7"" - Novelty [#,A-Z]"
"Barron Knights With Duke D'Mond","Barron Knights With Duke D'Mond","Call Up The Groups (Medley)",https://www.discogs.com/release/1622295,1964,"7"" - Novelty [#,A-Z]"
"Barron Knights With Duke D'Mond","Barron Knights With Duke D'Mond","Merry Gentle Pops",https://www.discogs.com/release/1622297,1965,"7"" - Novelty [#,A-Z]"
"Barry Biggs","Barry Biggs","Side Show / I'll Be Back",https://www.discogs.com/release/695168,1976,"7"" - Archive 01 - [#,A-C..]"
"Barry Biggs","Barry Biggs","Three Ring Circus",https://www.discogs.com/release/1389520,1977,"7"" - Archive 01 - [#,A-C..]"
"Barry Blue","Barry Blue","Dancin' (On A Saturday Night)",https://www.discogs.com/release/10062617,1973,"7"" - Retro - 01 [#,A-G]"
"Barry Blue","Barry Blue","Do You Wanna Dance?",https://www.discogs.com/release/1337323,1973,"7"" - Retro - 01 [#,A-G]"
"Barry Blue","Barry Blue","Hot Shot",https://www.discogs.com/release/1782905,1974,"7"" - Archive 01 - [#,A-C..]"
"Barry Blue","Barry Blue","Miss Hit And Run",https://www.discogs.com/release/2434561,1974,"7"" - Archive 01 - [#,A-C..]"
"Barry Blue","Barry Blue","School Love",https://www.discogs.com/release/1987840,1974,"7"" - Archive 01 - [#,A-C..]"
"Barry Christian","Barry Christian","Friday On My Mind",https://www.discogs.com/release/6666379,1982,"7"" - Archive 01 - [#,A-C..]"
"Barry Manilow","Barry Manilow","Bermuda Triangle / One Voice",https://www.discogs.com/release/11888460,1980,"7"" - Archive 01 - [#,A-C..]"
"Barry Manilow","Barry Manilow","Could It Be Magic",https://www.discogs.com/release/1469876,1978,"7"" - Archive 01 - [#,A-C..]"
"Barry Manilow","Barry Manilow","I Made It Through The Rain",https://www.discogs.com/release/2088985,1980,"7"" - Archive 01 - [#,A-C..]"
"Barry Manilow","Barry Manilow","I Wanna Do It With You",https://www.discogs.com/release/1284564,1982,"7"" - Archive 01 - [#,A-C..]"
"Barry Manilow","Barry Manilow","I'm Gonna Sit Right Down And Write Myself A Letter",https://www.discogs.com/release/5555700,1982,"7"" - Archive 01 - [#,A-C..]"
"Barry Manilow","Barry Manilow","Let's Hang On",https://www.discogs.com/release/6482894,1981,"7"" - Archive 01 - [#,A-C..]"
"Barry Manilow","Barry Manilow","Looks Like We Made It",https://www.discogs.com/release/5514544,1976,"7"" - Archive 01 - [#,A-C..]"
"Barry Manilow","Barry Manilow",Mandy,https://www.discogs.com/release/2782909,1975,"7"" - Archive 01 - [#,A-C..]"
"Barry Manilow","Barry Manilow",Stay,https://www.discogs.com/release/2169642,1982,"7"" - Archive 01 - [#,A-C..]"
"Barry Manilow","Barry Manilow","The Old Songs",https://www.discogs.com/release/9422694,1981,"7"" - Archive 01 - [#,A-C..]"
"Barry Manilow","Barry Manilow","Weekend In New England / Riders To The Stars",https://www.discogs.com/release/5514527,1976,"7"" - Archive 01 - [#,A-C..]"
"Barry Melton","Barry Melton",Robbery,https://www.discogs.com/release/2188552,1981,"7"" - Archive 01 - [#,A-C..]"
"Barry Ryan","Barry Ryan",Eloise,https://www.discogs.com/release/6112954,1968,"7"" - Retro - 01 [#,A-G]"
"Barry White","Barry White","Baby, We Better Try To Get It Together",https://www.discogs.com/release/1587660,1976,"7"" - Archive 01 - [#,A-C..]"
"Barry White","Barry White","Can't Get Enough Of Your Love, Babe",https://www.discogs.com/release/4486536,1974,"7"" - Archive 01 - [#,A-C..]"
"Barry White","Barry White","Don't Make Me Wait Too Long",https://www.discogs.com/release/5817928,1976,"7"" - Archive 01 - [#,A-C..]"
"Barry White","Barry White","For You I'll Do Anything You Want Me To",https://www.discogs.com/release/798692,1975,"7"" - Archive 01 - [#,A-C..]"
"Barry White","Barry White","Just The Way You Are",https://www.discogs.com/release/11005888,1978,"7"" - Archive 01 - [#,A-C..]"
"Barry White","Barry White","Let The Music Play",https://www.discogs.com/release/6787612,1975,"7"" - Archive 01 - [#,A-C..]"
"Barry White","Barry White","Never, Never Gonna Give Ya Up",https://www.discogs.com/release/3102676,1974,"7"" - Archive 01 - [#,A-C..]"
"Barry White","Barry White","Sha La La Means I Love You",https://www.discogs.com/release/1724409,1978,"7"" - Archive 01 - [#,A-C..]"
"Barry White","Barry White","What Am I Gonna Do With You?",https://www.discogs.com/release/778325,1975,"7"" - Archive 01 - [#,A-C..]"
"Barry White","Barry White","You See The Trouble With Me",https://www.discogs.com/release/4657923,1976,"7"" - Archive 01 - [#,A-C..]"
"Barry White","Barry White","You See The Trouble With Me",https://www.discogs.com/release/16116619,1976,"7"" - Archive 01 - [#,A-C..]"
"Barry White","Barry White","You're The First, The Last, My Everything",https://www.discogs.com/release/346471,1974,"7"" - Archive 01 - [#,A-C..]"
"Basking Sharks","Basking Sharks","Thrill Of The Game",https://www.discogs.com/release/1050428,1983,"7"" - Archive 01 - [#,A-C..]"
Bassomatic,Bassomatic,"Fascinating Rhythm",https://www.discogs.com/release/28449,1990,"7"" - Archive 01 - [#,A-C..]"
"Bay City Rollers","Bay City Rollers","All Of Me Loves All Of You",https://www.discogs.com/release/10235853,1974,"7"" - Retro - 01 [#,A-G]"
"Bay City Rollers","Bay City Rollers","Bye Bye Baby",https://www.discogs.com/release/468544,1975,"7"" - Retro - 01 [#,A-G]"
"Bay City Rollers","Bay City Rollers","Give A Little Love",https://www.discogs.com/release/970520,1975,"7"" - Retro - 01 [#,A-G]"
"Bay City Rollers","Bay City Rollers","I Only Wanna Be With You",https://www.discogs.com/release/11299230,1976,"7"" - Retro - 01 [#,A-G]"
"Bay City Rollers","Bay City Rollers","Keep On Dancing",https://www.discogs.com/release/468546,1971,"7"" - Archive 01 - [#,A-C..]"
"Bay City Rollers","Bay City Rollers","Love Me Like I Love You",https://www.discogs.com/release/2072363,1976,"7"" - Archive 01 - [#,A-C..]"
"Bay City Rollers","Bay City Rollers","Money Honey",https://www.discogs.com/release/978411,1975,"7"" - Archive 01 - [#,A-C..]"
"Bay City Rollers","Bay City Rollers",Remember,https://www.discogs.com/release/1291025,1973,"7"" - Archive 01 - [#,A-C..]"
"Bay City Rollers","Bay City Rollers","Rock And Roll Love Letter",https://www.discogs.com/release/4716270,1976,"7"" - Archive 01 - [#,A-C..]"
"Bay City Rollers","Bay City Rollers","Summerlove Sensation",https://www.discogs.com/release/2174253,1974,"7"" - Archive 01 - [#,A-C..]"
"Be Bop Deluxe","Be Bop Deluxe","Hot Valves",https://www.discogs.com/release/1519800,1976,"7"" - Archive 01 - [#,A-C..]"
"Be Bop Deluxe","Be Bop Deluxe",Japan,https://www.discogs.com/release/2572156,1977,"7"" - Archive 01 - [#,A-C..]"
"Beach Boys","Beach Boys","Break Away",https://www.discogs.com/release/2065708,1969,"7"" - Archive 01 - [#,A-C..]"
"Beach Boys","Beach Boys","Darlin'",https://www.discogs.com/release/8260013,1979,"7"" - Playlist - 01 [#,A-C...]"
"Beach Boys","Beach Boys","Good Vibrations / Wouldn't It Be Nice",https://www.discogs.com/release/1590677,1976,"7"" - Playlist - 01 [#,A-C...]"
"Beach Boys","Beach Boys","I Get Around",https://www.discogs.com/release/3051510,1979,"7"" - Playlist - 01 [#,A-C...]"
"Beach Boys","Beach Boys",Kokomo,https://www.discogs.com/release/12008574,1988,"7"" - Playlist - 01 [#,A-C...]"
"Beach Boys","Beach Boys","Lady Lynda",https://www.discogs.com/release/1879189,1979,"7"" - Playlist - 01 [#,A-C...]"
"Beastie Boys","Beastie Boys","Fight For Your Right",https://www.discogs.com/release/1000443,1987,"7"" - Playlist - 01 [#,A-C...]"
Beat,Beat,"Can't Get Used To Losing You",https://www.discogs.com/release/8726808,1983,"7"" - Playlist - 01 [#,A-C...]"
Beat,Beat,"Can't Get Used To Losing You (1983 Remix Version)",https://www.discogs.com/release/1511668,1983,"7"" - Archive 01 - [#,A-C..]"
Beat,Beat,"Doors Of Your Heart",https://www.discogs.com/release/816628,1981,"7"" - Archive 01 - [#,A-C..]"
Beat,Beat,"Hands Off... She's Mine / Twist  And Crawl",https://www.discogs.com/release/419073,1980,"7"" - Playlist - 01 [#,A-C...]"
Beat,Beat,"Mirror In The Bathroom",https://www.discogs.com/release/1245534,1980,"7"" - Playlist - 01 [#,A-C...]"
Beat,Beat,"Tears Of A Clown / Ranking Full Stop",https://www.discogs.com/release/1491850,1979,"7"" - Archive 01 - [#,A-C..]"
Beat,Beat,"Too Nice To Talk To",https://www.discogs.com/release/2297826,1980,"7"" - Playlist - 01 [#,A-C...]"
Beatles,Beatles,"A Hard Day's Night c/w Things We Said Today",https://www.discogs.com/release/1374573,1976,"7"" - Retro - 01 [#,A-G]"
Beatles,Beatles,"All You Need Is Love",https://www.discogs.com/release/14890597,1982,"7"" - Retro - 01 [#,A-G]"
Beatles,Beatles,"Back In The USSR / Twist And Shout",https://www.discogs.com/release/1358419,1982,"7"" - Retro - 01 [#,A-G]"
Beatles,Beatles,"Can't Buy Me Love",https://www.discogs.com/release/4298905,1964,"7"" - Retro - 01 [#,A-G]"
Beatles,Beatles,"Eleanor Rigby / Yellow Submarine",https://www.discogs.com/release/358379,1966,"7"" - Retro - 01 [#,A-G]"
Beatles,Beatles,"From Me To You",https://www.discogs.com/release/12078948,1963,"7"" - Retro - 01 [#,A-G]"
Beatles,Beatles,"Hello, Goodbye",https://www.discogs.com/release/1443270,1967,"7"" - Retro - 01 [#,A-G]"
Beatles,Beatles,"Help! b/w I'm Down",https://www.discogs.com/release/1374700,1976,"7"" - Retro - 01 [#,A-G]"
Beatles,Beatles,"Hey Jude / Revolution",https://www.discogs.com/release/4011990,1968,"7"" - Retro - 01 [#,A-G]"
Beatles,Beatles,"I Feel Fine c/w She's A Woman",https://www.discogs.com/release/1374563,1976,"7"" - Retro - 01 [#,A-G]"
Beatles,Beatles,"I Want To Hold Your Hand c/w This Boy",https://www.discogs.com/release/1374584,1976,"7"" - Retro - 01 [#,A-G]"
Beatles,Beatles,"Love Me Do c/w P.S. I Love You",https://www.discogs.com/release/1374712,1976,"7"" - Retro - 01 [#,A-G]"
Beatles,Beatles,"Paperback Writer",https://www.discogs.com/release/12719487,1969,"7"" - Retro - 01 [#,A-G]"
Beatles,Beatles,"Something / Come Together",https://www.discogs.com/release/513427,1969,"7"" - Retro - 01 [#,A-G]"
Beatles,Beatles,"We Can Work It Out c/w Day Tripper",https://www.discogs.com/release/3998556,1976,"7"" - Retro - 01 [#,A-G]"
"Beatles With Billy Preston","Beatles With Billy Preston","Get Back",https://www.discogs.com/release/3528137,1969,"7"" - Retro - 01 [#,A-G]"
"Beatmasters Featuring Betty Boo","Beatmasters Featuring Betty Boo","Hey DJ / I Can't Dance (To That Music You're Playing) / Ska Train",https://www.discogs.com/release/77436,1989,"7"" - Archive 01 - [#,A-C..]"
"Beatmasters Featuring Claudia Fontaine","Beatmasters Featuring Claudia Fontaine","Warm Love",https://www.discogs.com/release/995418,1989,"7"" - Archive 01 - [#,A-C..]"
"Beatmasters Featuring The Cookie Crew","Beatmasters Featuring The Cookie Crew","Rok Da House",https://www.discogs.com/release/9036654,1987,"7"" - Archive 01 - [#,A-C..]"
"Beatmasters With Merlin","Beatmasters With Merlin","Who's In The House",https://www.discogs.com/release/19409767,1989,"7"" - Archive 01 - [#,A-C..]"
"Beatmasters With P.P. Arnold","Beatmasters With P.P. Arnold","Burn It Up",https://www.discogs.com/release/211507,1988,"7"" - Archive 01 - [#,A-C..]"
Beatroots,Beatroots,"Unnecessary War ",https://www.discogs.com/release/4553213,1982,"7"" - Archive 01 - [#,A-C..]"
"Beats International","Beats International","Dub Be Good To Me",https://www.discogs.com/release/166446,1990,"7"" - Playlist - 01 [#,A-C...]"
"Beats International","Beats International","Won't Talk About It",https://www.discogs.com/release/10301391,1990,"7"" - Archive 01 - [#,A-C..]"
"Beautiful South","Beautiful South","A Little Time",https://www.discogs.com/release/4870469,1990,"7"" - Playlist - 01 [#,A-C...]"
"Beautiful South","Beautiful South","Bell Bottomed Tear",https://www.discogs.com/release/13950121,1992,"7"" - Playlist - 01 [#,A-C...]"
"Beautiful South","Beautiful South","Old Red Eyes Is Back",https://www.discogs.com/release/5666978,1991,"7"" - Playlist - 01 [#,A-C...]"
"Beautiful South","Beautiful South","Song For Whoever",https://www.discogs.com/release/470839,1989,"7"" - Playlist - 01 [#,A-C...]"
"Beautiful South","Beautiful South","You Keep It All In",https://www.discogs.com/release/1251611,1989,"7"" - Playlist - 01 [#,A-C...]"
"Bedřich Smetana, Orchester Der Städtischen Oper Berlin, Hans Lenzer","Bedřich Smetana, Orchester Der Städtischen Oper Berlin, Hans Lenzer","The Bartered Bride",https://www.discogs.com/release/10675208,1963,"7"" - Archive 01 - [#,A-C..]"
"Bee Gees","Bee Gees","I've Gotta Get A Message To You",https://www.discogs.com/release/12743795,1968,"7"" - Archive 01 - [#,A-C..]"
"Bee Gees","Bee Gees","Lonely Days ",https://www.discogs.com/release/1373405,1970,"7"" - Archive 01 - [#,A-C..]"
"Bee Gees","Bee Gees","Love You Inside Out",https://www.discogs.com/release/10042128,1979,"7"" - Archive 01 - [#,A-C..]"
"Bee Gees","Bee Gees","Massachusetts (The Lights Went Out In)",https://www.discogs.com/release/2431129,1967,"7"" - Retro - 01 [#,A-G]"
"Bee Gees","Bee Gees","My World",https://www.discogs.com/release/1373413,1972,"7"" - Archive 01 - [#,A-C..]"
"Bee Gees","Bee Gees","Run To Me",https://www.discogs.com/release/482275,1972,"7"" - Archive 01 - [#,A-C..]"
"Bee Gees","Bee Gees","Secret Love",https://www.discogs.com/release/1373658,1991,"7"" - Archive 01 - [#,A-C..]"
"Bee Gees","Bee Gees","Someone Belonging To Someone",https://www.discogs.com/release/1857703,1983,"7"" - Archive 01 - [#,A-C..]"
"Bee Gees","Bee Gees","Spirits (Having Flown)",https://www.discogs.com/release/3509321,1979,"7"" - Archive 01 - [#,A-C..]"
"Bee Gees","Bee Gees","Too Much Heaven",https://www.discogs.com/release/4890486,1980,"7"" - Archive 01 - [#,A-C..]"
"Bee Gees","Bee Gees",Tragedy,https://www.discogs.com/release/1517563,1979,"7"" - Playlist - 01 [#,A-C...]"
"Bee Gees","Bee Gees",World,https://www.discogs.com/release/2011831,1967,"7"" - Archive 01 - [#,A-C..]"
"Bee Gees","Bee Gees","You Should Be Dancing",https://www.discogs.com/release/1806575,1976,"7"" - Archive 01 - [#,A-C..]"
"Bee Gees","Bee Gees","You Win Again (Fade)",https://www.discogs.com/release/9061899,1987,"7"" - Archive 01 - [#,A-C..]"
"Beggar & Co.","Beggar & Co.","(Somebody) Help Me Out",https://www.discogs.com/release/2760356,1981,"7"" - Archive 01 - [#,A-C..]"
"Belinda Carlisle","Belinda Carlisle","(We Want) The Same Thing ",https://www.discogs.com/release/1593901,1990,"7"" - Playlist - 01 [#,A-C...]"
"Belinda Carlisle","Belinda Carlisle","Circle In The Sand",https://www.discogs.com/release/7101773,1988,"7"" - Playlist - 01 [#,A-C...]"
"Belinda Carlisle","Belinda Carlisle","Heaven Is A Place On Earth",https://www.discogs.com/release/2659284,1987,"7"" - Playlist - 01 [#,A-C...]"
"Belinda Carlisle","Belinda Carlisle","I Get Weak",https://www.discogs.com/release/9845810,1988,"7"" - Playlist - 01 [#,A-C...]"
"Belinda Carlisle","Belinda Carlisle","Leave A Light On",https://www.discogs.com/release/7022692,1989,"7"" - Archive 01 - [#,A-C..]"
"Bellamy Brothers","Bellamy Brothers","If I Said You Have A Beautiful Body Would You Hold It Against Me",https://www.discogs.com/release/4721717,1979,"7"" - Archive 01 - [#,A-C..]"
"Bellamy Brothers","Bellamy Brothers","Let Your Love Flow",https://www.discogs.com/release/3533077,1976,"7"" - Archive 01 - [#,A-C..]"
"Belle Epoque","Belle Epoque","Black Is Black",https://www.discogs.com/release/139188,1977,"7"" - Playlist - 01 [#,A-C...]"
"Belle Stars","Belle Stars","Sign Of The Times",https://www.discogs.com/release/15468936,1982,"7"" - Playlist - 01 [#,A-C...]"
"Belle Stars","Belle Stars","Slick Trick",https://www.discogs.com/release/2529738,1981,"7"" - Archive 01 - [#,A-C..]"
"Belle Stars","Belle Stars","Sweet Memory",https://www.discogs.com/release/1485730,1983,"7"" - Archive 01 - [#,A-C..]"
"Belle Stars","Belle Stars","The Clapping Song",https://www.discogs.com/release/1188427,1982,"7"" - Playlist - 01 [#,A-C...]"
Bells,Bells,"Auld Lang Syne",https://www.discogs.com/release/1779835,1978,"7"" - Holiday [#,A-Z]"
"Belouis Some","Belouis Some",Imagination,https://www.discogs.com/release/982551,1986,"7"" - Playlist - 01 [#,A-C...]"
"Belouis Some","Belouis Some","Let It Be With You",https://www.discogs.com/release/1431390,1987,"7"" - Archive 01 - [#,A-C..]"
"Ben E. King","Ben E. King","Spanish Harlem ",https://www.discogs.com/release/4861074,1987,"7"" - Archive 01 - [#,A-C..]"
"Ben E. King / The Coasters","Ben E. King / The Coasters","Stand By Me / Yakety Yak",https://www.discogs.com/release/9870871,1987,"7"" - Playlist - 01 [#,A-C...]"
"Ben Liebrand","Ben Liebrand","I Wish (Single Remix)",https://www.discogs.com/release/5144646,1990,"7"" - Archive 01 - [#,A-C..]"
Benitokage,Benitokage,Sexus,https://www.discogs.com/release/2657714,2005,"7"" - Archive 01 - [#,A-C..]"
"Benny Hill","Benny Hill","Ernie (The Fastest Milkman In The West)",https://www.discogs.com/release/5800915,1971,"7"" - Novelty [#,A-Z]"
Berlin,Berlin,"Take My Breath Away (Love Theme From ""Top Gun"")  ",https://www.discogs.com/release/396603,1986,"7"" - Playlist - 01 [#,A-C...]"
"Bernard Bresslaw","Bernard Bresslaw","Mad Passionate Love",https://www.discogs.com/release/1232010,1958,"7"" - Novelty [#,A-Z]"
"Bernard Cribbins","Bernard Cribbins","Right Said Fred / The Hole In The Ground",https://www.discogs.com/release/2892815,1980,"7"" - Novelty [#,A-Z]"
"Bernard Manning","Bernard Manning","Everybody's Fool",https://www.discogs.com/release/2488497,1974,"7"" - Archive 01 - [#,A-C..]"
"Berni Flint","Berni Flint","I Don't Want To Put A Hold On You",https://www.discogs.com/release/1725292,1977,"7"" - Archive 01 - [#,A-C..]"
"Bernie Paul","Bernie Paul","Lady Dynamite",https://www.discogs.com/release/1063205,1983,"7"" - Archive 01 - [#,A-C..]"
"Bert Kaempfert & His Orchestra","Bert Kaempfert & His Orchestra","Bye Bye Blues",https://www.discogs.com/release/4410676,1965,"7"" - Archive 01 - [#,A-C..]"
"Bert Kaempfert & His Orchestra","Bert Kaempfert & His Orchestra","Night Dream",https://www.discogs.com/release/5530149,1967,"7"" - Archive 01 - [#,A-C..]"
"Bert Kaempfert & His Orchestra","Bert Kaempfert & His Orchestra","Show Me The Way To Go Home",https://www.discogs.com/release/9294919,1966,"7"" - Archive 01 - [#,A-C..]"
"Bertie Higgins","Bertie Higgins","Key Largo",https://www.discogs.com/release/6785859,1981,"7"" - Archive 01 - [#,A-C..]"
"Bette Bright","Bette Bright","Hello, I Am Your Heart",https://www.discogs.com/release/1133174,1980,"7"" - Archive 01 - [#,A-C..]"
"Bette Bright And The Illuminations","Bette Bright And The Illuminations","The Captain Of Your Ship",https://www.discogs.com/release/1533981,1979,"7"" - Playlist - 01 [#,A-C...]"
"Bette Midler","Bette Midler",Friends,https://www.discogs.com/release/7565774,1973,"7"" - Archive 01 - [#,A-C..]"
"Bette Midler","Bette Midler","From A Distance",https://www.discogs.com/release/9962549,1990,"7"" - Archive 01 - [#,A-C..]"
"Bette Midler","Bette Midler","The Wind Beneath My Wings",https://www.discogs.com/release/7058763,1989,"7"" - Archive 01 - [#,A-C..]"
"Betty Boo","Betty Boo","Doin' The Do",https://www.discogs.com/release/95314,1990,"7"" - Playlist - 01 [#,A-C...]"
"Betty Boo","Betty Boo","Where Are You Baby?",https://www.discogs.com/release/113440,1990,"7"" - Playlist - 01 [#,A-C...]"
"Betty Wright","Betty Wright","Ooola La",https://www.discogs.com/release/5915007,1975,"7"" - Archive 01 - [#,A-C..]"
"Betty Wright","Betty Wright","Shoo-rah ! Shoo-rah !",https://www.discogs.com/release/1522417,1974,"7"" - Archive 01 - [#,A-C..]"
Bi-Set,Bi-Set,"Show You Care",https://www.discogs.com/release/30057964,"","7"" - Archive 01 - [#,A-C..]"
"Biddu Orchestra","Biddu Orchestra","Summer Of '42",https://www.discogs.com/release/1738217,1975,"7"" - Retro - 01 [#,A-G]"
"Big Audio Dynamite","Big Audio Dynamite","C'mon Every Beatbox",https://www.discogs.com/release/2260657,1986,"7"" - Archive 01 - [#,A-C..]"
"Big Audio Dynamite","Big Audio Dynamite","Just Play Music!",https://www.discogs.com/release/2086674,1988,"7"" - Archive 01 - [#,A-C..]"
"Big Audio Dynamite","Big Audio Dynamite","V. Thirteen",https://www.discogs.com/release/218629,1987,"7"" - Archive 01 - [#,A-C..]"
"Big Country","Big Country",Chance,https://www.discogs.com/release/2223994,1983,"7"" - Playlist - 01 [#,A-C...]"
"Big Country","Big Country","Fields Of Fire",https://www.discogs.com/release/1662547,1983,"7"" - Playlist - 01 [#,A-C...]"
"Big Country","Big Country","In A Big Country",https://www.discogs.com/release/1395228,1983,"7"" - Playlist - 01 [#,A-C...]"
"Big Country","Big Country","Look Away",https://www.discogs.com/release/1251674,1986,"7"" - Playlist - 01 [#,A-C...]"
"Big Country","Big Country","One Great Thing",https://www.discogs.com/release/628532,1986,"7"" - Playlist - 01 [#,A-C...]"
"Big Country","Big Country",Wonderland,https://www.discogs.com/release/396100,1984,"7"" - Playlist - 01 [#,A-C...]"
"Big Dish","Big Dish","European Rain",https://www.discogs.com/release/9315058,1988,"7"" - Archive 01 - [#,A-C..]"
"Big Fun","Big Fun","Blame It On The Boogie",https://www.discogs.com/release/6615656,1989,"7"" - Playlist - 01 [#,A-C...]"
"Big Fun","Big Fun","Handful Of Promises",https://www.discogs.com/release/24149294,1990,"7"" - Playlist - 01 [#,A-C...]"
"Big Fun","Big Fun And Sonia Featuring Gary Barnacle","You've Got A Friend",https://www.discogs.com/release/1432049,1990,"7"" - Playlist - 01 [#,A-C...]"
Bilbo,Bilbo,"She's Gonna Win",https://www.discogs.com/release/1434423,1978,"7"" - Playlist - 01 [#,A-C...]"
"Bill Anderson","Bill Anderson","Quits / Always Remember",https://www.discogs.com/release/20091328,1972,"7"" - Archive 01 - [#,A-C..]"
"Bill Barclay","Bill Barclay","The Twelve Days Of Christmas",https://www.discogs.com/release/7386263,1975,"7"" - Holiday [#,A-Z]"
"Bill Haley And His Comets","Bill Haley And His Comets","(We're Gonna) Rock Around The Clock",https://www.discogs.com/release/1281677,1974,"7"" - Retro - 01 [#,A-G]"
"Bill Lovelady","Bill Lovelady","Reggae For It Now",https://www.discogs.com/release/1355477,1979,"7"" - Archive 01 - [#,A-C..]"
"Bill Medley & Jennifer Warnes","Bill Medley & Jennifer Warnes","(I've Had) The Time Of My Life",https://www.discogs.com/release/6309863,1987,"7"" - Playlist - 01 [#,A-C...]"
"Bill Nelson","Bill Nelson","Do You Dream In Colour ?",https://www.discogs.com/release/141538,1980,"7"" - Archive 01 - [#,A-C..]"
"Bill Tarmey & Liz Dawn","Bill Tarmey & Liz Dawn","I'll Be With You Soon",https://www.discogs.com/release/4056956,1989,"7"" - Archive 01 - [#,A-C..]"
"Bill Withers","Bill Withers","Lean On Me",https://www.discogs.com/release/475091,1972,"7"" - Retro - 01 [#,A-G]"
"Bill Withers","Bill Withers","Lovely Day",https://www.discogs.com/release/5286091,1977,"7"" - Playlist - 01 [#,A-C...]"
"Bill Withers","Bill Withers","Lovely Day (Sunshine Mix)",https://www.discogs.com/release/241209,1988,"7"" - Archive 01 - [#,A-C..]"
"Bill Wyman","Bill Wyman","(Si Si) Je Suis Un Rock Star",https://www.discogs.com/release/14538848,1981,"7"" - Playlist - 01 [#,A-C...]"
"Bill Wyman","Bill Wyman","A New Fashion",https://www.discogs.com/release/1057663,1982,"7"" - Archive 01 - [#,A-C..]"
"Billie Davis","Billie Davis","I Want You To Be My Baby",https://www.discogs.com/release/844351,1968,"7"" - Archive 01 - [#,A-C..]"
"Billie Jo Spears","Billie Jo Spears","Blanket On The Ground",https://www.discogs.com/release/2428494,1975,"7"" - Archive 01 - [#,A-C..]"
"Billie Jo Spears","Billie Jo Spears","If You Want Me",https://www.discogs.com/release/2546412,1977,"7"" - Archive 01 - [#,A-C..]"
"Billy Bragg","Billy Bragg","Days Like These",https://www.discogs.com/release/700866,1985,"7"" - Playlist - 01 [#,A-C...]"
"Billy Connolly","Billy Connolly",D.I.V.O.R.C.E.,https://www.discogs.com/release/1338383,1975,"7"" - Novelty [#,A-Z]"
"Billy Cotton And His Band With Kathie Kay, Alan Breeze, Rita Williams & The Bandits","Billy Cotton And His Band With Kathie Kay, Alan Breeze, Rita Williams & The Bandits","Let's Go Fly A Kite / Chim Chim Cheree",https://www.discogs.com/release/2156259,1965,"7"" - Archive 01 - [#,A-C..]"
"Billy Field","Billy Field","You Weren't In Love With Me",https://www.discogs.com/release/3537175,1982,"7"" - Archive 01 - [#,A-C..]"
"Billy Fury","Billy Fury","Devil Or Angel",https://www.discogs.com/release/4160959,1982,"7"" - Archive 01 - [#,A-C..]"
"Billy Fury","Billy Fury","It's Only Make Believe",https://www.discogs.com/release/1948402,1964,"7"" - Retro - 01 [#,A-G]"
"Billy Griffin","Billy Griffin","Hold Me Tighter In The Rain",https://www.discogs.com/release/11270835,1982,"7"" - Archive 01 - [#,A-C..]"
"Billy Idol","Billy Idol","Cradle Of Love",https://www.discogs.com/release/1376279,1990,"7"" - Archive 01 - [#,A-C..]"
"Billy Idol","Billy Idol","Don't Need A Gun",https://www.discogs.com/release/1376292,1987,"7"" - Archive 01 - [#,A-C..]"
"Billy Idol","Billy Idol","Hot In The City",https://www.discogs.com/release/1352657,1987,"7"" - Playlist - 01 [#,A-C...]"
"Billy Idol","Billy Idol","Mony Mony",https://www.discogs.com/release/1706121,1981,"7"" - Playlist - 01 [#,A-C...]"
"Billy Idol","Billy Idol","Rebel Yell",https://www.discogs.com/release/1304651,1985,"7"" - Playlist - 01 [#,A-C...]"
"Billy Idol","Billy Idol","Sweet Sixteen",https://www.discogs.com/release/9147675,1987,"7"" - Archive 01 - [#,A-C..]"
"Billy Idol","Billy Idol","White Wedding",https://www.discogs.com/release/5948570,1985,"7"" - Playlist - 01 [#,A-C...]"
"Billy J. Kramer & The Dakotas","Billy J. Kramer & The Dakotas","Bad To Me",https://www.discogs.com/release/10888213,1963,"7"" - Archive 01 - [#,A-C..]"
"Billy Joel","Billy Joel","All For Leyna",https://www.discogs.com/release/3084276,1980,"7"" - Playlist - 01 [#,A-C...]"
"Billy Joel","Billy Joel","An Innocent Man",https://www.discogs.com/release/768362,1984,"7"" - Playlist - 01 [#,A-C...]"
"Billy Joel","Billy Joel","It's Still Rock And Roll To Me",https://www.discogs.com/release/8945973,1980,"7"" - Playlist - 01 [#,A-C...]"
"Billy Joel","Billy Joel","Just The Way You Are",https://www.discogs.com/release/1213775,1977,"7"" - Playlist - 01 [#,A-C...]"
"Billy Joel","Billy Joel","Movin' Out (Anthony's Song) / Vienna",https://www.discogs.com/release/2152244,1978,"7"" - Playlist - 01 [#,A-C...]"
"Billy Joel","Billy Joel","My Life",https://www.discogs.com/release/747591,1978,"7"" - Playlist - 01 [#,A-C...]"
"Billy Joel","Billy Joel","Tell Her About It  ",https://www.discogs.com/release/768353,1983,"7"" - Playlist - 01 [#,A-C...]"
"Billy Joel","Billy Joel","Until The Night",https://www.discogs.com/release/2152252,1979,"7"" - Playlist - 01 [#,A-C...]"
"Billy Joel","Billy Joel","Uptown Girl",https://www.discogs.com/release/10415223,1983,"7"" - Playlist - 01 [#,A-C...]"
"Billy Joel","Billy Joel","We Didn't Start The Fire",https://www.discogs.com/release/13100434,1989,"7"" - Playlist - 01 [#,A-C...]"
"Billy Ocean","Billy Ocean","Caribbean Queen (No More Love On The Run)",https://www.discogs.com/release/846509,1984,"7"" - Playlist - 01 [#,A-C...]"
"Billy Ocean","Billy Ocean","Get Outta My Dreams, Get Into My Car",https://www.discogs.com/release/1277517,1988,"7"" - Playlist - 01 [#,A-C...]"
"Billy Ocean","Billy Ocean","Love Is Forever",https://www.discogs.com/release/2919549,1986,"7"" - Archive 01 - [#,A-C..]"
"Billy Ocean","Billy Ocean","Love Really Hurts Without You",https://www.discogs.com/release/1687673,1976,"7"" - Playlist - 01 [#,A-C...]"
"Billy Ocean","Billy Ocean",Loverboy,https://www.discogs.com/release/11290393,1984,"7"" - Archive 01 - [#,A-C..]"
"Billy Ocean","Billy Ocean","Red Light Spells Danger",https://www.discogs.com/release/14665393,1977,"7"" - Playlist - 01 [#,A-C...]"
"Billy Ocean","Billy Ocean","Stop Me (If You've Heard It All Before)",https://www.discogs.com/release/1937697,1976,"7"" - Archive 01 - [#,A-C..]"
"Billy Ocean","Billy Ocean",Suddenly,https://www.discogs.com/release/478362,1984,"7"" - Archive 01 - [#,A-C..]"
"Billy Ocean","Billy Ocean","When The Going Gets Tough, The Tough Get Going",https://www.discogs.com/release/548886,1986,"7"" - Playlist - 01 [#,A-C...]"
"Billy Paul","Billy Paul","Billy Paul",https://www.discogs.com/release/1978443,1983,"7"" - Archive 01 - [#,A-C..]"
"Billy Paul","Billy Paul","Don't Give Up On Us / The Times Of Our Lives",https://www.discogs.com/release/7704131,1977,"7"" - Archive 01 - [#,A-C..]"
"Billy Paul","Billy Paul","Me And Mrs Jones",https://www.discogs.com/release/5178121,1974,"7"" - Retro - 01 [#,A-G]"
"Billy Paul","Billy Paul","Only The Strong Survive",https://www.discogs.com/release/1494948,1977,"7"" - Archive 01 - [#,A-C..]"
"Billy Paul","Billy Paul","Thanks For Saving My Life",https://www.discogs.com/release/985816,1973,"7"" - Archive 01 - [#,A-C..]"
"Billy Preston & Syreeta","Billy Preston & Syreeta","With You I'm Born Again (Vocal)",https://www.discogs.com/release/9762571,1979,"7"" - Archive 01 - [#,A-C..]"
"Billy Squier","Billy Squier","My Kinda Lover / The Stroke",https://www.discogs.com/release/7441470,1981,"7"" - Archive 01 - [#,A-C..]"
"Billy Swan","Billy Swan","I Can Help",https://www.discogs.com/release/3957525,1974,"7"" - Retro - 01 [#,A-G]"
"Bing Crosby","Bing Crosby","White Christmas / God Rest Ye Merry Gentlemen",https://www.discogs.com/release/7905251,1977,"7"" - Holiday [#,A-Z]"
"Bing Crosby With The The Ralph Carmichael Singers & Ralph Carmichael Orchestra","Bing Crosby With The The Ralph Carmichael Singers & Ralph Carmichael Orchestra","Do You Hear What I Hear?",https://www.discogs.com/release/3743379,1963,"7"" - Holiday [#,A-Z]"
"Bitty Mclean","Bitty Mclean","Dedicated To The One I Love",https://www.discogs.com/release/1964913,1994,"7"" - Archive 01 - [#,A-C..]"
"Bitty Mclean","Bitty Mclean","It Keeps Rainin' (Tears From My Eyes)",https://www.discogs.com/release/302292,1993,"7"" - Archive 01 - [#,A-C..]"
"Bizz Nizz","Bizz Nizz","Don't Miss The Partyline",https://www.discogs.com/release/44287,1990,"7"" - Archive 01 - [#,A-C..]"
Black,Black,"Here It Comes Again",https://www.discogs.com/release/1952160,1991,"7"" - Archive 01 - [#,A-C..]"
Black,Black,"Sweetest Smile",https://www.discogs.com/release/1968931,1987,"7"" - Archive 01 - [#,A-C..]"
Black,Black,"Wonderful Life",https://www.discogs.com/release/2660349,1987,"7"" - Archive 01 - [#,A-C..]"
"Black Box","Black Box",Blackboxedtotalmix,https://www.discogs.com/release/11054908,1990,"7"" - Playlist - 01 [#,A-C...]"
"Black Box","Black Box","Everybody, Everybody",https://www.discogs.com/release/468760,1990,"7"" - Playlist - 01 [#,A-C...]"
"Black Box","Black Box","Fantasy (Remixed)",https://www.discogs.com/release/10017518,1990,"7"" - Playlist - 01 [#,A-C...]"
"Black Box","Black Box","I Don't Know Anybody Else",https://www.discogs.com/release/205234,1990,"7"" - Playlist - 01 [#,A-C...]"
"Black Box","Black Box","Ride On Time",https://www.discogs.com/release/60949,1989,"7"" - Playlist - 01 [#,A-C...]"
"Black Lace","Black Lace",Agadoo,https://www.discogs.com/release/1056627,1984,"7"" - Novelty [#,A-Z]"
"Black Lace","Black Lace","Do The Conga",https://www.discogs.com/release/5478531,1984,"7"" - Novelty [#,A-Z]"
"Black Lace","Black Lace","El Vino Collapso",https://www.discogs.com/release/1550306,1985,"7"" - Novelty [#,A-Z]"
"Black Lace","Black Lace","Mary Ann",https://www.discogs.com/release/12495035,1979,"7"" - Novelty [#,A-Z]"
"Black Lace","Black Lace",Superman,https://www.discogs.com/release/1136396,1983,"7"" - Novelty [#,A-Z]"
"Black Market","Black Market","Peace In The Morning",https://www.discogs.com/release/20293405,"","7"" - Archive 01 - [#,A-C..]"
"Black Sabbath","Black Sabbath","Am I Going Insane (Radio)",https://www.discogs.com/release/2816504,1976,"7"" - Archive 01 - [#,A-C..]"
"Black Sabbath","Black Sabbath","Die Young",https://www.discogs.com/release/20815960,1980,"7"" - Archive 01 - [#,A-C..]"
"Black Sabbath","Black Sabbath","Hard Road",https://www.discogs.com/release/1483221,1978,"7"" - Archive 01 - [#,A-C..]"
"Black Sabbath","Black Sabbath","Never Say Die",https://www.discogs.com/release/5256729,1978,"7"" - Archive 01 - [#,A-C..]"
"Black Sabbath","Black Sabbath","Paranoid / Iron Man",https://www.discogs.com/release/1972833,1975,"7"" - Playlist - 01 [#,A-C...]"
"Black Slate","Black Slate",Amigo,https://www.discogs.com/release/415917,1980,"7"" - Archive 01 - [#,A-C..]"
"Black Slate","Black Slate","Boom Boom / Legalize Collie Herb",https://www.discogs.com/release/1483250,1980,"7"" - Archive 01 - [#,A-C..]"
Blackbyrds,Blackbyrds,"Walking In Rhythm",https://www.discogs.com/release/985321,1975,"7"" - Retro - 01 [#,A-G]"
"Blackfoot Sue","Blackfoot Sue","Standing In The Road",https://www.discogs.com/release/729992,1972,"7"" - Retro - 01 [#,A-G]"
Blancmange,Blancmange,"Blind Vision",https://www.discogs.com/release/5104893,1983,"7"" - Playlist - 01 [#,A-C...]"
Blancmange,Blancmange,"Don't Tell Me",https://www.discogs.com/release/1252231,1984,"7"" - Playlist - 01 [#,A-C...]"
Blancmange,Blancmange,"Living On The Ceiling",https://www.discogs.com/release/239780,1982,"7"" - Playlist - 01 [#,A-C...]"
Blancmange,Blancmange,"The Day Before You Came",https://www.discogs.com/release/2039133,1984,"7"" - Playlist - 01 [#,A-C...]"
"Blondie & Deborah Harry",Blondie,"(I'm Always Touched By Your) Presence Dear",https://www.discogs.com/release/3566154,1978,"7"" - Playlist - 01 [#,A-C...]"
"Blondie & Deborah Harry",Blondie,Atomic,https://www.discogs.com/release/214334,1980,"7"" - Playlist - 01 [#,A-C...]"
"Blondie & Deborah Harry",Blondie,"Call Me",https://www.discogs.com/release/214319,1980,"7"" - Playlist - 01 [#,A-C...]"
"Blondie & Deborah Harry",Blondie,Denis,https://www.discogs.com/release/3545021,1978,"7"" - Playlist - 01 [#,A-C...]"
"Blondie & Deborah Harry",Blondie,"Denis (The '88 Remix) / Rapture (The Teddy Riley Remix)",https://www.discogs.com/release/308243,1988,"7"" - Archive 01 - [#,A-C..]"
"Blondie & Deborah Harry",Blondie,Dreaming,https://www.discogs.com/release/214335,1979,"7"" - Playlist - 01 [#,A-C...]"
"Blondie & Deborah Harry",Blondie,"Hanging On The Telephone",https://www.discogs.com/release/581037,1978,"7"" - Playlist - 01 [#,A-C...]"
"Blondie & Deborah Harry",Blondie,"Heart Of Glass",https://www.discogs.com/release/3177029,1979,"7"" - Playlist - 01 [#,A-C...]"
"Blondie & Deborah Harry",Blondie,"Island Of Lost Souls",https://www.discogs.com/release/1949883,1982,"7"" - Playlist - 01 [#,A-C...]"
"Blondie & Deborah Harry",Blondie,"Picture This",https://www.discogs.com/release/10877699,1978,"7"" - Playlist - 01 [#,A-C...]"
"Blondie & Deborah Harry",Blondie,Rapture,https://www.discogs.com/release/298613,1981,"7"" - Playlist - 01 [#,A-C...]"
"Blondie & Deborah Harry",Blondie,"Rip Her To Shreads",https://www.discogs.com/release/12404891,1977,"7"" - Playlist - 01 [#,A-C...]"
"Blondie & Deborah Harry",Blondie,"Sunday Girl",https://www.discogs.com/release/11953985,1979,"7"" - Playlist - 01 [#,A-C...]"
"Blondie & Deborah Harry",Blondie,"The Tide Is High",https://www.discogs.com/release/2343171,1980,"7"" - Playlist - 01 [#,A-C...]"
"Blondie & Deborah Harry",Blondie,"Union City Blue",https://www.discogs.com/release/2805056,1979,"7"" - Playlist - 01 [#,A-C...]"
"Blondie & Deborah Harry",Blondie,"War Child",https://www.discogs.com/release/7423677,1982,"7"" - Playlist - 01 [#,A-C...]"
"Blondie & Deborah Harry","Blondie = Blondie","夢みるキッドナッパー = Kidnapper",https://www.discogs.com/release/1949714,1977,"7"" - Playlist - 01 [#,A-C...]"
"Blondie & Deborah Harry","Deborah Harry","French Kissin' In The USA",https://www.discogs.com/release/1610734,1986,"7"" - Playlist - 01 [#,A-C...]"
"Blondie & Deborah Harry","Deborah Harry","I Want That Man",https://www.discogs.com/release/257877,1989,"7"" - Playlist - 01 [#,A-C...]"
Bloodstone,Bloodstone,"Natural High",https://www.discogs.com/release/2156790,1973,"7"" - Archive 01 - [#,A-C..]"
"Blow Monkeys","Blow Monkeys","Digging Your Scene",https://www.discogs.com/release/2164982,1986,"7"" - Playlist - 01 [#,A-C...]"
"Blow Monkeys","Blow Monkeys","It Doesn't Have To Be This Way",https://www.discogs.com/release/966116,1987,"7"" - Playlist - 01 [#,A-C...]"
"Blow Monkeys","Blow Monkeys","This Is Your Life",https://www.discogs.com/release/1759916,1989,"7"" - Playlist - 01 [#,A-C...]"
Blue,Blue,"Gonna Capture Your Heart",https://www.discogs.com/release/1414855,1977,"7"" - Archive 01 - [#,A-C..]"
Blue,Blue,Women,https://www.discogs.com/release/7439673,1977,"7"" - Archive 01 - [#,A-C..]"
"Blue Mercedes","Blue Mercedes","See Want Must Have",https://www.discogs.com/release/3545125,1988,"7"" - Archive 01 - [#,A-C..]"
"Blue Mink","Blue Mink","By The Devil (I Was Tempted)",https://www.discogs.com/release/2697678,1973,"7"" - Archive 01 - [#,A-C..]"
"Blue Mink","Blue Mink","Good Morning Freedom",https://www.discogs.com/release/1706766,1970,"7"" - Archive 01 - [#,A-C..]"
"Blue Mink","Blue Mink","Melting Pot / Gimme Reggae",https://www.discogs.com/release/11440078,"","7"" - Archive 01 - [#,A-C..]"
"Blue Mink","Blue Mink","Our World",https://www.discogs.com/release/2128842,1970,"7"" - Archive 01 - [#,A-C..]"
"Blue Mink","Blue Mink",Randy,https://www.discogs.com/release/1523662,1973,"7"" - Archive 01 - [#,A-C..]"
"Blue Mink","Blue Mink","Stay With Me",https://www.discogs.com/release/1529043,1972,"7"" - Archive 01 - [#,A-C..]"
"Blue Mink","Blue Mink","The Banner Man ",https://www.discogs.com/release/1558633,1971,"7"" - Retro - 01 [#,A-G]"
"Blue Mink","Blue Mink","You're The One / The Boogie Shuffle",https://www.discogs.com/release/14595476,1976,"7"" - Archive 01 - [#,A-C..]"
"Blue Oyster Cult","Blue Öyster Cult","(Don't Fear) The Reaper",https://www.discogs.com/release/3211357,1984,"7"" - Playlist - 01 [#,A-C...]"
"Blue Pearl","Blue Pearl","Naked In The Rain",https://www.discogs.com/release/15720676,1990,"7"" - Playlist - 01 [#,A-C...]"
"Blue Rondo À La Turk","Blue Rondo À La Turk","Me And Mr. Sanchez",https://www.discogs.com/release/1341030,1981,"7"" - Archive 01 - [#,A-C..]"
Bluebells,Bluebells,Cath,https://www.discogs.com/release/3545242,1984,"7"" - Playlist - 01 [#,A-C...]"
Bluebells,Bluebells,"Young At Heart",https://www.discogs.com/release/1253082,1993,"7"" - Playlist - 01 [#,A-C...]"
"Blues Band","Blues Band",Nadine,https://www.discogs.com/release/3195955,1980,"7"" - Archive 01 - [#,A-C..]"
"Blues Brothers","Blues Brothers","Everybody Needs Somebody To Love / Think",https://www.discogs.com/release/3297391,1990,"7"" - Playlist - Film & TV [#,A-Z]"
"Bo Kirkland & Ruth Davis","Bo Kirkland & Ruth Davis","You're Gonna Get Next To Me",https://www.discogs.com/release/5560116,1976,"7"" - Archive 01 - [#,A-C..]"
"Bob & Earl / Jackie Lee","Bob & Earl / Jackie Lee","Harlem Shuffle / The Duck",https://www.discogs.com/release/6543004,1980,"7"" - Retro - 01 [#,A-G]"
"Bob & Marcia","Bob & Marcia","Young, Gifted And Black",https://www.discogs.com/release/6084917,1974,"7"" - Retro - 01 [#,A-G]"
"Bob Dylan","Bob Dylan","Baby Stop Crying",https://www.discogs.com/release/475451,1978,"7"" - Archive 01 - [#,A-C..]"
"Bob Dylan","Bob Dylan","Hurricane (Part 1)",https://www.discogs.com/release/2933596,1976,"7"" - Archive 01 - [#,A-C..]"
"Bob Dylan","Bob Dylan","Just Like A Woman / I Want You",https://www.discogs.com/release/2931523,1973,"7"" - Archive 01 - [#,A-C..]"
"Bob Dylan","Bob Dylan","Knockin' On Heaven's Door",https://www.discogs.com/release/1695306,1973,"7"" - Retro - 01 [#,A-G]"
"Bob Dylan","Bob Dylan","Lay Lady Lay / I Threw It All Away",https://www.discogs.com/release/1740463,1976,"7"" - Retro - 01 [#,A-G]"
"Bob Dylan","Bob Dylan","Positively 4th Street",https://www.discogs.com/release/16244908,1965,"7"" - Retro - 01 [#,A-G]"
"Bob Dylan","Bob Dylan","Rainy Day Women #12 & 35 / Like A Rolling Stone",https://www.discogs.com/release/7539989,1973,"7"" - Retro - 01 [#,A-G]"
"Bob Dylan","Bob Dylan","Subterranean Homesick Blues",https://www.discogs.com/release/1620834,1965,"7"" - Retro - 01 [#,A-G]"
"Bob Geldof","Bob Geldof","The Great Song Of Indifference",https://www.discogs.com/release/6351172,1990,"7"" - Archive 01 - [#,A-C..]"
"Bob Luman","Bob Luman","Let's Think About Living",https://www.discogs.com/release/537468,1960,"7"" - Archive 01 - [#,A-C..]"
"Bob Marley & The Wailers","Bob Marley & The Wailers",Exodus,https://www.discogs.com/release/1095683,1977,"7"" - Playlist - 01 [#,A-C...]"
"Bob Marley & The Wailers","Bob Marley & The Wailers","Is This Love",https://www.discogs.com/release/13799915,1978,"7"" - Playlist - 01 [#,A-C...]"
"Bob Marley & The Wailers","Bob Marley & The Wailers","No Woman, No Cry",https://www.discogs.com/release/584697,2005,"7"" - Archive 01 - [#,A-C..]"
"Bob Marley & The Wailers","Bob Marley & The Wailers","One Love / People Get Ready",https://www.discogs.com/release/612058,1984,Uncategorized
"Bob Marley & The Wailers","Bob Marley & The Wailers","So Jah Seh",https://www.discogs.com/release/1953156,1974,"7"" - Archive 01 - [#,A-C..]"
"Bob Marley & The Wailers","Bob Marley & The Wailers","Waiting In Vain",https://www.discogs.com/release/17001060,1977,"7"" - Playlist - 01 [#,A-C...]"
"Bob Roesman","Bob Roesman","The Light Inside",https://www.discogs.com/release/10201910,1977,"7"" - Archive 01 - [#,A-C..]"
"Bob Rowe","Bob Rowe","Red Arrow",https://www.discogs.com/release/6748562,1975,"7"" - Archive 01 - [#,A-C..]"
"Bob Sargeant","Bob Sargeant","First Starring Role",https://www.discogs.com/release/15366345,1974,"7"" - Archive 01 - [#,A-C..]"
"Bob Seger","Bob Seger","We've Got Tonite",https://www.discogs.com/release/2143271,1978,"7"" - Playlist - 01 [#,A-C...]"
"Bobby Bloom","Bobby Bloom","Montego Bay",https://www.discogs.com/release/13081531,1970,"7"" - Archive 01 - [#,A-C..]"
"Bobby Brown","Bobby Brown","Don't Be Cruel",https://www.discogs.com/release/2898764,1989,"7"" - Playlist - 01 [#,A-C...]"
"Bobby Brown","Bobby Brown","Every Little Step",https://www.discogs.com/release/1927319,1989,Uncategorized
"Bobby Brown","Bobby Brown","My Prerogative",https://www.discogs.com/release/1695799,1988,"7"" - Playlist - 01 [#,A-C...]"
"Bobby Brown","Bobby Brown","On Our Own",https://www.discogs.com/release/595898,1989,"7"" - Playlist - 01 [#,A-C...]"
"Bobby Brown","Bobby Brown",Roni,https://www.discogs.com/release/2699796,1989,"7"" - Playlist - 01 [#,A-C...]"
"Bobby Darin","Bobby Darin","Clementine / Down With Love",https://www.discogs.com/release/12308323,1960,"7"" - Archive 01 - [#,A-C..]"
"Bobby Darin","Bobby Darin","The Lady Came From Baltimore",https://www.discogs.com/release/6092733,1967,"7"" - Archive 01 - [#,A-C..]"
"Bobby Darin","Bobby Darin",Things,https://www.discogs.com/release/7296441,1962,"7"" - Retro - 01 [#,A-G]"
"Bobby Darin","Bobby Darin","You're The Reason I'm Living",https://www.discogs.com/release/7091898,1963,"7"" - Archive 01 - [#,A-C..]"
"Bobby Goldsboro","Bobby Goldsboro","Hello, Summertime",https://www.discogs.com/release/1717266,1974,"7"" - Archive 01 - [#,A-C..]"
"Bobby Goldsboro","Bobby Goldsboro",Honey,https://www.discogs.com/release/2075207,1968,"7"" - Retro - 01 [#,A-G]"
"Bobby Goldsboro","Bobby Goldsboro","Summer (The First Time)",https://www.discogs.com/release/5185541,"","7"" - Retro - 01 [#,A-G]"
"Bobby McFerrin","Bobby McFerrin","Don't Worry, Be Happy",https://www.discogs.com/release/1482764,1988,"7"" - Playlist - 01 [#,A-C...]"
"Bobby Rydell","Bobby Rydell","Forget Him ",https://www.discogs.com/release/4713782,1963,"7"" - Archive 01 - [#,A-C..]"
"Bobby Thurston","Bobby Thurston","Check Out The Groove",https://www.discogs.com/release/469874,1980,"7"" - Archive 01 - [#,A-C..]"
"Bobby Vee","Bobby Vee","Rubber Ball",https://www.discogs.com/release/5417020,1960,"7"" - Retro - 01 [#,A-G]"
"Bobby Vee","Bobby Vee","Take Good Care Of My Baby",https://www.discogs.com/release/6854713,1979,"7"" - Retro - 01 [#,A-G]"
"Bobby Vee","Bobby Vee","The Night Has A Thousand Eyes",https://www.discogs.com/release/2230131,1963,"7"" - Retro - 01 [#,A-G]"
"Bobby Vee And The Crickets","Bobby Vee And The Crickets","Just For Fun",https://www.discogs.com/release/3818410,1963,"7"" - Archive 01 - [#,A-C..]"
"Bobby Vinton","Bobby Vinton","Blue Velvet",https://www.discogs.com/release/765659,1990,"7"" - Retro - 01 [#,A-G]"
"Bobby Vinton","Bobby Vinton","There! I've Said It Again",https://www.discogs.com/release/11829416,"","7"" - Archive 01 - [#,A-C..]"
Bodines,Bodines,Therese,https://www.discogs.com/release/3103862,1987,"7"" - Archive 01 - [#,A-C..]"
"Boiling Point","Boiling Point","Let's Get Funktified",https://www.discogs.com/release/883867,1978,"7"" - Archive 01 - [#,A-C..]"
"Bolshoi Theatre Orchestra","Bolshoi Theatre Orchestra","Onedin Line Theme",https://www.discogs.com/release/8947606,1976,"7"" - Retro - 01 [#,A-G]"
"Bomb The Bass","Bomb The Bass","Beat Dis",https://www.discogs.com/release/156516,1988,"7"" - Playlist - 01 [#,A-C...]"
"Bomb The Bass","Bomb The Bass","Don't Make Me Wait / Megablast",https://www.discogs.com/release/182973,1988,"7"" - Playlist - 01 [#,A-C...]"
Bombalurina,Bombalurina,"Itsy Bitsy Teeny Weeny Yellow Polka Dot Bikini",https://www.discogs.com/release/10534585,1990,"7"" - Novelty [#,A-Z]"
Bombers,Bombers,"(Everybody) Get Dancin'",https://www.discogs.com/release/1494472,1979,"7"" - Archive 01 - [#,A-C..]"
Bombers,Bombers,"Let's Dance / Shake",https://www.discogs.com/release/2607754,1979,"7"" - Archive 01 - [#,A-C..]"
"Bon Jovi","Bon Jovi","Bed Of Roses",https://www.discogs.com/release/1875242,1992,"7"" - Archive 01 - [#,A-C..]"
"Bon Jovi","Bon Jovi","Born To Be My Baby",https://www.discogs.com/release/2560466,1988,"7"" - Archive 01 - [#,A-C..]"
"Bon Jovi","Bon Jovi","Livin' On A Prayer",https://www.discogs.com/release/3072869,1986,"7"" - Playlist - 01 [#,A-C...]"
"Bon Jovi","Bon Jovi","Wanted Dead Or Alive",https://www.discogs.com/release/1625934,1987,"7"" - Archive 01 - [#,A-C..]"
"Bon Jovi","Bon Jovi","You Give Love A Bad Name",https://www.discogs.com/release/1625926,1986,Uncategorized
"Boney M.","Boney M.",Belfast,https://www.discogs.com/release/10216512,1977,"7"" - Archive 01 - [#,A-C..]"
"Boney M.","Boney M.","Daddy Cool",https://www.discogs.com/release/18968776,1976,"7"" - Archive 01 - [#,A-C..]"
"Boney M.","Boney M.","Gotta Go Home",https://www.discogs.com/release/15368775,1979,"7"" - Archive 01 - [#,A-C..]"
"Boney M.","Boney M.","HOORAY HOORAY, IT'S A HOLI~HOLIDAY",https://www.discogs.com/release/1508853,1979,"7"" - Archive 01 - [#,A-C..]"
"Boney M.","Boney M.","Ma Baker",https://www.discogs.com/release/1580749,1977,"7"" - Archive 01 - [#,A-C..]"
"Boney M.","Boney M.","Mary's Boy Child / Oh My Lord",https://www.discogs.com/release/13147386,1978,"7"" - Holiday [#,A-Z]"
"Boney M.","Boney M.","My Friend Jack ",https://www.discogs.com/release/2096786,1980,"7"" - Archive 01 - [#,A-C..]"
"Boney M.","Boney M.","Painter Man",https://www.discogs.com/release/3249477,1979,"7"" - Archive 01 - [#,A-C..]"
"Boney M.","Boney M.",Rasputin,https://www.discogs.com/release/6317311,1978,"7"" - Archive 01 - [#,A-C..]"
"Boney M.","Boney M.","Rivers Of Babylon",https://www.discogs.com/release/14196137,1978,"7"" - Archive 01 - [#,A-C..]"
"Boney M.","Boney M.",Sunny,https://www.discogs.com/release/11396341,1977,"7"" - Archive 01 - [#,A-C..]"
"Bonnie Tyler","Bonnie Tyler","Here Am I ",https://www.discogs.com/release/6419032,1978,"7"" - Archive 01 - [#,A-C..]"
"Bonnie Tyler","Bonnie Tyler","Holding Out For A Hero",https://www.discogs.com/release/4380425,1984,"7"" - Playlist - 01 [#,A-C...]"
"Bonnie Tyler","Bonnie Tyler","Lost In France",https://www.discogs.com/release/5389188,1976,"7"" - Archive 01 - [#,A-C..]"
"Bonnie Tyler","Bonnie Tyler","More Than A Lover",https://www.discogs.com/release/4623871,1977,"7"" - Archive 01 - [#,A-C..]"
"Bonnie Tyler","Bonnie Tyler","Total Eclipse Of The Heart",https://www.discogs.com/release/563748,1983,"7"" - Playlist - 01 [#,A-C...]"
"Bonnie Tyler","Bonnie Tyler And The Bonnie Tyler Band","It's A Heartache",https://www.discogs.com/release/563744,1977,"7"" - Playlist - 01 [#,A-C...]"
"Bonzo Dog Doo-Dah Band","Bonzo Dog Doo-Dah Band","I'm The Urban Spaceman",https://www.discogs.com/release/12451698,1968,"7"" - Novelty [#,A-Z]"
"Boogie Box High","Boogie Box High","Jive Talkin'",https://www.discogs.com/release/347191,1987,"7"" - Archive 01 - [#,A-C..]"
"Booker Newberry III","Booker Newberry III","Love Town",https://www.discogs.com/release/827118,1983,"7"" - Playlist - 01 [#,A-C...]"
"Booker T & The MG's","Booker T & The MG's","Green Onions / Boot Leg",https://www.discogs.com/release/6725323,1979,"7"" - Retro - 01 [#,A-G]"
"Booker T & The MG's","Booker T & The MG's","Time Is Tight / Hang 'Em High",https://www.discogs.com/release/571439,1969,"7"" - Retro - 01 [#,A-G]"
"Boomtown Rats","Boomtown Rats","Banana Republic",https://www.discogs.com/release/3177015,1980,"7"" - Archive 01 - [#,A-C..]"
"Boomtown Rats","Boomtown Rats","Diamond Smiles",https://www.discogs.com/release/13922459,1979,"7"" - Archive 01 - [#,A-C..]"
"Boomtown Rats","Boomtown Rats","House On Fire",https://www.discogs.com/release/5687047,1982,"7"" - Archive 01 - [#,A-C..]"
"Boomtown Rats","Boomtown Rats","I Don't Like Mondays",https://www.discogs.com/release/517102,1979,"7"" - Playlist - 01 [#,A-C...]"
"Boomtown Rats","Boomtown Rats","Like Clockwork",https://www.discogs.com/release/5742678,1978,"7"" - Playlist - 01 [#,A-C...]"
"Boomtown Rats","Boomtown Rats","Lookin' After No. 1",https://www.discogs.com/release/2802093,1977,"7"" - Playlist - 01 [#,A-C...]"
"Boomtown Rats","Boomtown Rats","Mary Of The 4th Form (Alternate Version)",https://www.discogs.com/release/368386,1977,"7"" - Playlist - 01 [#,A-C...]"
"Boomtown Rats","Boomtown Rats","Rat Trap",https://www.discogs.com/release/1253225,1978,"7"" - Playlist - 01 [#,A-C...]"
"Boomtown Rats","Boomtown Rats","She's So Modern",https://www.discogs.com/release/485637,1978,"7"" - Playlist - 01 [#,A-C...]"
"Boomtown Rats","Boomtown Rats","Someone's Looking At You",https://www.discogs.com/release/10793915,1980,"7"" - Playlist - 01 [#,A-C...]"
"Boomtown Rats","Boomtown Rats","The Elephants Graveyard (Guilty)",https://www.discogs.com/release/445472,1981,"7"" - Archive 01 - [#,A-C..]"
"Boothill Foot Tappers","Boothill Foot Tappers","Get Your Feet Out Of My Shoes",https://www.discogs.com/release/1188463,1984,"7"" - Archive 01 - [#,A-C..]"
"Boris Gardiner","Boris Gardiner","I Want To Wake Up With You",https://www.discogs.com/release/13688166,1986,"7"" - Archive 01 - [#,A-C..]"
Boston,Boston,"Don't Look Back",https://www.discogs.com/release/6801691,1978,"7"" - Playlist - 01 [#,A-C...]"
Boston,Boston,"More Than A Feeling",https://www.discogs.com/release/1662496,1976,"7"" - Playlist - 01 [#,A-C...]"
"Bourgeois Tagg","Bourgeois Tagg","I Don't Mind At All",https://www.discogs.com/release/7625503,1987,"7"" - Playlist - 01 [#,A-C...]"
"Bow Wow Wow","Bow Wow Wow","Go Wild In The Country",https://www.discogs.com/release/1000475,1982,"7"" - Playlist - 01 [#,A-C...]"
"Bow Wow Wow","Bow Wow Wow","I Want Candy",https://www.discogs.com/release/5960568,1982,"7"" - Playlist - 01 [#,A-C...]"
Boxer,Boxer,"Heat On The Streets",https://www.discogs.com/release/4570367,1977,"7"" - Archive 01 - [#,A-C..]"
"Boy Meets Girl","Boy Meets Girl","Waiting For A Star To Fall",https://www.discogs.com/release/2155932,1988,"7"" - Playlist - 01 [#,A-C...]"
Boys,Boys,Crazy,https://www.discogs.com/release/2940699,1990,"7"" - Archive 01 - [#,A-C..]"
"Boys Town Gang","Boys Town Gang","Can't Take My Eyes Off You",https://www.discogs.com/release/5954864,1982,"7"" - Archive 01 - [#,A-C..]"
"Boz Scaggs","Boz Scaggs","Dinah Flo",https://www.discogs.com/release/4433680,1972,"7"" - Archive 01 - [#,A-C..]"
"Boz Scaggs","Boz Scaggs",Hollywood,https://www.discogs.com/release/1755570,1977,"7"" - Playlist - 01 [#,A-C...]"
"Boz Scaggs","Boz Scaggs","Lido Shuffle",https://www.discogs.com/release/11863081,1977,"7"" - Playlist - 01 [#,A-C...]"
"Boz Scaggs","Boz Scaggs",Lowdown,https://www.discogs.com/release/1434498,1976,"7"" - Archive 01 - [#,A-C..]"
"Boz Scaggs","Boz Scaggs","What Can I Say",https://www.discogs.com/release/6875971,1977,"7"" - Archive 01 - [#,A-C..]"
"Brass Construction","Brass Construction","Ha Cha Cha (Funktion)",https://www.discogs.com/release/997332,1976,"7"" - Archive 01 - [#,A-C..]"
"Brass Construction","Brass Construction","Help Yourself / Pick Yourself Up",https://www.discogs.com/release/2049564,1978,"7"" - Archive 01 - [#,A-C..]"
"Brass Construction","Brass Construction","Movin'",https://www.discogs.com/release/788807,1976,"7"" - Archive 01 - [#,A-C..]"
"Brass Construction","Brass Construction","Music Makes You Feel Like Dancing",https://www.discogs.com/release/324573,1979,"7"" - Archive 01 - [#,A-C..]"
Bread,Bread,"Baby I'm—A Want You",https://www.discogs.com/release/5438841,1972,"7"" - Retro - 01 [#,A-G]"
Bread,Bread,"Lost Without Your Love",https://www.discogs.com/release/15320966,1976,"7"" - Retro - 01 [#,A-G]"
Bread,Bread,"Make It With You",https://www.discogs.com/release/1741985,1970,"7"" - Retro - 01 [#,A-G]"
Bread,Bread,"Sweet Surrender",https://www.discogs.com/release/6095788,1974,"7"" - Archive 01 - [#,A-C..]"
Bread,Bread,"The Guitar Man",https://www.discogs.com/release/6102782,1972,"7"" - Retro - 01 [#,A-G]"
"Break Machine","Break Machine","Street Dance",https://www.discogs.com/release/9466913,1984,"7"" - Playlist - 01 [#,A-C...]"
Breathe,Breathe,"Hands To Heaven",https://www.discogs.com/release/964595,1987,"7"" - Archive 01 - [#,A-C..]"
"Brecker Brothers","Brecker Brothers","East River",https://www.discogs.com/release/1680999,1978,"7"" - Playlist - 01 [#,A-C...]"
"Brenda Lee","Brenda Lee","It Started All Over Again / Heart In Hand",https://www.discogs.com/release/3274789,1962,"7"" - Archive 01 - [#,A-C..]"
"Brenda Lee","Brenda Lee","Rockin' Around The Christmas Tree",https://www.discogs.com/release/9185192,1962,"7"" - Holiday [#,A-Z]"
"Brenda Lee","Brenda Lee","The Waiting Game / Think",https://www.discogs.com/release/9247514,1964,"7"" - Archive 01 - [#,A-C..]"
"Brenda Russell","Brenda Russell","Piano In The Dark",https://www.discogs.com/release/7679086,1988,Uncategorized
"Brendan Shine","Brendan Shine",Loneliness,https://www.discogs.com/release/4538382,1986,"7"" - Archive 01 - [#,A-C..]"
"Brett Marvin & The Thunderbolts","Brett Marvin & The Thunderbolts","Hawaiian Honeymoon",https://www.discogs.com/release/1759566,1975,"7"" - Archive 01 - [#,A-C..]"
"Brian & Michael","Brian & Michael",Evensong,https://www.discogs.com/release/3095094,1978,"7"" - Archive 01 - [#,A-C..]"
"Brian & Michael","Brian & Michael","Matchstalk Men And Matchstalk Cats And Dogs (Lowry's Song)",https://www.discogs.com/release/4952177,1977,"7"" - Archive 01 - [#,A-C..]"
"Brian Cant","Brian Cant","The Adventures Of Cap'n Birds Eye",https://www.discogs.com/release/5436604,"","7"" - Archive 01 - [#,A-C..]"
"Brian Coll And The Buckaroos","Brian Coll And The Buckaroos","When My Blue Moon Turns To Gold Again",https://www.discogs.com/release/3931391,1972,"7"" - Archive 01 - [#,A-C..]"
"Brian Eno","Brian Eno","Seven Deadly Finns",https://www.discogs.com/release/1440795,1974,"7"" - Archive 01 - [#,A-C..]"
"Brian Hyland","Brian Hyland","Four Little Heels ",https://www.discogs.com/release/2167554,1960,"7"" - Archive 01 - [#,A-C..]"
"Brian Hyland","Brian Hyland","Sealed With A Kiss",https://www.discogs.com/release/4286411,1975,"7"" - Retro - 01 [#,A-G]"
"Brian Hyland / Jerry Keller","Brian Hyland / Jerry Keller","Itsy Bitsy Teenie Weenie Yellow Polkadot Bikini / Here Comes Summer",https://www.discogs.com/release/5151569,"","7"" - Novelty [#,A-Z]"
"Brian May","Brian May","Driven By You",https://www.discogs.com/release/1362390,1991,"7"" - Playlist - 01 [#,A-C...]"
"Brian Poole & The Tremeloes","Brian Poole & The Tremeloes","Do You Love Me",https://www.discogs.com/release/13410396,1963,"7"" - Retro - 01 [#,A-G]"
"Brian Protheroe","Brian Protheroe","Fly Now",https://www.discogs.com/release/1802152,1975,"7"" - Archive 01 - [#,A-C..]"
"Brian Protheroe","Brian Protheroe",Pinball,https://www.discogs.com/release/800193,1974,"7"" - Archive 01 - [#,A-C..]"
"Brighouse And Rastrick Brass Band","Brighouse And Rastrick Brass Band","The Floral Dance",https://www.discogs.com/release/9661831,1976,"7"" - Archive 01 - [#,A-C..]"
"Brighouse And Rastrick Brass Band","Brighouse And Rastrick Brass Band","The Lincolnshire Poacher",https://www.discogs.com/release/3096303,1978,"7"" - Archive 01 - [#,A-C..]"
"Brighouse And Rastrick Brass Band","Brighouse And Rastrick Brass Band","Tidings Of Great Joy",https://www.discogs.com/release/4035124,1978,"7"" - Holiday [#,A-Z]"
"Broken English","Broken English","Comin' On Strong",https://www.discogs.com/release/1248417,1987,"7"" - Archive 01 - [#,A-C..]"
"Bronski Beat","Bronski Beat","C'Mon! C'Mon!",https://www.discogs.com/release/584660,1986,"7"" - Playlist - 01 [#,A-C...]"
"Bronski Beat","Bronski Beat","Hit That Perfect Beat",https://www.discogs.com/release/115576,1985,"7"" - Playlist - 01 [#,A-C...]"
"Bronski Beat","Bronski Beat","It Ain't Necessarily So",https://www.discogs.com/release/8474260,1984,"7"" - Playlist - 01 [#,A-C...]"
"Bronski Beat","Bronski Beat","Smalltown Boy",https://www.discogs.com/release/224051,1984,"7"" - Playlist - 01 [#,A-C...]"
"Bronski Beat","Bronski Beat",Why?,https://www.discogs.com/release/154151,1984,"7"" - Playlist - 01 [#,A-C...]"
"Bronski Beat, Marc Almond","Bronski Beat, Marc Almond","I Feel Love",https://www.discogs.com/release/4801559,1985,"7"" - Playlist - 01 [#,A-C...]"
"Brook Brothers","Brook Brothers","Ain't Gonna Wash For A Week",https://www.discogs.com/release/482285,1961,"7"" - Retro - 01 [#,A-G]"
Bros,Bros,"Cat Among The Pigeons / Silent Night",https://www.discogs.com/release/8200115,1988,"7"" - Playlist - 01 [#,A-C...]"
Bros,Bros,"Chocolate Box",https://www.discogs.com/release/1577573,1989,"7"" - Playlist - 01 [#,A-C...]"
Bros,Bros,"Drop The Boy",https://www.discogs.com/release/1874888,1988,"7"" - Playlist - 01 [#,A-C...]"
Bros,Bros,"I Owe You Nothing",https://www.discogs.com/release/1577553,1988,"7"" - Playlist - 01 [#,A-C...]"
Bros,Bros,"I Quit",https://www.discogs.com/release/7342175,1988,"7"" - Playlist - 01 [#,A-C...]"
Bros,Bros,"Too Much",https://www.discogs.com/release/1577585,1989,"7"" - Playlist - 01 [#,A-C...]"
Bros,Bros,"When Will I Be Famous?",https://www.discogs.com/release/1306562,1987,"7"" - Playlist - 01 [#,A-C...]"
"Brother Beyond","Brother Beyond","He Ain't No Competition",https://www.discogs.com/release/1414359,1988,"7"" - Archive 01 - [#,A-C..]"
"Brother Beyond","Brother Beyond","The Harder I Try",https://www.discogs.com/release/1016701,1988,"7"" - Playlist - 01 [#,A-C...]"
"Brother Beyond","Brother Beyond",Trust,https://www.discogs.com/release/6089917,1990,"7"" - Archive 01 - [#,A-C..]"
"Brother To Brother","Brother To Brother","In The Bottle",https://www.discogs.com/release/789813,1974,"7"" - Archive 01 - [#,A-C..]"
"Brotherhood Of Man","Brotherhood Of Man",Angelo,https://www.discogs.com/release/643066,1977,"7"" - Retro - 01 [#,A-G]"
"Brotherhood Of Man","Brotherhood Of Man","Beautiful Lover",https://www.discogs.com/release/8953293,1978,"7"" - Archive 01 - [#,A-C..]"
"Brotherhood Of Man","Brotherhood Of Man",Figaro,https://www.discogs.com/release/15314819,1977,"7"" - Archive 01 - [#,A-C..]"
"Brotherhood Of Man","Brotherhood Of Man","Goodbye Goodbye",https://www.discogs.com/release/3105533,1979,"7"" - Archive 01 - [#,A-C..]"
"Brotherhood Of Man","Brotherhood Of Man","Oh Boy (The Mood I'm In)",https://www.discogs.com/release/1968240,1977,"7"" - Archive 01 - [#,A-C..]"
"Brotherhood Of Man","Brotherhood Of Man","Save Your Kisses For Me",https://www.discogs.com/release/5245023,1976,"7"" - Retro - 01 [#,A-G]"
Brothers,Brothers,"Sing Me",https://www.discogs.com/release/5262236,1977,"7"" - Archive 01 - [#,A-C..]"
"Brothers Johnson","Brothers Johnson",Stomp!,https://www.discogs.com/release/10898410,1980,"7"" - Playlist - 01 [#,A-C...]"
"Brown Sauce","Brown Sauce","I Wanna Be A Winner / Hello Hello (Swap Shop Theme)",https://www.discogs.com/release/370984,1981,"7"" - Archive 01 - [#,A-C..]"
Browns,Browns,"The Three Bells",https://www.discogs.com/release/4678977,1959,"7"" - Archive 01 - [#,A-C..]"
"Brownsville Station","Brownsville Station","Smokin' In The Boy's Room",https://www.discogs.com/release/2034432,1974,"7"" - Archive 01 - [#,A-C..]"
"Bruce Baum With Little Roger & The Goosebumps","Bruce Baum With Little Roger & The Goosebumps","Marty Feldman Eyes",https://www.discogs.com/release/1709061,1981,"7"" - Novelty [#,A-Z]"
"Bruce Hornsby And The Range","Bruce Hornsby And The Range","The Way It Is",https://www.discogs.com/release/5858934,1986,"7"" - Playlist - 01 [#,A-C...]"
"Bruce Roberts","Bruce Roberts","I Don't Wanna Go",https://www.discogs.com/release/8045432,1977,"7"" - Archive 01 - [#,A-C..]"
"Bruce Springsteen","Bruce Springsteen","Born To Run",https://www.discogs.com/release/2311965,1975,"7"" - Playlist - 01 [#,A-C...]"
"Bruce Springsteen","Bruce Springsteen","Brilliant Disguise",https://www.discogs.com/release/2012222,1987,"7"" - Playlist - 01 [#,A-C...]"
"Bruce Springsteen","Bruce Springsteen","Cover Me",https://www.discogs.com/release/1822106,1984,"7"" - Playlist - 01 [#,A-C...]"
"Bruce Springsteen","Bruce Springsteen","Dancing In The Dark",https://www.discogs.com/release/1732529,1984,"7"" - Playlist - 01 [#,A-C...]"
"Bruce Springsteen","Bruce Springsteen","Glory Days",https://www.discogs.com/release/1006411,1985,"7"" - Playlist - 01 [#,A-C...]"
"Bruce Springsteen","Bruce Springsteen","My Hometown / Santa Claus Is Comin' To Town",https://www.discogs.com/release/1187692,1985,"7"" - Playlist - 01 [#,A-C...]"
"Bruce Springsteen","Bruce Springsteen","The River",https://www.discogs.com/release/10920468,1981,"7"" - Playlist - 01 [#,A-C...]"
"Bruce Willis","Bruce Willis","Under The Boardwalk",https://www.discogs.com/release/1802107,1987,"7"" - Playlist - 01 [#,A-C...]"
"Bryan Adams","Bryan Adams","(Everything I Do) I Do It For You  ",https://www.discogs.com/release/1567057,1991,"7"" - Playlist - 01 [#,A-C...]"
"Bryan Adams","Bryan Adams","Can't Stop This Thing We Started",https://www.discogs.com/release/5537037,1991,"7"" - Playlist - 01 [#,A-C...]"
"Bryan Adams","Bryan Adams","Heaven / Summer Of '69",https://www.discogs.com/release/1246355,"","7"" - Playlist - 01 [#,A-C...]"
"Bryan Adams","Bryan Adams","Run To You",https://www.discogs.com/release/5407541,1984,"7"" - Playlist - 01 [#,A-C...]"
"Bryan Adams","Bryan Adams",Somebody,https://www.discogs.com/release/1812704,1985,"7"" - Playlist - 01 [#,A-C...]"
"Bryan Adams / Tina Turner","Bryan Adams / Tina Turner","It's Only Love",https://www.discogs.com/release/2252807,1985,"7"" - Playlist - 01 [#,A-C...]"
"Bryan Ferry","Bryan Ferry","...Is Your Love Strong Enough?",https://www.discogs.com/release/1413074,1986,"7"" - Archive 01 - [#,A-C..]"
"Bryan Ferry","Bryan Ferry","A Hard Rain's A-Gonna Fall",https://www.discogs.com/release/474468,1973,"7"" - Retro - 01 [#,A-G]"
"Bryan Ferry","Bryan Ferry","Extended Play",https://www.discogs.com/release/738702,1976,"7"" - Archive 01 - [#,A-C..]"
"Bryan Ferry","Bryan Ferry","Let's Stick Together (Let's Work Together)",https://www.discogs.com/release/748114,1976,"7"" - Playlist - 01 [#,A-C...]"
"Bryan Ferry","Bryan Ferry","Sign Of The Times",https://www.discogs.com/release/15303686,1978,"7"" - Retro - 01 [#,A-G]"
"Bryan Ferry","Bryan Ferry","Slave To Love",https://www.discogs.com/release/1830563,1985,"7"" - Playlist - 01 [#,A-C...]"
"Bryan Ferry","Bryan Ferry","Smoke Gets In Your Eyes",https://www.discogs.com/release/1525572,1974,"7"" - Retro - 01 [#,A-G]"
"Bryan Ferry","Bryan Ferry","The 'In' Crowd",https://www.discogs.com/release/1554950,1974,"7"" - Archive 01 - [#,A-C..]"
"Bryan Ferry","Bryan Ferry","The Right Stuff",https://www.discogs.com/release/246282,1987,"7"" - Archive 01 - [#,A-C..]"
"Bryan Ferry","Bryan Ferry","This Is Tomorrow",https://www.discogs.com/release/1681119,1977,"7"" - Archive 01 - [#,A-C..]"
"Bryan Ferry","Bryan Ferry","You Go To My Head",https://www.discogs.com/release/2156746,1975,"7"" - Archive 01 - [#,A-C..]"
"Bryan Smith Orchette","Bryan Smith Orchette",Foxtrot,https://www.discogs.com/release/15975094,1975,"7"" - Archive 01 - [#,A-C..]"
Bubblerock,Bubblerock,"(I Can't Get No) Satisfaction",https://www.discogs.com/release/11097593,1973,"7"" - Archive 01 - [#,A-C..]"
"Bucks Fizz","Bucks Fizz","Making Your Mind Up",https://www.discogs.com/release/7487830,1981,"7"" - Playlist - 01 [#,A-C...]"
"Bucks Fizz","Bucks Fizz","My Camera Never Lies",https://www.discogs.com/release/2062529,1982,"7"" - Playlist - 01 [#,A-C...]"
"Bucks Fizz","Bucks Fizz","One Of Those Nights",https://www.discogs.com/release/869706,1981,"7"" - Archive 01 - [#,A-C..]"
"Bucks Fizz","Bucks Fizz","Piece Of The Action",https://www.discogs.com/release/8014400,1981,"7"" - Archive 01 - [#,A-C..]"
"Bucks Fizz","Bucks Fizz","The Land Of Make Believe",https://www.discogs.com/release/1622929,1981,"7"" - Archive 01 - [#,A-C..]"
"Bucks Fizz","Bucks Fizz","When We Were Young",https://www.discogs.com/release/12579360,1983,"7"" - Archive 01 - [#,A-C..]"
"Buckwheat Zydeco","Buckwheat Zydeco","Why Does Love Got To Be So Sad",https://www.discogs.com/release/3845486,1988,"7"" - Archive 01 - [#,A-C..]"
"Buddy Holly","Buddy Holly","It Doesn't Matter Anymore",https://www.discogs.com/release/4790108,1959,"7"" - Retro - 01 [#,A-G]"
"Buddy Holly","Buddy Holly","Rock'N'Roll",https://www.discogs.com/release/493761,1976,"7"" - Retro - 01 [#,A-G]"
"Buffy Sainte-Marie","Buffy Sainte-Marie","I'm Gonna Be A Country Girl Again",https://www.discogs.com/release/2302068,1972,"7"" - Archive 01 - [#,A-C..]"
Buggles,Buggles,"Clean, Clean",https://www.discogs.com/release/160212,1980,"7"" - Playlist - 01 [#,A-C...]"
Buggles,Buggles,Elstree,https://www.discogs.com/release/162747,1980,"7"" - Archive 01 - [#,A-C..]"
Buggles,Buggles,"I Am A Camera",https://www.discogs.com/release/214056,1981,"7"" - Playlist - 01 [#,A-C...]"
Buggles,Buggles,"The Plastic Age",https://www.discogs.com/release/160213,1980,"7"" - Archive 01 - [#,A-C..]"
Buggles,Buggles,"Video Killed The Radio Star",https://www.discogs.com/release/6037643,1979,"7"" - Playlist - 01 [#,A-C...]"
Bullet,Bullet,"Hanged Man",https://www.discogs.com/release/3256874,1975,"7"" - Archive 01 - [#,A-C..]"
"Burke & Jerk","Burke & Jerk","Stretford Enders",https://www.discogs.com/release/6538222,1977,"7"" - Archive 01 - [#,A-C..]"
"Burl Ives","Burl Ives","A Little Bitty Tear",https://www.discogs.com/release/1858949,1962,"7"" - Archive 01 - [#,A-C..]"
"Burundi Black","Burundi Black",Marabunta,https://www.discogs.com/release/9616286,1973,"7"" - Archive 01 - [#,A-C..]"
Butterscotch,Butterscotch,"Don't You Know (She Said Hello)",https://www.discogs.com/release/1717391,1970,"7"" - Archive 01 - [#,A-C..]"
"Button Down Brass","Button Down Brass","On Days Like These",https://www.discogs.com/release/13061563,1969,"7"" - Archive 01 - [#,A-C..]"
"Buzz Cason","Buzz Cason","It's Me That You're Leaving",https://www.discogs.com/release/6196017,1977,"7"" - Archive 01 - [#,A-C..]"
Buzzcocks,Buzzcocks,"Ever Fallen In Love... (With Someone You Shouldn't've?)",https://www.discogs.com/release/371671,1978,"7"" - Playlist - 01 [#,A-C...]"
Buzzcocks,Buzzcocks,"Everybody's Happy Nowadays",https://www.discogs.com/release/4760217,1979,"7"" - Playlist - 01 [#,A-C...]"
Buzzcocks,Buzzcocks,"Harmony In My Head",https://www.discogs.com/release/403014,1979,"7"" - Playlist - 01 [#,A-C...]"
Buzzcocks,Buzzcocks,"Love You More",https://www.discogs.com/release/401883,1978,"7"" - Playlist - 01 [#,A-C...]"
Buzzcocks,Buzzcocks,"Orgasm Addict",https://www.discogs.com/release/371730,1977,"7"" - Playlist - 01 [#,A-C...]"
Buzzcocks,Buzzcocks,"Promises / Lipstick",https://www.discogs.com/release/403015,1978,"7"" - Playlist - 01 [#,A-C...]"
Buzzcocks,Buzzcocks,"What Do I Get?",https://www.discogs.com/release/371707,1978,"7"" - Playlist - 01 [#,A-C...]"
Byrds,Byrds,"Mr. Tambourine Man / All I Really Want To Do",https://www.discogs.com/release/1978742,"","7"" - Archive 01 - [#,A-C..]"
"C+C Music Factory","C + C Music Factory Featuring Freedom Williams","Things That Make You Go Hmmm...",https://www.discogs.com/release/263735,1991,"7"" - Playlist - 01 [#,A-C...]"
"C.J. & Co","C.J. & Co","Devil's Gun",https://www.discogs.com/release/667260,1977,"7"" - Archive 02 - [..C-E...]"
C.O.D.,C.O.D.,"Uphill (Peace Of Mind)",https://www.discogs.com/release/2248407,1984,"7"" - Archive 02 - [..C-E...]"
"C.W. McCall","C.W. McCall",Classified,https://www.discogs.com/release/14343148,1974,"7"" - Archive 02 - [..C-E...]"
"C.W. McCall","C.W. McCall","Convoy / Roses For Mama",https://www.discogs.com/release/7522287,1984,"7"" - Novelty [#,A-Z]"
Ca$hflow,Ca$hflow,"Mine All Mine / Party Freak",https://www.discogs.com/release/1926073,1986,"7"" - Archive 02 - [..C-E...]"
Cameo,Cameo,"Back & Forth",https://www.discogs.com/release/1416049,1987,"7"" - Archive 02 - [..C-E...]"
Cameo,Cameo,"Single Life",https://www.discogs.com/release/964576,1985,"7"" - Archive 02 - [..C-E...]"
Cameo,Cameo,"Word Up",https://www.discogs.com/release/11159257,1986,"7"" - Playlist - 01 [#,A-C...]"
"Camilo Sesto","Camilo Sesto",Melina,https://www.discogs.com/release/3827881,1975,"7"" - Archive 02 - [..C-E...]"
"Candi Staton","Candi Staton","Honest I Do Love You",https://www.discogs.com/release/2082885,1978,"7"" - Archive 02 - [..C-E...]"
"Candi Staton","Candi Staton","Nights On Broadway ",https://www.discogs.com/release/16837950,1977,"7"" - Playlist - 01 [#,A-C...]"
"Candi Staton","Candi Staton","Young Hearts Run Free",https://www.discogs.com/release/15437256,1976,"7"" - Playlist - 01 [#,A-C...]"
"Candlewick Green","Candlewick Green","Who Do You Think You Are?",https://www.discogs.com/release/11426285,1973,"7"" - Archive 02 - [..C-E...]"
"Candy Flip","Candy Flip","Strawberry Fields Forever",https://www.discogs.com/release/176106,1990,"7"" - Archive 02 - [..C-E...]"
"Canned Heat","Canned Heat","On The Road Again",https://www.discogs.com/release/3559367,1976,"7"" - Retro - 01 [#,A-G]"
Cappella,Cappella,"Helyom Halib",https://www.discogs.com/release/1556995,1989,"7"" - Archive 02 - [..C-E...]"
"Captain And Tennille","Captain And Tennille","Do That To Me One More Time",https://www.discogs.com/release/489813,1979,"7"" - Retro - 01 [#,A-G]"
"Captain And Tennille","Captain And Tennille","Love Will Keep Us Together",https://www.discogs.com/release/2172008,1975,"7"" - Retro - 01 [#,A-G]"
"Captain Sensible","Captain Sensible","Glad It's All Over / Damned On 45",https://www.discogs.com/release/11046606,1984,"7"" - Playlist - 01 [#,A-C...]"
"Captain Sensible","Captain Sensible","Happy Talk",https://www.discogs.com/release/1502680,1982,"7"" - Playlist - 01 [#,A-C...]"
"Captain Sensible","Captain Sensible","This Is Your Captain Speaking",https://www.discogs.com/release/381613,1981,"7"" - Archive 02 - [..C-E...]"
"Captain Sensible","Captain Sensible",Wot!,https://www.discogs.com/release/1265933,1982,"7"" - Playlist - 01 [#,A-C...]"
"Carl Carlton","Carl Carlton","She's A Bad Mama Jama (She's Built, She's Stacked)",https://www.discogs.com/release/779460,1981,"7"" - Playlist - 01 [#,A-C...]"
"Carl Douglas","Carl Douglas","Kung Fu Fighting",https://www.discogs.com/release/5088358,1974,"7"" - Novelty [#,A-Z]"
"Carl Douglas","Carl Douglas","Run Back",https://www.discogs.com/release/1727101,1977,"7"" - Archive 02 - [..C-E...]"
"Carl Malcolm / Skin, Flesh & Bones","Carl Malcolm / Skin, Flesh & Bones","Fattie Bum-Bum / Bum-Bum Situation",https://www.discogs.com/release/6322408,1975,"7"" - Archive 02 - [..C-E...]"
"Carl Wayne","Carl Wayne","You're A Star",https://www.discogs.com/release/2428001,1973,"7"" - Archive 02 - [..C-E...]"
"Carly Simon","Carly Simon","Coming Around Again (Theme From Heartburn)",https://www.discogs.com/release/1885402,1987,"7"" - Retro - 01 [#,A-G]"
"Carly Simon","Carly Simon","Haven't Got Time For The Pain",https://www.discogs.com/release/3463245,1974,"7"" - Archive 02 - [..C-E...]"
"Carly Simon","Carly Simon","Nobody Does It Better",https://www.discogs.com/release/8027167,1977,"7"" - Retro - 01 [#,A-G]"
"Carly Simon","Carly Simon","The Right Thing To Do",https://www.discogs.com/release/5965501,1972,"7"" - Retro - 01 [#,A-G]"
"Carly Simon","Carly Simon","You're So Vain",https://www.discogs.com/release/1090902,1972,"7"" - Retro - 01 [#,A-G]"
"Carly Simon","Carly Simon / Chic",Why,https://www.discogs.com/release/4104892,1989,"7"" - Playlist - 01 [#,A-C...]"
Carmel,Carmel,"Bad Day",https://www.discogs.com/release/1780428,1983,"7"" - Playlist - 01 [#,A-C...]"
"Carol Douglas","Carol Douglas","Doctor's Orders",https://www.discogs.com/release/6704472,1974,"7"" - Archive 02 - [..C-E...]"
"Carol Douglas","Carol Douglas","Headline News",https://www.discogs.com/release/3894351,1975,"7"" - Archive 02 - [..C-E...]"
"Carol Douglas","Carol Douglas","Night Fever",https://www.discogs.com/release/1382529,1978,"7"" - Archive 02 - [..C-E...]"
"Carole Bayer Sager","Carole Bayer Sager","I'd Rather Leave While I'm In Love",https://www.discogs.com/release/2989146,1977,"7"" - Retro - 01 [#,A-G]"
"Carole Bayer Sager","Carole Bayer Sager","You're Moving Out Today",https://www.discogs.com/release/4379609,1977,"7"" - Retro - 01 [#,A-G]"
"Carole King","Carole King","Hard Rock Cafe",https://www.discogs.com/release/3332439,1977,"7"" - Archive 02 - [..C-E...]"
"Carole King","Carole King","It's Too Late / I Feel the Earth Move",https://www.discogs.com/release/12821364,1975,"7"" - Retro - 01 [#,A-G]"
"Carole King","Carole King","One Fine Day",https://www.discogs.com/release/11164315,1980,"7"" - Archive 02 - [..C-E...]"
Carpenters,Carpenters,"Calling Occupants Of Interplanetary Craft (The Recognized Anthem Of World Contact Day)",https://www.discogs.com/release/1265068,1977,"7"" - Retro - 01 [#,A-G]"
Carpenters,Carpenters,"Goodbye To Love / I Won't Last A Day Without You",https://www.discogs.com/release/8173035,1972,"7"" - Archive 02 - [..C-E...]"
Carpenters,Carpenters,"Hurting Each Other",https://www.discogs.com/release/2560120,1972,"7"" - Retro - 01 [#,A-G]"
Carpenters,Carpenters,"I Won't Last A Day Without You",https://www.discogs.com/release/2080007,1974,"7"" - Archive 02 - [..C-E...]"
Carpenters,Carpenters,"Jambalaya (On The Bayou)",https://www.discogs.com/release/1470696,1974,"7"" - Archive 02 - [..C-E...]"
Carpenters,Carpenters,"Only Yesterday / Happy",https://www.discogs.com/release/5209922,1975,"7"" - Archive 02 - [..C-E...]"
Carpenters,Carpenters,"Please Mr Postman",https://www.discogs.com/release/5437318,1974,"7"" - Retro - 01 [#,A-G]"
Carpenters,Carpenters,"Santa Claus Is Coming To Town",https://www.discogs.com/release/13204024,1974,"7"" - Holiday [#,A-Z]"
Carpenters,Carpenters,Solitaire,https://www.discogs.com/release/7916357,1975,"7"" - Archive 02 - [..C-E...]"
Carpenters,Carpenters,"There's A Kind Of Hush (All Over The World)",https://www.discogs.com/release/3146988,1976,"7"" - Retro - 01 [#,A-G]"
Carpenters,Carpenters,"They Long To Be Close To You",https://www.discogs.com/release/1717981,1970,"7"" - Retro - 01 [#,A-G]"
Carpenters,Carpenters,"Yesterday Once More",https://www.discogs.com/release/477229,1973,"7"" - Retro - 01 [#,A-G]"
Cars,Cars,Drive,https://www.discogs.com/release/9266165,1984,"7"" - Playlist - 01 [#,A-C...]"
Cars,Cars,"Just What I Needed",https://www.discogs.com/release/5507127,1978,"7"" - Playlist - 01 [#,A-C...]"
Cars,Cars,"Let's Go",https://www.discogs.com/release/1661620,1979,"7"" - Archive 02 - [..C-E...]"
Cars,Cars,"My Best Friend's Girl",https://www.discogs.com/release/4672464,1978,"7"" - Playlist - 01 [#,A-C...]"
"Carter The Unstoppable Sex Machine","Carter The Unstoppable Sex Machine","The Only Living Boy In New Cross",https://www.discogs.com/release/102994,1992,"7"" - Archive 02 - [..C-E...]"
Carvells,Carvells,"The L. A. Run",https://www.discogs.com/release/1470691,1977,"7"" - Archive 02 - [..C-E...]"
"Casa Nero","Casa Nero","The Dawn",https://www.discogs.com/release/5082233,1990,"7"" - Archive 02 - [..C-E...]"
Cascades,Cascades,"Rhythm Of The Rain",https://www.discogs.com/release/4012041,1963,"7"" - Retro - 01 [#,A-G]"
"Cat Stevens","Cat Stevens","Can't Keep It In",https://www.discogs.com/release/474991,1972,"7"" - Retro - 01 [#,A-G]"
"Cat Stevens","Cat Stevens","Father And Son / Moon Shadow",https://www.discogs.com/release/568419,1970,"7"" - Retro - 01 [#,A-G]"
"Cat Stevens","Cat Stevens","Matthew And Son / I Love My Dog",https://www.discogs.com/release/1595791,1973,"7"" - Retro - 01 [#,A-G]"
"Cat Stevens","Cat Stevens","Morning Has Broken ",https://www.discogs.com/release/6494384,1971,"7"" - Archive 02 - [..C-E...]"
"Cat Stevens","Cat Stevens","Tuesday's Dead",https://www.discogs.com/release/3134902,1971,"7"" - Archive 02 - [..C-E...]"
"Cat Stevens","Cat Stevens","Two Fine People",https://www.discogs.com/release/4112490,1975,"7"" - Archive 02 - [..C-E...]"
"Catherine Howe","Catherine Howe",Harry,https://www.discogs.com/release/28758715,1975,"7"" - Archive 02 - [..C-E...]"
"Catherine Stock","Catherine Stock","To Have And To Hold",https://www.discogs.com/release/1576241,1986,"7"" - Archive 02 - [..C-E...]"
Cats,Cats,"Let's Dance / I've Been In Love Before",https://www.discogs.com/release/21561898,1972,"7"" - Archive 02 - [..C-E...]"
"Cats U.K.","Cats U.K.","Luton Airport",https://www.discogs.com/release/1581008,1979,"7"" - Novelty [#,A-Z]"
CCS,CCS,"Brother / Primitive Love",https://www.discogs.com/release/3216137,1977,"7"" - Archive 02 - [..C-E...]"
CCS,CCS,"Sixteen Tons",https://www.discogs.com/release/2059425,1972,"7"" - Archive 02 - [..C-E...]"
CCS,CCS,"Tap Turns On The Water",https://www.discogs.com/release/5949631,1971,"7"" - Retro - 01 [#,A-G]"
CCS,CCS,"The Band Played The Boogie",https://www.discogs.com/release/1954144,1973,"7"" - Archive 02 - [..C-E...]"
CCS,CCS,Walking,https://www.discogs.com/release/5968402,1971,"7"" - Archive 02 - [..C-E...]"
Cerrone,Cerrone,Supernature,https://www.discogs.com/release/2049570,1978,"7"" - Playlist - 01 [#,A-C...]"
"Chad & Jeremy","Chad & Jeremy","Yesterday's Gone",https://www.discogs.com/release/4102626,1963,"7"" - Archive 02 - [..C-E...]"
"Chad Jackson","Chad Jackson","Hear  The Drummer (Get Wicked)",https://www.discogs.com/release/145162,1990,"7"" - Playlist - 01 [#,A-C...]"
"Chairmen Of The Board","Chairmen Of The Board","Give Me Just A Little More Time",https://www.discogs.com/release/1205333,1980,"7"" - Retro - 01 [#,A-G]"
"Chaka Demus & Pliers With Jack Radics & The Taxi Gang","Chaka Demus & Pliers With Jack Radics & The Taxi Gang","Twist And Shout",https://www.discogs.com/release/1050758,1993,"7"" - Archive 02 - [..C-E...]"
"Chaka Khan","Chaka Khan","Eye To Eye (Remix)",https://www.discogs.com/release/15408194,1985,"7"" - Playlist - 01 [#,A-C...]"
"Chaka Khan","Chaka Khan","I Feel For You",https://www.discogs.com/release/239028,1984,"7"" - Playlist - 01 [#,A-C...]"
"Chaka Khan","Chaka Khan","I'm Every Woman",https://www.discogs.com/release/5662790,1978,"7"" - Playlist - 01 [#,A-C...]"
"Chaka Khan","Chaka Khan","Life Is A Dance",https://www.discogs.com/release/2157582,1979,"7"" - Archive 02 - [..C-E...]"
"Chaka Khan","Chaka Khan","This Is My Night",https://www.discogs.com/release/10223098,1985,"7"" - Archive 02 - [..C-E...]"
"Champ's Boys Orchestra","Champ's Boys Orchestra","Tubular Bells",https://www.discogs.com/release/1494969,1976,"7"" - Archive 02 - [..C-E...]"
Champagne,Champagne,"I'm Gonna Miss You",https://www.discogs.com/release/6090655,1976,"7"" - Archive 02 - [..C-E...]"
Change,Change,"Say You Love Me Again",https://www.discogs.com/release/10683036,1984,"7"" - Archive 02 - [..C-E...]"
Change,Change,Searching,https://www.discogs.com/release/980345,1980,"7"" - Archive 02 - [..C-E...]"
Change,Change,"You Are My Melody",https://www.discogs.com/release/1234002,1984,"7"" - Archive 02 - [..C-E...]"
Charlatans,Charlatans,"Over Rising",https://www.discogs.com/release/623877,1991,"7"" - Archive 02 - [..C-E...]"
Charlene,Charlene,"I've Never Been To Me",https://www.discogs.com/release/7159777,1982,"7"" - Archive 02 - [..C-E...]"
"Charles & Eddie","Charles & Eddie","Would I Lie To You?",https://www.discogs.com/release/1663642,1992,"7"" - Playlist - 01 [#,A-C...]"
"Charles Aznavour","Charles Aznavour",She,https://www.discogs.com/release/20263933,1974,"7"" - Archive 02 - [..C-E...]"
"Charles Aznavour","Charles Aznavour","The OId Fashioned Way (Les Plaisirs Demodes)",https://www.discogs.com/release/10467927,1975,"7"" - Archive 02 - [..C-E...]"
"Charles Earland","Charles Earland","Let The Music Play",https://www.discogs.com/release/1131696,1978,"7"" - Archive 02 - [..C-E...]"
"Charles Penrose / George Formby / Stanley Holloway","Charles Penrose / George Formby / Stanley Holloway","The Laughing Policeman / The Window Cleaner / The Lion And Albert",https://www.discogs.com/release/1499090,1972,"7"" - Novelty [#,A-Z]"
"Charlie Daniels Band","Charlie Daniels Band","The Devil Went Down To Georgia",https://www.discogs.com/release/2225650,1979,"7"" - Playlist - 01 [#,A-C...]"
"Charlie Drake","Charlie Drake","My Boomerang Won't Come Back / She's My Girl",https://www.discogs.com/release/1838321,1961,"7"" - Novelty [#,A-Z]"
"Charlie Drake","Charlie Drake","Naughty / Old Mr. Shadow",https://www.discogs.com/release/3911572,1960,"7"" - Novelty [#,A-Z]"
"Charlie Rasp","Charlie Rasp","Randy Rooster",https://www.discogs.com/release/5512439,1974,"7"" - Archive 02 - [..C-E...]"
"Charlie Rich","Charlie Rich","A Field Of Yellow Daisies",https://www.discogs.com/release/4618121,1974,"7"" - Archive 02 - [..C-E...]"
"Charlie Rich","Charlie Rich","Behind Closed Doors",https://www.discogs.com/release/14083065,1973,"7"" - Archive 02 - [..C-E...]"
"Charlie Rich","Charlie Rich","The Most Beautiful Girl",https://www.discogs.com/release/765664,1973,"7"" - Retro - 01 [#,A-G]"
"Charlie Rich","Charlie Rich","We Love Each Other",https://www.discogs.com/release/5458861,"","7"" - Archive 02 - [..C-E...]"
"Chas And Dave","Chas And Dave","Ain't No Pleasing You",https://www.discogs.com/release/5738301,1982,"7"" - Novelty [#,A-Z]"
"Chas And Dave","Chas And Dave",Gertcha,https://www.discogs.com/release/16063384,1979,"7"" - Novelty [#,A-Z]"
"Chas And Dave","Chas And Dave","London Girls",https://www.discogs.com/release/656918,1983,"7"" - Novelty [#,A-Z]"
"Chas And Dave","Chas And Dave","Rabbit C/W Sideboard Song",https://www.discogs.com/release/8908511,1980,"7"" - Novelty [#,A-Z]"
"Chas And Dave","Chas And Dave","Stars Over 45",https://www.discogs.com/release/636233,1981,"7"" - Novelty [#,A-Z]"
"Chas And Dave With Rockney","Chas And Dave With Rockney","Strummin'",https://www.discogs.com/release/15354925,1978,"7"" - Novelty [#,A-Z]"
"Chas And Dave With The Matchroom Mob","Chas And Dave With The Matchroom Mob","The Romford Rap",https://www.discogs.com/release/3094626,1987,"7"" - Novelty [#,A-Z]"
"Chas Jankel","Chas Jankel","Looking At You",https://www.discogs.com/release/12757606,1985,"7"" - Archive 02 - [..C-E...]"
"Chas Jankel","Chas Jankel","No.1 ",https://www.discogs.com/release/4046754,1985,"7"" - Archive 02 - [..C-E...]"
"Cheap Trick","Cheap Trick","I Want You To Want Me",https://www.discogs.com/release/9251782,1979,"7"" - Playlist - 01 [#,A-C...]"
"Chelsea F.C.","Chelsea F.C.","Blue Is The Colour",https://www.discogs.com/release/1261194,1972,"7"" - Archive 02 - [..C-E...]"
Chequers,Chequers,"Rock On Brother",https://www.discogs.com/release/1498693,1975,"7"" - Archive 02 - [..C-E...]"
Chequers,Chequers,"Rudi's In Love / Ask For Reggae",https://www.discogs.com/release/1498231,1973,"7"" - Retro - 01 [#,A-G]"
Cher,Cher,"Bang Bang (My Baby Shot Me Down) / All I Really Want To Do",https://www.discogs.com/release/7250100,1984,"7"" - Playlist - 01 [#,A-C...]"
Cher,Cher,"Dark Lady",https://www.discogs.com/release/479242,1974,"7"" - Playlist - 01 [#,A-C...]"
Cher,Cher,"Gypsys, Tramps & Thieves",https://www.discogs.com/release/541897,1971,"7"" - Playlist - 01 [#,A-C...]"
Cher,Cher,"I Found Someone",https://www.discogs.com/release/3266865,1987,"7"" - Playlist - 01 [#,A-C...]"
Cher,Cher,"If I Could Turn Back Time",https://www.discogs.com/release/1717378,1989,"7"" - Playlist - 01 [#,A-C...]"
Cher,Cher,"Just Like Jesse James",https://www.discogs.com/release/3764414,1990,"7"" - Playlist - 01 [#,A-C...]"
Cher,Cher,"Love And Understanding",https://www.discogs.com/release/2319577,1991,"7"" - Playlist - 01 [#,A-C...]"
Cher,Cher,"The Shoop Shoop Song (It's In His Kiss)",https://www.discogs.com/release/3859650,1991,"7"" - Playlist - 01 [#,A-C...]"
Cheri,Cheri,"Murphy's Law",https://www.discogs.com/release/2781843,1982,"7"" - Archive 02 - [..C-E...]"
"Cherrelle With Alexander O'Neal","Cherrelle With Alexander O'Neal","Saturday Love",https://www.discogs.com/release/1247280,1985,"7"" - Archive 02 - [..C-E...]"
"Cherry Vanilla","Cherry Vanilla","The Punk",https://www.discogs.com/release/819111,1977,"7"" - Playlist - 01 [#,A-C...]"
"Cheryl Ladd","Cheryl Ladd","Think It Over",https://www.discogs.com/release/1132126,1978,"7"" - Retro - 01 [#,A-G]"
"Chesney Hawkes","Chesney Hawkes","I'm A Man Not A Boy",https://www.discogs.com/release/14456369,1991,"7"" - Archive 02 - [..C-E...]"
"Chesney Hawkes","Chesney Hawkes","The One And Only",https://www.discogs.com/release/432028,1991,"7"" - Playlist - 01 [#,A-C...]"
Chi-Lites,Chi-Lites,"(For God's Sake) Give More Power To The People",https://www.discogs.com/release/3212673,1971,"7"" - Archive 02 - [..C-E...]"
Chi-Lites,Chi-Lites,"Have You Seen Her? / Oh Girl",https://www.discogs.com/release/837793,1975,"7"" - Retro - 01 [#,A-G]"
Chi-Lites,Chi-Lites,"Homely Girl",https://www.discogs.com/release/690637,1974,"7"" - Archive 02 - [..C-E...]"
Chi-Lites,Chi-Lites,"It's Time For Love",https://www.discogs.com/release/472737,1975,"7"" - Archive 02 - [..C-E...]"
Chi-Lites,Chi-Lites,"You Don't Have To Go",https://www.discogs.com/release/1592819,1976,"7"" - Archive 02 - [..C-E...]"
Chic,Chic,"Dance, Dance, Dance (Yowsah, Yowsah, Yowsah)",https://www.discogs.com/release/219619,1977,"7"" - Playlist - 01 [#,A-C...]"
Chic,Chic,"Everybody Dance",https://www.discogs.com/release/212642,1978,"7"" - Playlist - 01 [#,A-C...]"
Chic,Chic,"Good Times",https://www.discogs.com/release/9075563,1979,"7"" - Playlist - 01 [#,A-C...]"
Chic,Chic,"I Want Your Love",https://www.discogs.com/release/353096,1979,"7"" - Playlist - 01 [#,A-C...]"
Chic,Chic,"Le Freak",https://www.discogs.com/release/3266882,1978,"7"" - Playlist - 01 [#,A-C...]"
Chic,Chic,"My Feet Keep Dancing",https://www.discogs.com/release/1800959,1979,"7"" - Playlist - 01 [#,A-C...]"
Chic,Chic,"My Forbidden Lover",https://www.discogs.com/release/10862772,1979,"7"" - Playlist - 01 [#,A-C...]"
Chicago,Chicago,"25 Or 6 To 4",https://www.discogs.com/release/479234,1970,"7"" - Retro - 01 [#,A-G]"
Chicago,Chicago,"Hard Habit To Break",https://www.discogs.com/release/591244,1984,"7"" - Playlist - 01 [#,A-C...]"
Chicago,Chicago,"Hard To Say I'm Sorry / Sonny Think Twice",https://www.discogs.com/release/17550136,1982,"7"" - Playlist - 01 [#,A-C...]"
Chicago,Chicago,"I'm A Man",https://www.discogs.com/release/4944383,1969,"7"" - Archive 02 - [..C-E...]"
Chicago,Chicago,"If You Leave Me Now",https://www.discogs.com/release/1742298,1976,"7"" - Playlist - 01 [#,A-C...]"
Chicago,Chicago,"You're The Inspiration",https://www.discogs.com/release/18293617,1984,"7"" - Playlist - 01 [#,A-C...]"
Chickadees,Chickadees,"Cow-Cow Boogie",https://www.discogs.com/release/4007186,1976,"7"" - Archive 02 - [..C-E...]"
"Chico DeBarge","Chico DeBarge","The Girl Next Door",https://www.discogs.com/release/6588268,1987,"7"" - Archive 02 - [..C-E...]"
"Chicory Tip","Chicory Tip","Son Of My Father",https://www.discogs.com/release/99649,1972,"7"" - Retro - 01 [#,A-G]"
"Chicory Tip","Chicory Tip","What's Your Name",https://www.discogs.com/release/1714633,1972,"7"" - Archive 02 - [..C-E...]"
Chiffons,Chiffons,"One Fine Day / Sweet Talking Guy",https://www.discogs.com/release/4509543,1969,"7"" - Retro - 01 [#,A-G]"
Child,Child,"It's Only Make Believe",https://www.discogs.com/release/3266893,1978,"7"" - Archive 02 - [..C-E...]"
Child,Child,"Only You (And You Alone)",https://www.discogs.com/release/4818047,1979,"7"" - Archive 02 - [..C-E...]"
"China Black","China Black","Almost See You (Somewhere)",https://www.discogs.com/release/2050233,1995,"7"" - Archive 02 - [..C-E...]"
"China Crisis","China Crisis","African And White (Remixed Version)",https://www.discogs.com/release/107767,1982,"7"" - Archive 02 - [..C-E...]"
"China Crisis","China Crisis","Black Man Ray",https://www.discogs.com/release/119634,1985,"7"" - Playlist - 01 [#,A-C...]"
"China Crisis","China Crisis",Christian,https://www.discogs.com/release/119635,1983,"7"" - Playlist - 01 [#,A-C...]"
"China Crisis","China Crisis","King In A Catholic Style (Wake Up)",https://www.discogs.com/release/148857,1985,"7"" - Playlist - 01 [#,A-C...]"
"China Crisis","China Crisis","Tragedy & Mystery",https://www.discogs.com/release/134929,1983,"7"" - Archive 02 - [..C-E...]"
"China Crisis","China Crisis","Wishful Thinking",https://www.discogs.com/release/679798,1983,"7"" - Playlist - 01 [#,A-C...]"
Chorale,Chorale,"Riu Riu",https://www.discogs.com/release/3472800,1978,"7"" - Archive 02 - [..C-E...]"
"Chris Barber","Chris Barber","The Chris Barber Jubilee Maxi Single 25",https://www.discogs.com/release/7852859,1975,"7"" - Archive 02 - [..C-E...]"
"Chris Barber's Jazz Band","Chris Barber's Jazz Band","Petite Fleur",https://www.discogs.com/release/5519771,1958,"7"" - Archive 02 - [..C-E...]"
"Chris De Burgh","Chris De Burgh","A Spaceman Came Travelling",https://www.discogs.com/release/7160812,1984,"7"" - Archive 02 - [..C-E...]"
"Chris De Burgh","Chris De Burgh","High On Emotion",https://www.discogs.com/release/419079,1984,"7"" - Playlist - 01 [#,A-C...]"
"Chris De Burgh","Chris de Burgh","Missing You",https://www.discogs.com/release/1684029,1988,"7"" - Archive 02 - [..C-E...]"
"Chris De Burgh","Chris De Burgh","Patricia The Stripper",https://www.discogs.com/release/4218314,1976,"7"" - Novelty [#,A-Z]"
"Chris De Burgh","Chris de Burgh","The Lady In Red",https://www.discogs.com/release/13200519,1986,"7"" - Playlist - 01 [#,A-C...]"
"Chris Farlowe","Chris Farlowe","Out Of Time",https://www.discogs.com/release/5708856,1966,"7"" - Retro - 01 [#,A-G]"
"Chris Hill","Chris Hill","Bionic Santa",https://www.discogs.com/release/1861919,1976,"7"" - Holiday [#,A-Z]"
"Chris Hill","Chris Hill","Renta Santa",https://www.discogs.com/release/1785237,1975,"7"" - Holiday [#,A-Z]"
"Chris Isaak","Chris Isaak","Wicked Game",https://www.discogs.com/release/1793013,1990,"7"" - Playlist - 01 [#,A-C...]"
"Chris Montez / Lonnie Mack","Chris Montez / Lonnie Mack","Let's Dance / Memphis",https://www.discogs.com/release/3544030,1979,"7"" - Archive 02 - [..C-E...]"
"Chris Rainbow","Chris Rainbow",Allnight,https://www.discogs.com/release/1468489,1976,"7"" - Archive 02 - [..C-E...]"
"Chris Rainbow","Chris Rainbow","Solid State Brain",https://www.discogs.com/release/2034427,1974,"7"" - Archive 02 - [..C-E...]"
"Chris Rea","Chris Rea","Hello Friend",https://www.discogs.com/release/2879155,1986,"7"" - Holiday [#,A-Z]"
"Chris Rea","Chris Rea","Let's Dance",https://www.discogs.com/release/1428179,1987,"7"" - Playlist - 01 [#,A-C...]"
"Chris Rea","Chris Rea","On The Beach (Summer '88)",https://www.discogs.com/release/10217109,1988,"7"" - Playlist - 01 [#,A-C...]"
"Chris Rea","Chris Rea","The Road To Hell (Parts 1 & 2)",https://www.discogs.com/release/1830781,1989,"7"" - Playlist - 01 [#,A-C...]"
"Chris Rea","Chris Rea","Whatever Happened To Benny Santini?",https://www.discogs.com/release/3291124,1978,"7"" - Archive 02 - [..C-E...]"
"Chris Sandford","Chris Sandford","Not Too Little - Not Too Much",https://www.discogs.com/release/19928857,1963,"7"" - Archive 02 - [..C-E...]"
"Chris Sandford & Bob Saker","Chris Sandford & Bob Saker","Stamp On A Skurff Today",https://www.discogs.com/release/1762883,1978,"7"" - Novelty [#,A-Z]"
"Chris Sievey","Chris Sievey",Camouflage,https://www.discogs.com/release/3178528,1983,"7"" - Archive 02 - [..C-E...]"
"Chris Spedding","Chris Spedding","Motor Bikin'",https://www.discogs.com/release/1531686,1975,"7"" - Retro - 01 [#,A-G]"
"Chris White","Chris White","Spanish Wine",https://www.discogs.com/release/2034453,1976,"7"" - Archive 02 - [..C-E...]"
Christians,Christians,"Born Again (Remix)",https://www.discogs.com/release/418941,1988,"7"" - Archive 02 - [..C-E...]"
Christians,Christians,"Forgotten Town",https://www.discogs.com/release/249503,1987,"7"" - Playlist - 01 [#,A-C...]"
Christians,Christians,"Harvest For The World",https://www.discogs.com/release/1212523,1988,"7"" - Playlist - 01 [#,A-C...]"
Christians,Christians,"Hooverville (And They Promised Us The World)",https://www.discogs.com/release/7158121,1987,"7"" - Playlist - 01 [#,A-C...]"
Christians,Christians,"Ideal World (Remix)",https://www.discogs.com/release/1362186,1987,"7"" - Playlist - 01 [#,A-C...]"
Christie,Christie,"Everything's Gonna Be Alright",https://www.discogs.com/release/3304713,1971,"7"" - Archive 02 - [..C-E...]"
Christie,Christie,"Fools Gold",https://www.discogs.com/release/7856956,1972,"7"" - Archive 02 - [..C-E...]"
Christie,Christie,"San Bernadino",https://www.discogs.com/release/8112396,1970,"7"" - Archive 02 - [..C-E...]"
Christie,Christie,"Yellow River",https://www.discogs.com/release/1717316,1970,"7"" - Retro - 01 [#,A-G]"
"Christopher Cross","Christopher Cross","All Right",https://www.discogs.com/release/2032321,1983,"7"" - Playlist - 01 [#,A-C...]"
"Christopher Cross","Christopher Cross","Arthur's Theme (Best That You Can Do)",https://www.discogs.com/release/10511502,1981,"7"" - Playlist - 01 [#,A-C...]"
"Christopher Cross","Christopher Cross","Think Of Laura",https://www.discogs.com/release/1867516,1983,"7"" - Archive 02 - [..C-E...]"
"Christy Newman","Christy Newman","Words And Music",https://www.discogs.com/release/5384637,1986,"7"" - Archive 02 - [..C-E...]"
"Chubby Checker","Chubby Checker","Let's Twist Again",https://www.discogs.com/release/13623376,1961,"7"" - Retro - 01 [#,A-G]"
"Chuck Berry","Chuck Berry","My Ding-A-Ling",https://www.discogs.com/release/4938587,1972,"7"" - Retro - 01 [#,A-G]"
"Chuck Berry","Chuck Berry","Reelin' And Rockin'",https://www.discogs.com/release/468649,1972,"7"" - Retro - 01 [#,A-G]"
"Chuck Cole","Chuck Cole","Your Loving / Stop Accusing Me",https://www.discogs.com/release/3720182,1981,"7"" - Archive 02 - [..C-E...]"
"Cilla Black","Cilla Black","Anyone Who Had A Heart",https://www.discogs.com/release/8194226,1964,"7"" - Retro - 01 [#,A-G]"
"Cilla Black","Cilla Black","Baby We Can't Go Wrong",https://www.discogs.com/release/1569065,1974,"7"" - Archive 02 - [..C-E...]"
"Cilla Black","Cilla Black","Step Inside Love",https://www.discogs.com/release/5763137,1968,"7"" - Archive 02 - [..C-E...]"
"Cilla Black","Cilla Black","You're My World (Il Mio Mondo)",https://www.discogs.com/release/1678663,1964,"7"" - Retro - 01 [#,A-G]"
"Cilla Black With Dusty Springfield","Cilla Black With Dusty Springfield","Heart And Soul",https://www.discogs.com/release/3271409,1993,"7"" - Archive 02 - [..C-E...]"
Cimarons,Cimarons,"Ready For Love / So Real",https://www.discogs.com/release/2844309,1981,"7"" - Archive 02 - [..C-E...]"
"Cissy Houston","Cissy Houston","Midnight Train To Georgia",https://www.discogs.com/release/1090279,1973,"7"" - Archive 02 - [..C-E...]"
"City Boy","City Boy",5.7.0.5.,https://www.discogs.com/release/3777714,1978,"7"" - Playlist - 01 [#,A-C...]"
"City Boy","City Boy","What A Night",https://www.discogs.com/release/1765110,1978,"7"" - Archive 02 - [..C-E...]"
"City Centre","City Centre","To Love Somebody",https://www.discogs.com/release/11949531,1981,"7"" - Archive 02 - [..C-E...]"
"City Limits Crew","City Limits Crew","Fresher Than Ever",https://www.discogs.com/release/3327516,1985,"7"" - Archive 02 - [..C-E...]"
"CJ Lewis","CJ Lewis","Sweets For My Sweet",https://www.discogs.com/release/9769211,1994,"7"" - Archive 02 - [..C-E...]"
"Claire And Friends","Claire And Friends","It's 'Orrible Being In Love (When You're 8½)",https://www.discogs.com/release/1199881,1986,"7"" - Novelty [#,A-Z]"
Clannad,Clannad,"Theme From Harry's Game",https://www.discogs.com/release/1054043,1982,"7"" - Playlist - 01 [#,A-C...]"
Clash,Clash,Bankrobber,https://www.discogs.com/release/12285257,1980,"7"" - Playlist - 01 [#,A-C...]"
Clash,Clash,"Clash City Rockers",https://www.discogs.com/release/11593078,"","7"" - Playlist - 01 [#,A-C...]"
Clash,Clash,"English Civil War (Johnny Comes Marching Home)",https://www.discogs.com/release/11581371,1979,"7"" - Playlist - 01 [#,A-C...]"
Clash,Clash,"London Calling",https://www.discogs.com/release/10552966,"","7"" - Playlist - 01 [#,A-C...]"
Clash,Clash,"Radio Clash",https://www.discogs.com/release/103696,1981,"7"" - Playlist - 01 [#,A-C...]"
Clash,Clash,"Rock The Casbah",https://www.discogs.com/release/23091494,1982,"7"" - Archive 01 - [#,A-C..]"
Clash,Clash,"The Cost Of Living E.P.",https://www.discogs.com/release/564360,1979,"7"" - Playlist - 01 [#,A-C...]"
Clash,Clash,"Tommy Gun",https://www.discogs.com/release/419082,1978,"7"" - Playlist - 01 [#,A-C...]"
Clash,Clash,"White Riot",https://www.discogs.com/release/7549304,1977,"7"" - Playlist - 01 [#,A-C...]"
Clash,"Clash & Ranking Roger","Rock The Casbah • Red Angel Dragnet",https://www.discogs.com/release/23291012,2022,"7"" - Playlist - 01 [#,A-C...]"
Clash,"Clash / Big Audio Dynamite II","Should I Stay Or Should I Go / Rush",https://www.discogs.com/release/6239639,1991,"7"" - Playlist - 01 [#,A-C...]"
"Classix Nouveaux","Classix Nouveaux","Is It A Dream",https://www.discogs.com/release/606778,1982,"7"" - Playlist - 01 [#,A-C...]"
"Classix Nouveaux","Classix Nouveaux",Tokyo,https://www.discogs.com/release/606775,1981,"7"" - Playlist - 01 [#,A-C...]"
"Claude Debussy, Friedrich Gulda","Claude Debussy, Friedrich Gulda","Suite Bergamasque",https://www.discogs.com/release/12325265,1960,"7"" - Archive 03 - [...E-J...]"
"Claude King","Claude King","Wolverton Mountain / Little Bitty Heart",https://www.discogs.com/release/11215181,1962,"7"" - Archive 02 - [..C-E...]"
"Cliff Bennett & His Band","Cliff Bennett & His Band","Back In The U.S.S.R.",https://www.discogs.com/release/3002953,1968,"7"" - Archive 02 - [..C-E...]"
"Cliff Richard","Cliff Richard","(You Keep Me) Hangin' On",https://www.discogs.com/release/1545997,1974,"7"" - Archive 02 - [..C-E...]"
"Cliff Richard","Cliff Richard","A Little In Love",https://www.discogs.com/release/1437347,1981,"7"" - Archive 02 - [..C-E...]"
"Cliff Richard","Cliff Richard","Baby You're Dynamite",https://www.discogs.com/release/2102060,1984,"7"" - Archive 02 - [..C-E...]"
"Cliff Richard","Cliff Richard",Carrie,https://www.discogs.com/release/2582827,1980,"7"" - Playlist - 01 [#,A-C...]"
"Cliff Richard","Cliff Richard","Cliff's Hit Parade",https://www.discogs.com/release/2180896,1962,"7"" - Archive 02 - [..C-E...]"
"Cliff Richard","Cliff Richard",Congratulations,https://www.discogs.com/release/759880,1968,"7"" - Retro - 01 [#,A-G]"
"Cliff Richard","Cliff Richard","Daddy's Home",https://www.discogs.com/release/553910,1981,"7"" - Archive 02 - [..C-E...]"
"Cliff Richard","Cliff Richard","Devil Woman",https://www.discogs.com/release/1437272,1976,"7"" - Playlist - 01 [#,A-C...]"
"Cliff Richard","Cliff Richard","Dreamin'",https://www.discogs.com/release/9313506,1980,"7"" - Archive 02 - [..C-E...]"
"Cliff Richard","Cliff Richard","From A Distance",https://www.discogs.com/release/2713348,1990,"7"" - Archive 02 - [..C-E...]"
"Cliff Richard","Cliff Richard","Heart User",https://www.discogs.com/release/5571175,1985,"7"" - Archive 02 - [..C-E...]"
"Cliff Richard","Cliff Richard","Hey Mr. Dream Maker",https://www.discogs.com/release/2234575,1976,"7"" - Archive 02 - [..C-E...]"
"Cliff Richard","Cliff Richard","I Can't Ask For Anymore Than You",https://www.discogs.com/release/1622955,1976,"7"" - Archive 02 - [..C-E...]"
"Cliff Richard","Cliff Richard","I Just Don't Have The Heart",https://www.discogs.com/release/5678908,1989,"7"" - Archive 02 - [..C-E...]"
"Cliff Richard","Cliff Richard","It's All In The Game",https://www.discogs.com/release/1179536,1963,"7"" - Archive 02 - [..C-E...]"
"Cliff Richard","Cliff Richard","It's In Every One Of Us",https://www.discogs.com/release/3043243,1985,"7"" - Archive 02 - [..C-E...]"
"Cliff Richard","Cliff Richard","Lean On You",https://www.discogs.com/release/673358,1989,"7"" - Archive 02 - [..C-E...]"
"Cliff Richard","Cliff Richard","Little Town",https://www.discogs.com/release/5744230,1982,"7"" - Holiday [#,A-Z]"
"Cliff Richard","Cliff Richard","Living In Harmony",https://www.discogs.com/release/3474334,1972,"7"" - Archive 02 - [..C-E...]"
"Cliff Richard","Cliff Richard","Miss You Nights",https://www.discogs.com/release/553924,1975,"7"" - Archive 02 - [..C-E...]"
"Cliff Richard","Cliff Richard","Mistletoe & Wine",https://www.discogs.com/release/7618280,1988,"7"" - Holiday [#,A-Z]"
"Cliff Richard","Cliff Richard","More To Life",https://www.discogs.com/release/3753086,1991,"7"" - Archive 02 - [..C-E...]"
"Cliff Richard","Cliff Richard","My Pretty One",https://www.discogs.com/release/553926,1987,"7"" - Archive 02 - [..C-E...]"
"Cliff Richard","Cliff Richard","Never Say Die (Give A Little Bit More)",https://www.discogs.com/release/1857661,1983,"7"" - Archive 02 - [..C-E...]"
"Cliff Richard","Cliff Richard","Please Don't Fall In Love",https://www.discogs.com/release/4352122,1983,"7"" - Archive 02 - [..C-E...]"
"Cliff Richard","Cliff Richard","Please Remember Me",https://www.discogs.com/release/5410987,1978,"7"" - Archive 02 - [..C-E...]"
"Cliff Richard","Cliff Richard","Power To All Our Friends",https://www.discogs.com/release/15350893,1973,"7"" - Retro - 01 [#,A-G]"
"Cliff Richard","Cliff Richard","Saviours Day",https://www.discogs.com/release/1437502,1990,"7"" - Holiday [#,A-Z]"
"Cliff Richard","Cliff Richard","She's So Beautiful",https://www.discogs.com/release/553929,1985,"7"" - Archive 02 - [..C-E...]"
"Cliff Richard","Cliff Richard","Shooting From The Heart",https://www.discogs.com/release/3251002,1984,"7"" - Archive 02 - [..C-E...]"
"Cliff Richard","Cliff Richard",Silhouettes,https://www.discogs.com/release/1762141,1990,"7"" - Archive 02 - [..C-E...]"
"Cliff Richard","Cliff Richard","Sing A Song Of Freedom",https://www.discogs.com/release/1716012,1971,"7"" - Archive 02 - [..C-E...]"
"Cliff Richard","Cliff Richard","Some People",https://www.discogs.com/release/5287565,1987,"7"" - Archive 02 - [..C-E...]"
"Cliff Richard","Cliff Richard","Stronger Than That",https://www.discogs.com/release/12261624,1990,"7"" - Archive 02 - [..C-E...]"
"Cliff Richard","Cliff Richard","Take Me High",https://www.discogs.com/release/2725702,1973,"7"" - Archive 02 - [..C-E...]"
"Cliff Richard","Cliff Richard","The Best Of Me",https://www.discogs.com/release/5814331,1989,"7"" - Archive 02 - [..C-E...]"
"Cliff Richard","Cliff Richard","The Only Way Out",https://www.discogs.com/release/1745154,1982,"7"" - Archive 02 - [..C-E...]"
"Cliff Richard","Cliff Richard","The Twelfth Of Never",https://www.discogs.com/release/1674823,1964,"7"" - Archive 02 - [..C-E...]"
"Cliff Richard","Cliff Richard",Visions,https://www.discogs.com/release/1856378,1966,"7"" - Archive 02 - [..C-E...]"
"Cliff Richard","Cliff Richard","We Don't Talk Anymore",https://www.discogs.com/release/7487372,1979,"7"" - Playlist - 01 [#,A-C...]"
"Cliff Richard","Cliff Richard","Wind Me Up (Let Me Go)",https://www.discogs.com/release/17917990,1965,"7"" - Archive 02 - [..C-E...]"
"Cliff Richard","Cliff Richard","Wired For Sound",https://www.discogs.com/release/1746718,1981,"7"" - Playlist - 01 [#,A-C...]"
"Cliff Richard & The Drifters","Cliff Richard & The Drifters","Living Doll",https://www.discogs.com/release/9595868,"","7"" - Retro - 01 [#,A-G]"
"Cliff Richard & The Drifters","Cliff Richard & The Drifters","Move It!",https://www.discogs.com/release/5001989,1982,"7"" - Archive 02 - [..C-E...]"
"Cliff Richard & The Shadows","Cliff Richard & The Shadows","A Voice In The Wilderness",https://www.discogs.com/release/553914,1960,"7"" - Archive 02 - [..C-E...]"
"Cliff Richard & The Shadows","Cliff Richard & The Shadows","Don't Talk To Him",https://www.discogs.com/release/10227061,1963,"7"" - Archive 02 - [..C-E...]"
"Cliff Richard & The Shadows","Cliff Richard & The Shadows","Expresso Bongo",https://www.discogs.com/release/553903,1960,"7"" - Archive 02 - [..C-E...]"
"Cliff Richard & The Shadows","Cliff Richard & The Shadows","Hits From ""Summer Holiday""",https://www.discogs.com/release/11154081,1963,"7"" - Retro - 01 [#,A-G]"
"Cliff Richard & The Shadows","Cliff Richard & The Shadows","I Could Easily Fall (In Love With You)",https://www.discogs.com/release/1006484,1964,"7"" - Archive 02 - [..C-E...]"
"Cliff Richard & The Shadows","Cliff Richard & The Shadows","The Next Time / Bachelor Boy",https://www.discogs.com/release/1999991,1982,"7"" - Archive 02 - [..C-E...]"
"Cliff Richard & The Shadows","Cliff Richard & The Shadows","The Young Ones",https://www.discogs.com/release/11854847,1982,"7"" - Retro - 01 [#,A-G]"
"Cliff Richard & The Shadows","Cliff Richard & The Shadows","Time Drags By",https://www.discogs.com/release/1502254,1966,"7"" - Archive 02 - [..C-E...]"
"Cliff Richard & The Shadows","Cliff Richard & The Shadows","Travellin' Light",https://www.discogs.com/release/4828976,1959,"7"" - Archive 02 - [..C-E...]"
"Cliff Richard With The London Philharmonic Orchestra","Cliff Richard With The London Philharmonic Orchestra","True Love Ways",https://www.discogs.com/release/1764584,1983,"7"" - Archive 02 - [..C-E...]"
"Cliff Richard, Sarah Brightman","Cliff Richard, Sarah Brightman","All I Ask Of You",https://www.discogs.com/release/5745228,1986,"7"" - Archive 02 - [..C-E...]"
"Clifford T. Ward","Clifford T. Ward",Gaye,https://www.discogs.com/release/1587812,1973,"7"" - Archive 02 - [..C-E...]"
"Cliffords Brass Barrell","Cliffords Brass Barrell","Jesus Christ Superstar",https://www.discogs.com/release/7782737,1974,"7"" - Archive 02 - [..C-E...]"
"Climax Blues Band","Climax Blues Band","Couldn't Get It Right",https://www.discogs.com/release/1451989,1976,"7"" - Retro - 01 [#,A-G]"
"Climie Fisher","Climie Fisher","Love Changes (Everything)",https://www.discogs.com/release/1135697,1988,"7"" - Playlist - 02 [...C-F]"
"Clint Eastwood And General Saint","Clint Eastwood And General Saint","Stop That Train",https://www.discogs.com/release/813721,1983,"7"" - Playlist - 02 [...C-F]"
"Clinton Ford","Clinton Ford","Dance With A Dolly (With A Hole In Her Stocking)",https://www.discogs.com/release/2725094,1967,"7"" - Archive 02 - [..C-E...]"
"Clinton Ford","Clinton Ford","Fanlight Fanny",https://www.discogs.com/release/2301615,1962,"7"" - Archive 02 - [..C-E...]"
"Clinton Ford","Clinton Ford","Nellie Dean Rock",https://www.discogs.com/release/2184695,1959,"7"" - Archive 02 - [..C-E...]"
"Clive Allan Orchestra And Singers","Clive Allan Orchestra And Singers","Wanderin' Star",https://www.discogs.com/release/3210377,1970,"7"" - Archive 07 - [...T-Z]"
"Clive Dunn","Clive Dunn",Grandad,https://www.discogs.com/release/1734320,1970,"7"" - Novelty [#,A-Z]"
"Clodagh Rodgers","Clodagh Rodgers","Save Me",https://www.discogs.com/release/2205837,1976,"7"" - Archive 02 - [..C-E...]"
Clout,Clout,"Let It Grow",https://www.discogs.com/release/2763748,1978,"7"" - Archive 02 - [..C-E...]"
Clout,Clout,Substitute,https://www.discogs.com/release/1452035,1978,"7"" - Playlist - 02 [...C-F]"
"Club House","Club House","Do It Again / Billie Jean",https://www.discogs.com/release/645691,1983,"7"" - Archive 02 - [..C-E...]"
"Club Nouveau","Club Nouveau","Lean On Me",https://www.discogs.com/release/1167975,1987,"7"" - Playlist - 02 [...C-F]"
Clubsound,Clubsound,"The Ballymoor Grousebeaters",https://www.discogs.com/release/10166930,1978,"7"" - Archive 02 - [..C-E...]"
"Co Co","Co Co","Bad Old Days",https://www.discogs.com/release/4906763,1978,"7"" - Retro - 01 [#,A-G]"
"Coast To Coast","Coast To Coast","(Do) The Hucklebuck",https://www.discogs.com/release/3144513,1980,"7"" - Archive 02 - [..C-E...]"
"Coast To Coast","Coast To Coast","Let's Jump The Broomstick",https://www.discogs.com/release/1856247,1981,"7"" - Archive 02 - [..C-E...]"
"Cock Robin","Cock Robin","The Promise You Made",https://www.discogs.com/release/12985260,1985,"7"" - Archive 02 - [..C-E...]"
"Cockney Rebel","Cockney Rebel","Judy Teen",https://www.discogs.com/release/4852420,1974,"7"" - Archive 02 - [..C-E...]"
"Cockney Rebel","Cockney Rebel","Mr. Soft",https://www.discogs.com/release/16681497,1974,"7"" - Retro - 01 [#,A-G]"
"Cockney Rejects","Cockney Rejects","I'm Forever Blowing Bubbles",https://www.discogs.com/release/425063,1980,"7"" - Playlist - 02 [...C-F]"
"Cockney Rejects","Cockney Rejects","The Greatest Cockney Rip-off",https://www.discogs.com/release/419028,1980,"7"" - Playlist - 02 [...C-F]"
Coffee,Coffee,Casanova,https://www.discogs.com/release/2059213,1980,"7"" - Archive 02 - [..C-E...]"
Coldcut,Coldcut,"Doctorin' The House",https://www.discogs.com/release/77420,1988,"7"" - Playlist - 02 [...C-F]"
"Coldcut Featuring Junior Reid And Ahead Of Our Time Orchestra","Coldcut Featuring Junior Reid And Ahead Of Our Time Orchestra","Stop This Crazy Thing",https://www.discogs.com/release/16086594,1988,"7"" - Archive 02 - [..C-E...]"
"Coldcut Featuring Lisa Stansfield","Coldcut Featuring Lisa Stansfield","People Hold On",https://www.discogs.com/release/352303,1989,Uncategorized
"Colin Blunstone","Colin Blunstone","Say You Don't Mind",https://www.discogs.com/release/478948,1972,"7"" - Retro - 01 [#,A-G]"
"Collin Raye","Collin Raye","Love, Me / Blue Magic",https://www.discogs.com/release/5191850,1992,"7"" - Archive 02 - [..C-E...]"
"Colonel Abrams","Colonel Abrams","Trapped (7"" Version)",https://www.discogs.com/release/591146,1985,"7"" - Playlist - 02 [...C-F]"
Colourfield,Colourfield,"Thinking Of You",https://www.discogs.com/release/4956950,1985,"7"" - Archive 02 - [..C-E...]"
"Comic Relief Presents Cliff Richard And The Young Ones Featuring Hank Marvin","Comic Relief Presents Cliff Richard And The Young Ones Featuring Hank Marvin","Living Doll",https://www.discogs.com/release/852084,1986,"7"" - Novelty [#,A-Z]"
Commodores,Commodores,Easy,https://www.discogs.com/release/1176037,1988,"7"" - Archive 02 - [..C-E...]"
Commodores,Commodores,Nightshift,https://www.discogs.com/release/775607,1985,"7"" - Archive 02 - [..C-E...]"
Commodores,Commodores,"Sail On",https://www.discogs.com/release/7783821,1979,"7"" - Archive 02 - [..C-E...]"
Commodores,Commodores,Still,https://www.discogs.com/release/957170,1979,"7"" - Archive 02 - [..C-E...]"
Commodores,Commodores,"Three Times A Lady",https://www.discogs.com/release/9281124,1978,"7"" - Archive 02 - [..C-E...]"
Commodores,Commodores,Zoom,https://www.discogs.com/release/1193328,1977,"7"" - Archive 02 - [..C-E...]"
Communards,Communards,"Never Can Say Goodbye",https://www.discogs.com/release/14507049,1987,"7"" - Playlist - 02 [...C-F]"
Communards,Communards,"So Cold The Night",https://www.discogs.com/release/1502725,1986,"7"" - Playlist - 02 [...C-F]"
Communards,Communards,"So Cold The Night / Don't Leave Me This Way",https://www.discogs.com/release/3357749,1986,"7"" - Archive 02 - [..C-E...]"
Communards,Communards,Tomorrow,https://www.discogs.com/release/347571,1987,"7"" - Playlist - 02 [...C-F]"
Communards,"Communards / Jimmy Somerville – Richard Coles","You Are My World",https://www.discogs.com/release/4747466,1985,"7"" - Playlist - 02 [...C-F]"
Communards,"Communards With Sarah Jane Morris","Don't Leave Me This Way  ",https://www.discogs.com/release/133235,1986,"7"" - Playlist - 02 [...C-F]"
Congregation,Congregation,"Softly Whispering I Love You",https://www.discogs.com/release/729327,1971,"7"" - Retro - 01 [#,A-G]"
"Connie Francis","Connie Francis","Among My Souvenirs",https://www.discogs.com/release/584767,1959,"7"" - Archive 02 - [..C-E...]"
"Connie Francis","Connie Francis","Burning Bridges",https://www.discogs.com/release/10175581,1977,"7"" - Archive 02 - [..C-E...]"
"Connie Francis","Connie Francis","Everybody's Somebody's Fool",https://www.discogs.com/release/6854491,1960,"7"" - Retro - 01 [#,A-G]"
"Connie Francis","Connie Francis","Lipstick On Your Collar ",https://www.discogs.com/release/11023143,1959,"7"" - Retro - 01 [#,A-G]"
"Connie Francis","Connie Francis",Mama,https://www.discogs.com/release/541885,1960,"7"" - Archive 02 - [..C-E...]"
"Connie Francis","Connie Francis","Many Tears Ago / Senza Mama (With No One)",https://www.discogs.com/release/3715982,1960,"7"" - Archive 02 - [..C-E...]"
"Connie Francis","Connie Francis","Stupid Cupid / Carolina Moon",https://www.discogs.com/release/490071,1958,"7"" - Retro - 01 [#,A-G]"
"Connie Francis","Connie Francis","Together / Too Many Rules",https://www.discogs.com/release/16255006,1961,"7"" - Archive 02 - [..C-E...]"
"Conway Twitty","Conway Twitty","It's Only Make Believe",https://www.discogs.com/release/4684823,1958,"7"" - Retro - 01 [#,A-G]"
"Cool Breeze","Cool Breeze","Do It Some More",https://www.discogs.com/release/2047492,1975,"7"" - Archive 02 - [..C-E...]"
"Cool Breeze","Cool Breeze","Mony Mony",https://www.discogs.com/release/8637707,"","7"" - Archive 02 - [..C-E...]"
"Cool Breeze","Cool Breeze","You And I Could Make Such Sweet Music",https://www.discogs.com/release/13006168,1975,"7"" - Archive 02 - [..C-E...]"
"Cool Notes","Cool Notes","Spend The Night",https://www.discogs.com/release/2331223,1985,"7"" - Archive 02 - [..C-E...]"
Cordells,Cordells,"Don't Take Your Love Away",https://www.discogs.com/release/10808113,1975,"7"" - Archive 02 - [..C-E...]"
"Cowboys International","Cowboys International","Today Today",https://www.discogs.com/release/2839565,1980,"7"" - Archive 02 - [..C-E...]"
Cowsills,Cowsills,"Indian Lake / Newspaper Blanket",https://www.discogs.com/release/3373443,1968,"7"" - Archive 02 - [..C-E...]"
"Cozy Powell","Cozy Powell","Dance With The Devil",https://www.discogs.com/release/413987,1973,"7"" - Retro - 01 [#,A-G]"
"Cozy Powell","Cozy Powell","Na Na Na",https://www.discogs.com/release/477375,1974,"7"" - Archive 02 - [..C-E...]"
"Craig Douglas","Craig Douglas","A Hundred Pounds Of Clay",https://www.discogs.com/release/6075559,1961,"7"" - Archive 02 - [..C-E...]"
"Craig Douglas","Craig Douglas","Oh, Lonesome Me",https://www.discogs.com/release/756381,1962,"7"" - Archive 02 - [..C-E...]"
"Craig Douglas","Craig Douglas","Only Sixteen",https://www.discogs.com/release/7072318,1959,"7"" - Retro - 01 [#,A-G]"
"Craig Douglas","Craig Douglas","Pretty Blue Eyes",https://www.discogs.com/release/27575589,1960,"7"" - Archive 02 - [..C-E...]"
"Craig Douglas","Craig Douglas","Town Crier",https://www.discogs.com/release/1749802,1963,"7"" - Archive 02 - [..C-E...]"
"Craig McLachlan & Check 1-2","Craig McLachlan & Check 1-2",Mona,https://www.discogs.com/release/2601239,1990,"7"" - Archive 02 - [..C-E...]"
Cramps,Cramps,"Can Your Pussy Do The Dog?",https://www.discogs.com/release/2224938,1985,"7"" - Playlist - 02 [...C-F]"
"Crazy World Of Arthur Brown","Crazy World Of Arthur Brown","Fire !",https://www.discogs.com/release/6672570,1968,"7"" - Retro - 01 [#,A-G]"
Cream,Cream,"Sunshine Of Your Love",https://www.discogs.com/release/4023042,1967,"7"" - Retro - 01 [#,A-G]"
"Creedence Clearwater Revival","Creedence Clearwater Revival","Bad Moon Rising / Proud Mary / Green River",https://www.discogs.com/release/4016837,1977,"7"" - Retro - 01 [#,A-G]"
Crickets,Crickets,"Maybe Baby",https://www.discogs.com/release/6595816,1958,"7"" - Archive 02 - [..C-E...]"
"Crispian St. Peters","Crispian St. Peters","You Were On My Mind",https://www.discogs.com/release/5518815,1965,"7"" - Archive 02 - [..C-E...]"
Crofters,Crofters,"Four More From The Crofters",https://www.discogs.com/release/4970789,"","7"" - Archive 02 - [..C-E...]"
"Crown Court","Crown Court","Tick Talk / Hooligans On 'E'",https://www.discogs.com/release/29075635,2023,"7"" - Archive 02 - [..C-E...]"
"Crown Heights Affair","Crown Heights Affair","Galaxy Of Love",https://www.discogs.com/release/1644307,1978,"7"" - Playlist - 02 [...C-F]"
"Crown Heights Affair","Crown Heights Affair","You Gave Me Love / Use Your Body & Soul",https://www.discogs.com/release/1036322,1980,"7"" - Archive 02 - [..C-E...]"
Crows,Crows,Takayama,https://www.discogs.com/release/3125405,1987,"7"" - Archive 02 - [..C-E...]"
Crusaders,Crusaders,"Street Life",https://www.discogs.com/release/11433960,1979,"7"" - Playlist - 02 [...C-F]"
"Crystal Gayle","Crystal Gayle","Don't It Make My Brown Eyes Blue",https://www.discogs.com/release/1260481,1977,"7"" - Retro - 01 [#,A-G]"
"Crystal Gayle","Crystal Gayle","Talking In Your Sleep",https://www.discogs.com/release/1469820,1978,"7"" - Retro - 01 [#,A-G]"
"Crystal Gayle","Crystal Gayle","Why Have You Left The One You Left Me For",https://www.discogs.com/release/2745500,1979,"7"" - Archive 02 - [..C-E...]"
"Crystal Waters","Crystal Waters","Gypsy Woman (La Da Dee)",https://www.discogs.com/release/303895,1991,"7"" - Playlist - 02 [...C-F]"
"Cuff Links","Cuff Links","When Julie Comes Around / Sally Ann (You're Such A Pretty Baby)",https://www.discogs.com/release/2204909,1970,"7"" - Archive 02 - [..C-E...]"
Cult,Cult,"Fire Woman",https://www.discogs.com/release/1246463,1989,"7"" - Playlist - 02 [...C-F]"
Cult,Cult,"Lil' Devil",https://www.discogs.com/release/1246346,1987,"7"" - Archive 02 - [..C-E...]"
Cult,Cult,Rain,https://www.discogs.com/release/887091,1985,"7"" - Playlist - 02 [...C-F]"
Cult,Cult,Revolution,https://www.discogs.com/release/1171223,1985,"7"" - Playlist - 02 [...C-F]"
Cult,Cult,"She Sells Sanctuary",https://www.discogs.com/release/423124,1985,"7"" - Playlist - 02 [...C-F]"
"Culture Beat","Culture Beat","Got To Get It",https://www.discogs.com/release/1899862,1993,"7"" - Playlist - 02 [...C-F]"
"Culture Club & Boy George","Boy George","Everything I Own",https://www.discogs.com/release/1653411,1987,"7"" - Playlist - 02 [...C-F]"
"Culture Club & Boy George","Boy George","Keep Me In Mind",https://www.discogs.com/release/1387495,1987,"7"" - Archive 01 - [#,A-C..]"
"Culture Club & Boy George","Culture Club","Church Of The Poison Mind",https://www.discogs.com/release/533594,1983,"7"" - Playlist - 02 [...C-F]"
"Culture Club & Boy George","Culture Club","Do You Really Want To Hurt Me",https://www.discogs.com/release/12614757,1982,"7"" - Playlist - 02 [...C-F]"
"Culture Club & Boy George","Culture Club","God Thank You Woman",https://www.discogs.com/release/1237168,1986,"7"" - Playlist - 02 [...C-F]"
"Culture Club & Boy George","Culture Club","It's A Miracle",https://www.discogs.com/release/1681543,1984,"7"" - Playlist - 02 [...C-F]"
"Culture Club & Boy George","Culture Club","Karma Chameleon",https://www.discogs.com/release/11927600,1983,"7"" - Playlist - 02 [...C-F]"
"Culture Club & Boy George","Culture Club","Move Away",https://www.discogs.com/release/946058,1986,"7"" - Playlist - 02 [...C-F]"
"Culture Club & Boy George","Culture Club","The Medal Song",https://www.discogs.com/release/1462935,1984,"7"" - Playlist - 02 [...C-F]"
"Culture Club & Boy George","Culture Club","The War Song",https://www.discogs.com/release/858688,1984,"7"" - Playlist - 02 [...C-F]"
"Culture Club & Boy George","Culture Club","Time (Clock Of The Heart)",https://www.discogs.com/release/14935420,1982,"7"" - Playlist - 02 [...C-F]"
"Culture Club & Boy George","Culture Club",Victims,https://www.discogs.com/release/572329,1983,"7"" - Playlist - 02 [...C-F]"
"Culture Club & Boy George","Jesus Loves You","Bow Down Mister / Love Hurts",https://www.discogs.com/release/6202359,1991,"7"" - Playlist - 02 [...C-F]"
Cure,Cure,"Boys Don't Cry (86 Mix)",https://www.discogs.com/release/37132797,2026,"7"" - Playlist - 02 [...C-F]"
Cure,Cure,"Close To Me",https://www.discogs.com/release/612863,1985,"7"" - Playlist - 02 [...C-F]"
Cure,Cure,"Killing An Arab",https://www.discogs.com/release/8626487,1979,"7"" - Playlist - 02 [...C-F]"
Cure,Cure,"Let's Go To Bed",https://www.discogs.com/release/3549136,1982,"7"" - Playlist - 02 [...C-F]"
Cure,Cure,Lovesong,https://www.discogs.com/release/1755752,1989,"7"" - Playlist - 02 [...C-F]"
Cure,Cure,"Never Enough",https://www.discogs.com/release/117600,1990,"7"" - Playlist - 02 [...C-F]"
Cure,Cure,"The Caterpillar",https://www.discogs.com/release/612860,1984,"7"" - Playlist - 02 [...C-F]"
Cure,Cure,"The Love Cats",https://www.discogs.com/release/474457,1983,"7"" - Playlist - 02 [...C-F]"
"Curiosity Killed The Cat",Curiosity,"Hang On In There Baby",https://www.discogs.com/release/3814264,1992,"7"" - Playlist - 02 [...C-F]"
"Curiosity Killed The Cat","Curiosity Killed The Cat","Down To Earth",https://www.discogs.com/release/1136536,1986,"7"" - Playlist - 02 [...C-F]"
"Curiosity Killed The Cat","Curiosity Killed The Cat",Free,https://www.discogs.com/release/1623039,1987,"7"" - Archive 02 - [..C-E...]"
"Curiosity Killed The Cat","Curiosity Killed The Cat",Misfit,https://www.discogs.com/release/658435,1987,"7"" - Playlist - 02 [...C-F]"
"Curiosity Killed The Cat","Curiosity Killed The Cat","Ordinary Day",https://www.discogs.com/release/1740137,1987,"7"" - Playlist - 02 [...C-F]"
"Curt Boettcher","Curt Boettcher","I Love You More Each Day",https://www.discogs.com/release/16102006,1973,"7"" - Archive 02 - [..C-E...]"
"Curtis Mayfield","Curtis Mayfield","Kung Fu",https://www.discogs.com/release/1064000,1974,"7"" - Archive 02 - [..C-E...]"
"Curtis Stigers","Curtis Stigers","I Wonder Why",https://www.discogs.com/release/15309952,1991,"7"" - Playlist - 02 [...C-F]"
"Curved Air","Curved Air","Back Street Luv (Live)",https://www.discogs.com/release/1802655,1975,"7"" - Archive 02 - [..C-E...]"
"Cutting Crew","Cutting Crew","(I Just) Died In Your Arms",https://www.discogs.com/release/1137510,1986,"7"" - Playlist - 02 [...C-F]"
"Cutting Crew","Cutting Crew","I've Been In Love Before",https://www.discogs.com/release/1471398,1986,"7"" - Playlist - 02 [...C-F]"
"Cyndi Lauper","Cyndi Lauper","Girls Just Want To Have Fun",https://www.discogs.com/release/1594389,1983,"7"" - Playlist - 02 [...C-F]"
"Cyndi Lauper","Cyndi Lauper","I Drove All Night",https://www.discogs.com/release/9094910,1989,"7"" - Playlist - 02 [...C-F]"
"Cyndi Lauper","Cyndi Lauper","Time After Time",https://www.discogs.com/release/4690875,1984,"7"" - Playlist - 02 [...C-F]"
"Cyndi Lauper","Cyndi Lauper","True Colors",https://www.discogs.com/release/2097808,1986,"7"" - Playlist - 02 [...C-F]"
"Cyril Stapleton","Cyril Stapleton","The Theme From The Power Game",https://www.discogs.com/release/5794601,1966,"7"" - Archive 02 - [..C-E...]"
"D Mob Featuring Gary Haisman","D Mob Featuring Gary Haisman","We Call It Acieeed",https://www.discogs.com/release/21724504,1988,"7"" - Playlist - 02 [...C-F]"
D-Train,D-Train,"You're The One For Me",https://www.discogs.com/release/1497689,1981,"7"" - Playlist - 02 [...C-F]"
"Dale Hargreaves","Dale Hargreaves","The Eastern Side",https://www.discogs.com/release/6345481,1983,"7"" - Archive 02 - [..C-E...]"
Dalida,Dalida,"The Lambeth Walk",https://www.discogs.com/release/17671297,1979,"7"" - Archive 02 - [..C-E...]"
Damian,Damian,"The Time Warp",https://www.discogs.com/release/264606,1989,"7"" - Playlist - 02 [...C-F]"
Damian,Damian,"The Time Warp II",https://www.discogs.com/release/3603229,1987,"7"" - Archive 02 - [..C-E...]"
Damned,Damned,"Alone Again Or",https://www.discogs.com/release/729291,1987,"7"" - Archive 02 - [..C-E...]"
Damned,Damned,Eloise,https://www.discogs.com/release/848758,1986,"7"" - Playlist - 02 [...C-F]"
Damned,Damned,Gigolo,https://www.discogs.com/release/2545719,1986,"7"" - Archive 02 - [..C-E...]"
Damned,Damned,"Grimly Fiendish",https://www.discogs.com/release/10620973,1985,"7"" - Playlist - 02 [...C-F]"
Damned,Damned,"I Just Can't Be Happy Today",https://www.discogs.com/release/640147,1979,"7"" - Playlist - 02 [...C-F]"
Damned,Damned,"Love Song",https://www.discogs.com/release/2707896,1979,"7"" - Playlist - 02 [...C-F]"
Damned,Damned,"New Rose / Help",https://www.discogs.com/release/10093710,2017,"7"" - Playlist - 02 [...C-F]"
Damned,Damned,"See Emily Play",https://www.discogs.com/release/36248560,2026,"7"" - Playlist - 02 [...C-F]"
Damned,Damned,"Smash It Up",https://www.discogs.com/release/432307,1979,"7"" - Playlist - 02 [...C-F]"
Damned,Damned,"Summer In The City",https://www.discogs.com/release/36248374,2026,"7"" - Playlist - 02 [...C-F]"
Damned,Damned,"The Shadow Of Love (Edition Première)",https://www.discogs.com/release/2801864,1985,"7"" - Playlist - 02 [...C-F]"
Damned,Damned,"There's A Ghost In My House",https://www.discogs.com/release/36223333,2025,"7"" - Playlist - 02 [...C-F]"
"Dan Hartman","Dan Hartman","Boogie All Summer",https://www.discogs.com/release/2081764,1979,"7"" - Archive 02 - [..C-E...]"
"Dan Hartman","Dan Hartman","I Can Dream About You",https://www.discogs.com/release/2338566,1985,"7"" - Retro - 01 [#,A-G]"
"Dan Hartman","Dan Hartman","Instant Replay",https://www.discogs.com/release/1154559,1978,"7"" - Retro - 01 [#,A-G]"
"Dan Hartman","Dan Hartman","This Is It",https://www.discogs.com/release/1795976,1979,"7"" - Retro - 01 [#,A-G]"
"Dan Hill","Dan Hill","Sometimes When We Touch",https://www.discogs.com/release/14316809,1977,"7"" - Archive 02 - [..C-E...]"
"Dan McCafferty","Dan McCafferty","Whatcha Gonna Do 'Bout It",https://www.discogs.com/release/1885891,1975,"7"" - Archive 02 - [..C-E...]"
"Dan's Band","Dan's Band","Annie The Dancer / Lelly I Love You",https://www.discogs.com/release/5950069,1974,"7"" - Archive 02 - [..C-E...]"
Dana,Dana,"All Kinds Of Everything",https://www.discogs.com/release/3126930,1970,"7"" - Archive 02 - [..C-E...]"
Dana,Dana,"Corner Of The Sky / Morning Glow",https://www.discogs.com/release/2213885,1973,"7"" - Archive 02 - [..C-E...]"
Dana,Dana,Dana,https://www.discogs.com/release/4499332,1983,"7"" - Archive 02 - [..C-E...]"
Dana,Dana,Fairytale,https://www.discogs.com/release/1421111,1976,"7"" - Archive 02 - [..C-E...]"
Dana,Dana,"It's Gonna Be A Cold Cold Christmas",https://www.discogs.com/release/2598905,1975,"7"" - Holiday [#,A-Z]"
Dana,Dana,"Who Put The Lights Out",https://www.discogs.com/release/1470682,1971,"7"" - Archive 02 - [..C-E...]"
"Daniel Boone","Daniel Boone","Beautiful Sunday / Truly Julie",https://www.discogs.com/release/11440247,1978,"7"" - Archive 02 - [..C-E...]"
"Daniel Boone","Daniel Boone",Skydiver,https://www.discogs.com/release/5812408,1973,"7"" - Archive 02 - [..C-E...]"
"Danielle Dax","Danielle Dax","Where The Flies Are / When I Was Young",https://www.discogs.com/release/814086,1986,"7"" - Archive 02 - [..C-E...]"
"Danny & The Juniors","Danny & The Juniors","At The Hop / Rock And Roll Is Here To Stay",https://www.discogs.com/release/10848173,"","7"" - Retro - 01 [#,A-G]"
"Danny La Rue","Danny La Rue","Peggy O'Neil",https://www.discogs.com/release/2401391,1969,"7"" - Novelty [#,A-Z]"
"Danny Mirror","Danny Mirror","I Remember Elvis Presley",https://www.discogs.com/release/2149329,1977,"7"" - Archive 02 - [..C-E...]"
"Danny Owen","Danny Owen","Who Said Anything About Love",https://www.discogs.com/release/21069265,1981,"7"" - Archive 02 - [..C-E...]"
"Danny Williams With Geoff Love & His Orchestra","Danny Williams With Geoff Love & His Orchestra","The Wonderful World Of The Young",https://www.discogs.com/release/3093230,1962,"7"" - Archive 02 - [..C-E...]"
"Danny Wilson","Danny Wilson","Mary's Prayer (Paul Staveley O'Duffy Remix) / Monkey's Shiny Day (Original Demo Version)",https://www.discogs.com/release/7475488,1988,"7"" - Archive 02 - [..C-E...]"
"Danyel Gérard","Danyel Gérard",Butterfly,https://www.discogs.com/release/1414077,1971,"7"" - Archive 02 - [..C-E...]"
"Dara O'Lochlainn & Jazz Odyssey","Dara O'Lochlainn & Jazz Odyssey","Flanagan's Flying Machine / Basin Street Blues",https://www.discogs.com/release/8243644,1986,"7"" - Archive 02 - [..C-E...]"
Darling,Darling,"Lookin' Kinda Rock 'n' Rolled",https://www.discogs.com/release/6426310,1978,"7"" - Archive 02 - [..C-E...]"
"Darling Buds","Darling Buds",Burst,https://www.discogs.com/release/2151381,1988,"7"" - Archive 02 - [..C-E...]"
"Darling Buds","Darling Buds","Hit The Ground",https://www.discogs.com/release/1361416,1988,"7"" - Archive 02 - [..C-E...]"
"Darling Buds","Darling Buds","It's All Up To You",https://www.discogs.com/release/720586,1988,"7"" - Archive 02 - [..C-E...]"
Darts,Darts,"Come Back My Love",https://www.discogs.com/release/419071,1978,"7"" - Archive 02 - [..C-E...]"
Darts,Darts,"Daddy Cool / The Girl Can't Help It",https://www.discogs.com/release/15013317,1977,"7"" - Retro - 01 [#,A-G]"
Darts,Darts,"Don't Let It Fade Away",https://www.discogs.com/release/1453732,1978,"7"" - Archive 02 - [..C-E...]"
Darts,Darts,"Duke Of Earl",https://www.discogs.com/release/1253943,1979,"7"" - Retro - 01 [#,A-G]"
Darts,Darts,"It's Raining",https://www.discogs.com/release/1038067,1978,"7"" - Archive 02 - [..C-E...]"
Darts,Darts,"The Boy From New York City",https://www.discogs.com/release/6680437,1978,"7"" - Retro - 01 [#,A-G]"
Darts,Darts,"White Christmas / Sh-Boom",https://www.discogs.com/release/1400907,1980,"7"" - Holiday [#,A-Z]"
"Daryl Hall & John Oates","Daryl Hall & John Oates","I Can't Go For That (No Can Do)",https://www.discogs.com/release/336308,1982,"7"" - Playlist - 02 [...C-F]"
"Daryl Hall & John Oates","Daryl Hall & John Oates",Maneater,https://www.discogs.com/release/14531270,1982,"7"" - Playlist - 02 [...C-F]"
"Daryl Hall & John Oates","Daryl Hall & John Oates","Private Eyes",https://www.discogs.com/release/1568058,1981,"7"" - Playlist - 02 [...C-F]"
"Daryl Hall & John Oates / Noel Edmonds","Daryl Hall & John Oates / Noel Edmonds","You've Lost That Lovin Feelin / Noel Edmonds Introduces Record Year And 'The Day They Remembered'",https://www.discogs.com/release/12434354,1980,"7"" - Archive 02 - [..C-E...]"
"Dave & Ansel Collins","Dave & Ansel Collins","Double Barrel",https://www.discogs.com/release/13888343,1970,"7"" - Retro - 01 [#,A-G]"
"Dave Berry","Dave Berry","The Crying Game",https://www.discogs.com/release/7514274,1964,"7"" - Retro - 01 [#,A-G]"
"Dave Brubeck Quartet","Dave Brubeck Quartet","Take Five",https://www.discogs.com/release/438014,1983,"7"" - Retro - 01 [#,A-G]"
"Dave Clark Five","Dave Clark Five","Bits And Pieces",https://www.discogs.com/release/11022040,1964,"7"" - Retro - 01 [#,A-G]"
"Dave Clark Five","Dave Clark Five","Can't You See That She's Mine",https://www.discogs.com/release/474715,1964,"7"" - Retro - 01 [#,A-G]"
"Dave Clark Five","Dave Clark Five","Everybody Knows ",https://www.discogs.com/release/474719,1967,"7"" - Retro - 01 [#,A-G]"
"Dave Clark Five","Dave Clark Five","Glad All Over",https://www.discogs.com/release/474720,1963,"7"" - Retro - 01 [#,A-G]"
"Dave Clark Five","Dave Clark Five","The Dave Clark Five",https://www.discogs.com/release/474712,1964,"7"" - Retro - 01 [#,A-G]"
"Dave Daffodil & His Orchestra","Dave Daffodil & His Orchestra","Pepper Box",https://www.discogs.com/release/3925760,1973,"7"" - Archive 02 - [..C-E...]"
"Dave Dee, Dozy, Beaky, Mick & Tich","Dave Dee, Dozy, Beaky, Mick & Tich",Hideaway,https://www.discogs.com/release/4949156,1966,"7"" - Retro - 01 [#,A-G]"
"Dave Dee, Dozy, Beaky, Mick & Tich","Dave Dee, Dozy, Beaky, Mick & Tich","Last Night In Soho",https://www.discogs.com/release/1747574,1968,"7"" - Retro - 01 [#,A-G]"
"Dave Dee, Dozy, Beaky, Mick & Tich","Dave Dee, Dozy, Beaky, Mick & Tich","The Wreck Of The 'Antoinette'",https://www.discogs.com/release/1747572,1968,"7"" - Retro - 01 [#,A-G]"
"Dave Dee, Dozy, Beaky, Mick & Tich","Dave Dee, Dozy, Beaky, Mick & Tich",Zabadak!,https://www.discogs.com/release/4326101,1967,"7"" - Retro - 01 [#,A-G]"
"Dave Edmunds","Dave Edmunds","Baby I Love You",https://www.discogs.com/release/5493805,1972,"7"" - Retro - 01 [#,A-G]"
"Dave Edmunds","Dave Edmunds","Born To Be With You",https://www.discogs.com/release/4592718,1973,"7"" - Retro - 01 [#,A-G]"
"Dave Edmunds","Dave Edmunds","From Small Things, Big Things Come",https://www.discogs.com/release/14337204,1982,"7"" - Retro - 01 [#,A-G]"
"Dave Edmunds","Dave Edmunds","Girls Talk",https://www.discogs.com/release/5730721,1979,"7"" - Playlist - 02 [...C-F]"
"Dave Edmunds","Dave Edmunds","I Knew The Bride",https://www.discogs.com/release/514337,1977,"7"" - Retro - 01 [#,A-G]"
"Dave Edmunds","Dave Edmunds","Queen Of Hearts",https://www.discogs.com/release/1763811,1979,"7"" - Retro - 01 [#,A-G]"
"Dave Edmunds","Dave Edmunds","Singing The Blues",https://www.discogs.com/release/1805577,1980,"7"" - Playlist - 02 [...C-F]"
"Dave Stewart","Dave Stewart & Barbara Gaskin","It's My Party",https://www.discogs.com/release/929788,1981,"7"" - Playlist - 02 [...C-F]"
"Dave Stewart","Dave Stewart, Colin Blunstone","What Becomes Of The Broken Hearted",https://www.discogs.com/release/2797999,1980,"7"" - Playlist - 02 [...C-F]"
"Dave Stewart","David A. Stewart Featuring Candy Dulfer","Lily Was Here",https://www.discogs.com/release/8764022,1990,"7"" - Playlist - 02 [...C-F]"
"David Bendeth","David Bendeth","Feel The Real",https://www.discogs.com/release/713677,1979,"7"" - Archive 02 - [..C-E...]"
"David Bowie","David Bowie","Alabama Song",https://www.discogs.com/release/1337454,1980,"7"" - Playlist - 02 [...C-F]"
"David Bowie","David Bowie","Ashes To Ashes",https://www.discogs.com/release/8785717,1980,"7"" - Playlist - 02 [...C-F]"
"David Bowie","David Bowie","Be My Wife",https://www.discogs.com/release/748473,1977,"7"" - Playlist - 02 [...C-F]"
"David Bowie","David Bowie","Blue Jean",https://www.discogs.com/release/4357140,1984,"7"" - Playlist - 02 [...C-F]"
"David Bowie","David Bowie","Breaking Glass",https://www.discogs.com/release/423020,1978,"7"" - Playlist - 02 [...C-F]"
"David Bowie","David Bowie","Cat People (Putting Out Fire)",https://www.discogs.com/release/8347789,1982,"7"" - Playlist - 02 [...C-F]"
"David Bowie","David Bowie","China Girl",https://www.discogs.com/release/7022406,1983,"7"" - Playlist - 02 [...C-F]"
"David Bowie","David Bowie","Diamond Dogs",https://www.discogs.com/release/926850,1974,"7"" - Playlist - 02 [...C-F]"
"David Bowie","David Bowie",Fame,https://www.discogs.com/release/2884305,1975,"7"" - Playlist - 02 [...C-F]"
"David Bowie","David Bowie",Fashion,https://www.discogs.com/release/2665559,1980,"7"" - Playlist - 02 [...C-F]"
"David Bowie","David Bowie","Golden Years",https://www.discogs.com/release/479232,1975,"7"" - Playlist - 02 [...C-F]"
"David Bowie","David Bowie",Heroes,https://www.discogs.com/release/1002557,1977,"7"" - Playlist - 02 [...C-F]"
"David Bowie","David Bowie","John, I'm Only Dancing / Hang On To Yourself",https://www.discogs.com/release/6658505,1972,"7"" - Playlist - 02 [...C-F]"
"David Bowie","David Bowie","Let's Dance",https://www.discogs.com/release/457361,1983,"7"" - Playlist - 02 [...C-F]"
"David Bowie","David Bowie","Life On Mars",https://www.discogs.com/release/2340473,1973,"7"" - Playlist - 02 [...C-F]"
"David Bowie","David Bowie","Loving The Alien (Re-Mixed Version)",https://www.discogs.com/release/1866107,1985,"7"" - Playlist - 02 [...C-F]"
"David Bowie","David Bowie","Modern Love",https://www.discogs.com/release/766051,1983,"7"" - Playlist - 02 [...C-F]"
"David Bowie","David Bowie","Rebel Rebel",https://www.discogs.com/release/1668565,1975,"7"" - Playlist - 02 [...C-F]"
"David Bowie","David Bowie",Sorrow,https://www.discogs.com/release/4194024,"","7"" - Playlist - 02 [...C-F]"
"David Bowie","David Bowie","Sound And Vision",https://www.discogs.com/release/3519494,1977,"7"" - Playlist - 02 [...C-F]"
"David Bowie","David Bowie","Space Oddity / Changes / Velvet Goldmine",https://www.discogs.com/release/443348,1975,"7"" - Playlist - 02 [...C-F]"
"David Bowie","David Bowie","Suffragette City b/w Stay",https://www.discogs.com/release/1732988,1976,"7"" - Playlist - 02 [...C-F]"
"David Bowie","David Bowie","TVC 15",https://www.discogs.com/release/1002540,1976,"7"" - Playlist - 02 [...C-F]"
"David Bowie","David Bowie","The Jean Genie",https://www.discogs.com/release/4586277,1972,"7"" - Playlist - 02 [...C-F]"
"David Bowie","David Bowie","The Laughing Gnome",https://www.discogs.com/release/1640859,1982,"7"" - Novelty [#,A-Z]"
"David Bowie","David Bowie","Time Will Crawl (Single Version)",https://www.discogs.com/release/2399018,1987,"7"" - Playlist - 02 [...C-F]"
"David Bowie","David Bowie","Wild Is The Wind",https://www.discogs.com/release/423017,1981,"7"" - Playlist - 02 [...C-F]"
"David Bowie","David Bowie","Young Americans",https://www.discogs.com/release/422761,1975,"7"" - Playlist - 02 [...C-F]"
"David Bowie","David Bowie / Nina Simone","Wild Is The Wind",https://www.discogs.com/release/17126376,2019,"7"" - Playlist - 02 [...C-F]"
"David Bowie","David Bowie / Pat Metheny Group","This Is Not America (Theme From The Motion Picture, The Falcon And The Snowman)",https://www.discogs.com/release/1002896,1985,"7"" - Playlist - 02 [...C-F]"
"David Bowie","David Bowie And Mick Jagger","Dancing In The Street",https://www.discogs.com/release/398746,1985,"7"" - Playlist - 02 [...C-F]"
"David Cassidy","David Cassidy",Daydreamer,https://www.discogs.com/release/5829782,1973,"7"" - Retro - 01 [#,A-G]"
"David Cassidy","David Cassidy","How Can I Be Sure",https://www.discogs.com/release/1542616,1972,"7"" - Retro - 01 [#,A-G]"
"David Cassidy","David Cassidy","I Am A Clown",https://www.discogs.com/release/1786823,1973,"7"" - Retro - 01 [#,A-G]"
"David Cassidy","David Cassidy","I Write The Songs",https://www.discogs.com/release/7896033,1975,"7"" - Retro - 01 [#,A-G]"
"David Cassidy","David Cassidy","If I Didn't Care",https://www.discogs.com/release/4949135,1974,"7"" - Retro - 01 [#,A-G]"
"David Cassidy","David Cassidy","Please Please Me",https://www.discogs.com/release/1755394,1974,"7"" - Retro - 01 [#,A-G]"
"David Cassidy","David Cassidy",Someone,https://www.discogs.com/release/3065477,1985,"7"" - Archive 02 - [..C-E...]"
"David Cassidy","David Cassidy","The Last Kiss",https://www.discogs.com/release/8707676,1985,"7"" - Archive 02 - [..C-E...]"
"David Castle","David Castle","All I Ever Wanna Be Is Yours ",https://www.discogs.com/release/17694025,1977,"7"" - Archive 02 - [..C-E...]"
"David Christie","David Christie","Saddle Up",https://www.discogs.com/release/1848675,1982,"7"" - Retro - 01 [#,A-G]"
"David Dundas","David Dundas","Jeans On",https://www.discogs.com/release/8028394,1976,"7"" - Retro - 01 [#,A-G]"
"David Essex","David Essex","A Winter's Tale",https://www.discogs.com/release/733784,1982,"7"" - Holiday [#,A-Z]"
"David Essex","David Essex",America,https://www.discogs.com/release/20669014,1974,"7"" - Archive 02 - [..C-E...]"
"David Essex","David Essex","Brave New World",https://www.discogs.com/release/2121683,1978,"7"" - Archive 02 - [..C-E...]"
"David Essex","David Essex","City Lights",https://www.discogs.com/release/743835,1976,"7"" - Archive 02 - [..C-E...]"
"David Essex","David Essex","Coming Home",https://www.discogs.com/release/21152824,1976,"7"" - Archive 02 - [..C-E...]"
"David Essex","David Essex","Cool Out Tonight",https://www.discogs.com/release/9785532,1977,"7"" - Archive 02 - [..C-E...]"
"David Essex","David Essex","Falling Angels Riding",https://www.discogs.com/release/2331494,1985,"7"" - Archive 02 - [..C-E...]"
"David Essex","David Essex","Gonna Make You A Star",https://www.discogs.com/release/475288,1974,"7"" - Retro - 01 [#,A-G]"
"David Essex","David Essex","Hold Me Close",https://www.discogs.com/release/5550739,1975,"7"" - Retro - 01 [#,A-G]"
"David Essex","David Essex","If I Could",https://www.discogs.com/release/25485904,1975,"7"" - Archive 02 - [..C-E...]"
"David Essex","David Essex","Imperial Wizard",https://www.discogs.com/release/1392478,1979,"7"" - Retro - 01 [#,A-G]"
"David Essex","David Essex",Lamplight,https://www.discogs.com/release/4244197,1973,"7"" - Retro - 01 [#,A-G]"
"David Essex","David Essex","Me And My Girl (Night-Clubbing)",https://www.discogs.com/release/993680,1982,"7"" - Archive 02 - [..C-E...]"
"David Essex","David Essex",Myfanwy,https://www.discogs.com/release/1401122,1987,"7"" - Archive 02 - [..C-E...]"
"David Essex","David Essex","Oh What A Circus",https://www.discogs.com/release/4025095,1978,"7"" - Archive 02 - [..C-E...]"
"David Essex","David Essex","Rock On",https://www.discogs.com/release/10584163,1973,"7"" - Retro - 01 [#,A-G]"
"David Essex","David Essex","Rolling Stone",https://www.discogs.com/release/5550815,1975,"7"" - Archive 02 - [..C-E...]"
"David Essex","David Essex","Silver Dream Machine",https://www.discogs.com/release/2765828,1980,"7"" - Retro - 01 [#,A-G]"
"David Essex","David Essex",Stardust,https://www.discogs.com/release/10477660,1974,"7"" - Archive 02 - [..C-E...]"
"David Essex","David Essex",Tahiti,https://www.discogs.com/release/4499541,1983,"7"" - Archive 02 - [..C-E...]"
"David Essex","David Essex","The Smile",https://www.discogs.com/release/1786484,1983,"7"" - Archive 02 - [..C-E...]"
"David Gates","David Gates","Goodbye Girl",https://www.discogs.com/release/1475626,1977,"7"" - Archive 02 - [..C-E...]"
"David Grant","David Grant","Keep It Together",https://www.discogs.com/release/2233957,1990,"7"" - Archive 02 - [..C-E...]"
"David Grant","David Grant","Love Will Find A Way",https://www.discogs.com/release/5925658,1983,"7"" - Archive 02 - [..C-E...]"
"David Grant","David Grant","Rock The Midnight",https://www.discogs.com/release/2608103,1983,"7"" - Archive 02 - [..C-E...]"
"David Grant","David Grant","Stop And Go",https://www.discogs.com/release/5925632,1983,Uncategorized
"David Grant","David Grant","Watching You, Watching Me",https://www.discogs.com/release/1622629,1983,"7"" - Archive 02 - [..C-E...]"
"David Grant & Jaki Graham","David Grant & Jaki Graham","Could It Be I'm Falling In Love",https://www.discogs.com/release/938539,1985,"7"" - Archive 02 - [..C-E...]"
"David Joseph","David Joseph","Let's Live It Up (Nite People)",https://www.discogs.com/release/1527750,1983,"7"" - Archive 02 - [..C-E...]"
"David Joseph","David Joseph","You Can't Hide (Your Love From Me)",https://www.discogs.com/release/948756,1983,"7"" - Archive 02 - [..C-E...]"
"David Lee Roth","David Lee Roth","California Girls",https://www.discogs.com/release/2916896,1985,"7"" - Archive 02 - [..C-E...]"
"David Lee Roth","David Lee Roth","Just Like Paradise",https://www.discogs.com/release/1367730,1988,"7"" - Archive 02 - [..C-E...]"
"David Parton","David Parton","Isn't She Lovely",https://www.discogs.com/release/3308127,1976,"7"" - Retro - 01 [#,A-G]"
"David Rose & His Orchestra","David Rose & His Orchestra","The Stripper",https://www.discogs.com/release/4633956,1971,"7"" - Novelty [#,A-Z]"
"David Rudder + Charlies Roots","David Rudder + Charlies Roots","Bahia Girl",https://www.discogs.com/release/7904611,1986,"7"" - Archive 02 - [..C-E...]"
"David Seville And The Chipmunks","David Seville And The Chipmunks","Ragtime Cowboy Joe",https://www.discogs.com/release/10868724,1959,"7"" - Novelty [#,A-Z]"
"David Soul","David Soul","Don't Give Up On Us",https://www.discogs.com/release/490847,1976,"7"" - Retro - 01 [#,A-G]"
"David Soul","David Soul","Going In With My Eyes Open",https://www.discogs.com/release/1777149,1977,"7"" - Archive 02 - [..C-E...]"
"David Soul","David Soul","Let's Have A Quiet Night In",https://www.discogs.com/release/15493940,1977,"7"" - Archive 02 - [..C-E...]"
"David Soul","David Soul","Silver Lady",https://www.discogs.com/release/7247404,1977,"7"" - Retro - 01 [#,A-G]"
"David Sylvian","David Sylvian","A Little Girl Dreams Of Taking The Veil",https://www.discogs.com/release/224281,1986,"7"" - Archive 02 - [..C-E...]"
"David Whitfield","David Whitfield","Ev'rywhere / Mama",https://www.discogs.com/release/7038748,1955,"7"" - Archive 02 - [..C-E...]"
Dawn,Dawn,Candida,https://www.discogs.com/release/474830,1970,"7"" - Archive 02 - [..C-E...]"
Dawn,Dawn,"Knock Three Times",https://www.discogs.com/release/5967436,1971,"7"" - Retro - 01 [#,A-G]"
Dawn,Dawn,"What Are You Doing Sunday",https://www.discogs.com/release/2261487,1971,"7"" - Archive 02 - [..C-E...]"
Dawn,Dawn,"Say, Has Anybody Seen My Sweet Gypsy Rose",https://www.discogs.com/release/3912977,1973,"7"" - Archive 02 - [..C-E...]"
Dawn,Dawn,"Tie A Yellow Ribbon Round The Ole Oak Tree",https://www.discogs.com/release/1546086,1973,"7"" - Retro - 01 [#,A-G]"
Dawn,Dawn,"Who's In The Strawberry Patch With Sally",https://www.discogs.com/release/1470467,1974,"7"" - Archive 02 - [..C-E...]"
"De La Soul","De La Soul","Eye Know",https://www.discogs.com/release/230254,1989,"7"" - Archive 02 - [..C-E...]"
"De La Soul","De La Soul","Say No Go",https://www.discogs.com/release/1299229,1989,Uncategorized
"De La Soul","De La Soul","The Magic Number / Buddy",https://www.discogs.com/release/213121,1989,"7"" - Archive 02 - [..C-E...]"
"Deacon Blue","Deacon Blue","Chocolate Girl (The U.S. Remixes E.P.)",https://www.discogs.com/release/2906526,1988,Uncategorized
"Deacon Blue","Deacon Blue",Dignity,https://www.discogs.com/release/1015523,1988,Uncategorized
"Deacon Blue","Deacon Blue","Fergus Sings The Blues",https://www.discogs.com/release/1811555,1989,"7"" - Playlist - 02 [...C-F]"
"Deacon Blue","Deacon Blue","Four Bacharach & David Songs",https://www.discogs.com/release/1569739,1990,"7"" - Archive 02 - [..C-E...]"
"Deacon Blue","Deacon Blue","Queen Of The New Year",https://www.discogs.com/release/3940561,1989,Uncategorized
"Deacon Blue","Deacon Blue","Real Gone Kid",https://www.discogs.com/release/594284,1988,"7"" - Playlist - 02 [...C-F]"
"Deacon Blue","Deacon Blue","Twist And Shout",https://www.discogs.com/release/1689315,1991,"7"" - Playlist - 02 [...C-F]"
"Deacon Blue","Deacon Blue","Wages Day",https://www.discogs.com/release/1812415,1989,"7"" - Playlist - 02 [...C-F]"
"Dead End Kids","Dead End Kids","Have I The Right",https://www.discogs.com/release/5526802,1977,"7"" - Retro - 01 [#,A-G]"
"Dead Kennedys","Dead Kennedys","Too Drunk To Fuck",https://www.discogs.com/release/11141100,1981,"7"" - Playlist - 02 [...C-F]"
"Dead Or Alive","Dead Or Alive","Lover Come Back To Me",https://www.discogs.com/release/249779,1985,"7"" - Archive 02 - [..C-E...]"
"Dead Or Alive","Dead Or Alive","Something In My House",https://www.discogs.com/release/253528,1986,"7"" - Archive 02 - [..C-E...]"
"Dead Or Alive","Dead Or Alive","You Spin Me Round (Like A Record)",https://www.discogs.com/release/3206418,1984,"7"" - Playlist - 02 [...C-F]"
"Dean Friedman","Dean Friedman",Ariel,https://www.discogs.com/release/2578650,1977,"7"" - Archive 02 - [..C-E...]"
"Dean Friedman","Dean Friedman","Lucky Stars",https://www.discogs.com/release/860632,1978,"7"" - Retro - 01 [#,A-G]"
"Dean Friedman","Dean Friedman","Rocking Chair (It's Gonna Be Alright)",https://www.discogs.com/release/1475618,1978,"7"" - Retro - 01 [#,A-G]"
"Dean Martin","Dean Martin","Everybody Loves Somebody",https://www.discogs.com/release/16037252,1964,"7"" - Retro - 01 [#,A-G]"
"Dean Martin","Dean Martin","Volare (Nel Blu Dipinto Di Blu)",https://www.discogs.com/release/1596674,1958,"7"" - Retro - 01 [#,A-G]"
"Dean Martin","Dean Martin","You Were Made For Love / It Takes So Long (To Say Goodbye)                                  ",https://www.discogs.com/release/6321820,1959,"7"" - Retro - 01 [#,A-G]"
DeBarge,DeBarge,"Rhythm Of The Night",https://www.discogs.com/release/352914,1985,"7"" - Playlist - 02 [...C-F]"
"Debbie Campbell","Debbie Campbell","Please Tell Him That I Said Hello / You Better Wait",https://www.discogs.com/release/2463799,1975,"7"" - Archive 02 - [..C-E...]"
"Debbie Gibson","Debbie Gibson","Only In My Dreams",https://www.discogs.com/release/6420398,1987,"7"" - Playlist - 02 [...C-F]"
"Debbie Gibson","Debbie Gibson","Shake Your Love",https://www.discogs.com/release/3747676,1987,"7"" - Archive 02 - [..C-E...]"
Decoys,Decoys,"Christmas Time",https://www.discogs.com/release/15238424,1972,"7"" - Holiday [#,A-Z]"
"Dee C. Lee","Dee C. Lee","See The Day",https://www.discogs.com/release/12145336,1985,"7"" - Playlist - 02 [...C-F]"
"Dee Clark","Dee Clark","Ride A Wild Horse",https://www.discogs.com/release/1661637,1975,"7"" - Archive 02 - [..C-E...]"
"Dee D. Jackson","Dee D. Jackson","Automatic Lover",https://www.discogs.com/release/2220613,1978,"7"" - Playlist - 02 [...C-F]"
"Dee D. Jackson","Dee D. Jackson","Meteor Man",https://www.discogs.com/release/1834499,1978,"7"" - Archive 02 - [..C-E...]"
Deee-Lite,Deee-Lite,"Groove Is In The Heart",https://www.discogs.com/release/46332,1990,"7"" - Archive 02 - [..C-E...]"
"Deep Purple","Deep Purple","Smoke On The Water",https://www.discogs.com/release/4643880,1973,"7"" - Playlist - 02 [...C-F]"
"Def Leppard","Def Leppard",Animal,https://www.discogs.com/release/1775904,1987,"7"" - Playlist - 02 [...C-F]"
"Def Leppard","Def Leppard","Armageddon It (The Atomic Mix)",https://www.discogs.com/release/2695486,1988,"7"" - Playlist - 02 [...C-F]"
"Def Leppard","Def Leppard",Hysteria,https://www.discogs.com/release/2621283,1987,Uncategorized
"Def Leppard","Def Leppard","Pour Some Sugar On Me",https://www.discogs.com/release/7345110,1987,"7"" - Playlist - 02 [...C-F]"
"Def Leppard","Def Leppard",Rocket,https://www.discogs.com/release/2694336,1989,"7"" - Playlist - 02 [...C-F]"
"Del Shannon","Del Shannon","Cry Myself To Sleep",https://www.discogs.com/release/1645193,1962,"7"" - Archive 02 - [..C-E...]"
"Del Shannon","Del Shannon","Del Shannon No.2",https://www.discogs.com/release/2164528,1962,"7"" - Archive 02 - [..C-E...]"
"Del Shannon","Del Shannon","Little Town Flirt ",https://www.discogs.com/release/8918090,1963,"7"" - Archive 02 - [..C-E...]"
"Del Shannon","Del Shannon","The Swiss Maid",https://www.discogs.com/release/562925,1962,"7"" - Archive 02 - [..C-E...]"
Delegation,Delegation,"Where Is The Love (We Used To Know)",https://www.discogs.com/release/2061417,1977,"7"" - Archive 02 - [..C-E...]"
Delfonics,Delfonics,"Didn't I (Blow Your Mind This Time)",https://www.discogs.com/release/1694369,1970,"7"" - Archive 02 - [..C-E...]"
"Demis Roussos","Demis Roussos","Good Bye My Love Good Bye / Lay It Down",https://www.discogs.com/release/1886391,1973,"7"" - Archive 02 - [..C-E...]"
"Demis Roussos","Demis Roussos","Happy To Be On An Island In The Sun",https://www.discogs.com/release/1907178,1975,"7"" - Archive 02 - [..C-E...]"
"Demis Roussos","Demis Roussos",Kyrila,https://www.discogs.com/release/1301096,1977,"7"" - Archive 02 - [..C-E...]"
"Demis Roussos","Demis Roussos","My Friend The Wind",https://www.discogs.com/release/6958854,1974,"7"" - Archive 02 - [..C-E...]"
"Demis Roussos","Demis Roussos","My Reason",https://www.discogs.com/release/5139902,1972,"7"" - Archive 02 - [..C-E...]"
"Demis Roussos","Demis Roussos","When Forever Has Gone",https://www.discogs.com/release/5311713,1976,"7"" - Archive 02 - [..C-E...]"
"Deniece Williams","Deniece Williams",Free,https://www.discogs.com/release/1475596,1977,"7"" - Archive 02 - [..C-E...]"
"Deniece Williams","Deniece Williams","Let's Hear It For The Boy",https://www.discogs.com/release/7900784,1984,"7"" - Playlist - 02 [...C-F]"
"Deniece Williams","Deniece Williams","That's What Friends Are For",https://www.discogs.com/release/1400262,1977,"7"" - Archive 02 - [..C-E...]"
"Denise LaSalle","Denise LaSalle","My Toot Toot",https://www.discogs.com/release/1415194,1985,"7"" - Archive 02 - [..C-E...]"
"Dennis Edwards Featuring Siedah Garrett","Dennis Edwards Featuring Siedah Garrett","Don't Look Any Further",https://www.discogs.com/release/1422959,1984,"7"" - Archive 02 - [..C-E...]"
"Dennis Waterman","Dennis Waterman","Hooray For Curly Woolf",https://www.discogs.com/release/3598203,1977,"7"" - Archive 02 - [..C-E...]"
"Dennis Waterman & George Cole","Dennis Waterman & George Cole","What Are We Gonna Get 'Er Indoors?",https://www.discogs.com/release/644253,1983,"7"" - Novelty [#,A-Z]"
"Dennis Waterman With Dennis Waterman Band","Dennis Waterman With Dennis Waterman Band","I Could Be So Good For You",https://www.discogs.com/release/1161602,1979,"7"" - Novelty [#,A-Z]"
"Deon Estus","Deon Estus","Heaven Help Me",https://www.discogs.com/release/4489728,1989,"7"" - Archive 02 - [..C-E...]"
"Department S","Department S","Is Vic There?",https://www.discogs.com/release/376427,1981,"7"" - Playlist - 02 [...C-F]"
"Depeche Mode","Depeche Mode","A Question Of Time (Remix)",https://www.discogs.com/release/1634595,1986,"7"" - Playlist - 02 [...C-F]"
"Depeche Mode","Depeche Mode","Blasphemous Rumours / Somebody",https://www.discogs.com/release/200614,1984,"7"" - Playlist - 02 [...C-F]"
"Depeche Mode","Depeche Mode","Enjoy The Silence",https://www.discogs.com/release/11431249,1990,"7"" - Playlist - 02 [...C-F]"
"Depeche Mode","Depeche Mode","Everything Counts",https://www.discogs.com/release/50126,1983,"7"" - Playlist - 02 [...C-F]"
"Depeche Mode","Depeche Mode","Everything Counts, Nothing",https://www.discogs.com/release/2314808,1989,"7"" - Playlist - 02 [...C-F]"
"Depeche Mode","Depeche Mode","Get The Balance Right!",https://www.discogs.com/release/27715,1983,"7"" - Playlist - 02 [...C-F]"
"Depeche Mode","Depeche Mode","I Feel You",https://www.discogs.com/release/53189,1993,"7"" - Playlist - 02 [...C-F]"
"Depeche Mode","Depeche Mode","It's Called A Heart",https://www.discogs.com/release/1909973,1985,"7"" - Playlist - 02 [...C-F]"
"Depeche Mode","Depeche Mode","Just Can't Get Enough",https://www.discogs.com/release/11947530,1981,"7"" - Playlist - 02 [...C-F]"
"Depeche Mode","Depeche Mode","Leave In Silence",https://www.discogs.com/release/27717,1982,"7"" - Playlist - 02 [...C-F]"
"Depeche Mode","Depeche Mode","Love In Itself · 2",https://www.discogs.com/release/89688,1983,"7"" - Playlist - 02 [...C-F]"
"Depeche Mode","Depeche Mode","Master And Servant",https://www.discogs.com/release/27269,1984,"7"" - Playlist - 02 [...C-F]"
"Depeche Mode","Depeche Mode","Never Let Me Down Again",https://www.discogs.com/release/53157,1987,"7"" - Playlist - 02 [...C-F]"
"Depeche Mode","Depeche Mode","New Life",https://www.discogs.com/release/7586910,1981,"7"" - Playlist - 02 [...C-F]"
"Depeche Mode","Depeche Mode","People Are People",https://www.discogs.com/release/7384414,1984,"7"" - Playlist - 02 [...C-F]"
"Depeche Mode","Depeche Mode","Policy Of Truth",https://www.discogs.com/release/9013338,1990,"7"" - Playlist - 02 [...C-F]"
"Depeche Mode","Depeche Mode","See You",https://www.discogs.com/release/10515939,1982,"7"" - Playlist - 02 [...C-F]"
"Depeche Mode","Depeche Mode","The Meaning Of Love",https://www.discogs.com/release/27721,1982,"7"" - Playlist - 02 [...C-F]"
"Derek & The Dominos","Derek & The Dominos",Layla,https://www.discogs.com/release/1657076,1972,"7"" - Playlist - 02 [...C-F]"
"Dermot Henry And The Virginians","Dermot Henry And The Virginians","The Old Dungarvan Oak",https://www.discogs.com/release/10850820,1973,"7"" - Archive 02 - [..C-E...]"
"Des O'Connor","Des O'Connor","Careless Hands",https://www.discogs.com/release/8228599,1967,"7"" - Archive 02 - [..C-E...]"
"Des O'Connor","Des O'Connor","I Pretend / Thinking Of You",https://www.discogs.com/release/12530047,1968,"7"" - Archive 02 - [..C-E...]"
"Desmond Dekker","Desmond Dekker",Israelites,https://www.discogs.com/release/1234343,1975,"7"" - Retro - 01 [#,A-G]"
"Detroit Emeralds","Detroit Emeralds","Feel The Need In Me",https://www.discogs.com/release/4388431,1973,"7"" - Playlist - 02 [...C-F]"
"Detroit Emeralds","Detroit Emeralds","I Think Of You",https://www.discogs.com/release/1739251,1973,"7"" - Archive 02 - [..C-E...]"
"Detroit Emeralds","Detroit Emeralds","You Want It, You Got It / Whatcha Gonna Wear Tomorrow",https://www.discogs.com/release/9974661,1971,"7"" - Archive 02 - [..C-E...]"
Devo,Devo,"Jocko Homo / Mongoloid",https://www.discogs.com/release/2169842,1978,"7"" - Playlist - 02 [...C-F]"
"Dexter Wansel","Dexter Wansel","Disco Lights",https://www.discogs.com/release/29456113,1977,"7"" - Archive 02 - [..C-E...]"
"Dexys Midnight Runners & Kevin Rowland","Dexys Midnight Runners",Geno,https://www.discogs.com/release/1185211,1980,"7"" - Playlist - 02 [...C-F]"
"Dexys Midnight Runners & Kevin Rowland","Dexys Midnight Runners","Show Me",https://www.discogs.com/release/9409759,1981,"7"" - Playlist - 02 [...C-F]"
"Dexys Midnight Runners & Kevin Rowland","Dexys Midnight Runners","There, There, My Dear",https://www.discogs.com/release/919203,1980,"7"" - Playlist - 02 [...C-F]"
"Dexys Midnight Runners & Kevin Rowland","Dexys Midnight Runners & The Emerald Express","Come On Eileen",https://www.discogs.com/release/9335691,1982,"7"" - Playlist - 02 [...C-F]"
"Dexys Midnight Runners & Kevin Rowland","Dexys Midnight Runners & The Emerald Express","The Celtic Soul Brothers",https://www.discogs.com/release/453240,1982,"7"" - Playlist - 02 [...C-F]"
"Dexys Midnight Runners & Kevin Rowland","Dexys Midnight Runners Featuring Kevin Rowland","Because Of You",https://www.discogs.com/release/1584968,1986,"7"" - Playlist - 02 [...C-F]"
"Dexys Midnight Runners & Kevin Rowland","Kevin Rowland & Dexys Midnight Runners","Jackie Wilson Said (I'm In Heaven When You Smile) / Let's Make This Precious",https://www.discogs.com/release/1561683,1982,"7"" - Playlist - 02 [...C-F]"
"Dexys Midnight Runners & Kevin Rowland","Kevin Rowland & Dexys Midnight Runners","Let's Get This Straight From The Start / Old",https://www.discogs.com/release/1469940,1982,"7"" - Playlist - 02 [...C-F]"
Diablo,Diablo,"Ghost Riders In The Sky",https://www.discogs.com/release/11996089,1979,"7"" - Archive 02 - [..C-E...]"
"Diamonds / Big Bopper / The Platters","Diamonds / Big Bopper / The Platters","Little Darlin / Chantilly Lace / The Great Pretender",https://www.discogs.com/release/4127493,1974,"7"" - Archive 02 - [..C-E...]"
"Diana Brown & Barrie K Sharpe","Diana Brown & Barrie K Sharpe","The Masterplan",https://www.discogs.com/release/1597102,1990,"7"" - Playlist - 02 [...C-F]"
"Diana Ross","Diana Ross","Chain Reaction",https://www.discogs.com/release/554081,1986,"7"" - Playlist - 02 [...C-F]"
"Diana Ross","Diana Ross","Gettin' Ready For Love",https://www.discogs.com/release/1977072,1977,"7"" - Archive 02 - [..C-E...]"
"Diana Ross","Diana Ross","I'm Coming Out",https://www.discogs.com/release/650664,1980,"7"" - Retro - 01 [#,A-G]"
"Diana Ross","Diana Ross","If We Hold On Together (Movie Version)",https://www.discogs.com/release/2028280,1992,"7"" - Archive 02 - [..C-E...]"
"Diana Ross","Diana Ross","It's My House",https://www.discogs.com/release/14370931,1979,"7"" - Retro - 01 [#,A-G]"
"Diana Ross","Diana Ross","It's My Turn",https://www.discogs.com/release/1544496,1980,"7"" - Retro - 01 [#,A-G]"
"Diana Ross","Diana Ross",Muscles,https://www.discogs.com/release/2220259,1982,"7"" - Archive 02 - [..C-E...]"
"Diana Ross","Diana Ross","My Old Piano",https://www.discogs.com/release/533747,1980,"7"" - Retro - 01 [#,A-G]"
"Diana Ross","Diana Ross","No One Gets The Prize",https://www.discogs.com/release/2722772,1979,"7"" - Archive 02 - [..C-E...]"
"Diana Ross","Diana Ross","Sorry Doesn't Always Make It Right",https://www.discogs.com/release/554089,1975,"7"" - Archive 02 - [..C-E...]"
"Diana Ross","Diana Ross","The Boss",https://www.discogs.com/release/10638489,1979,"7"" - Retro - 01 [#,A-G]"
"Diana Ross","Diana Ross","Touch Me In The Morning / I'm Still Waiting",https://www.discogs.com/release/5210125,"","7"" - Retro - 01 [#,A-G]"
"Diana Ross","Diana Ross","Upside Down",https://www.discogs.com/release/11925277,"","7"" - Retro - 01 [#,A-G]"
"Diana Ross","Diana Ross","When You Tell Me That You Love Me",https://www.discogs.com/release/1498173,1991,"7"" - Archive 02 - [..C-E...]"
"Diana Ross","Diana Ross","Why Do Fools Fall In Love",https://www.discogs.com/release/9995721,1981,"7"" - Playlist - 02 [...C-F]"
"Diana Ross","Diana Ross","Work That Body",https://www.discogs.com/release/7205464,1981,"7"" - Playlist - 02 [...C-F]"
"Diana Ross & Marvin Gaye / Marvin Gaye & Tammi Terrell","Diana Ross & Marvin Gaye / Marvin Gaye & Tammi Terrell","You Are Everything / The Onion Song",https://www.discogs.com/release/2850337,1976,"7"" - Retro - 01 [#,A-G]"
"Diana Ross / Michael Jackson / The Wiz Stars","Diana Ross / Michael Jackson / The Wiz Stars","Ease On Down The Road / Poppy Girls",https://www.discogs.com/release/1421866,1978,"7"" - Retro - 01 [#,A-G]"
"Diana Ross And Lionel Richie","Diana Ross And Lionel Richie","Endless Love",https://www.discogs.com/release/7203849,1981,"7"" - Archive 02 - [..C-E...]"
Dickies,Dickies,"Banana Splits",https://www.discogs.com/release/419081,1979,"7"" - Playlist - 02 [...C-F]"
Dickies,Dickies,"Give It Back",https://www.discogs.com/release/821909,1978,"7"" - Playlist - 02 [...C-F]"
Dickies,Dickies,"Nights In White Satin",https://www.discogs.com/release/540445,1979,"7"" - Playlist - 02 [...C-F]"
Dickies,Dickies,"Paranoid / I'm OK, You're OK",https://www.discogs.com/release/778210,1978,"7"" - Playlist - 02 [...C-F]"
Dickies,Dickies,"Silent Night",https://www.discogs.com/release/10166741,1978,"7"" - Holiday [#,A-Z]"
"Digby Spade","Digby Spade","Raining In My Heart",https://www.discogs.com/release/12438439,1982,"7"" - Archive 02 - [..C-E...]"
"Digno Garcia Y Sus Carios","Digno Garcia Y Sus Carios","La Felicidad",https://www.discogs.com/release/7336319,1968,"7"" - Archive 02 - [..C-E...]"
"Dimitri Dourakine Und Sein Orchester","Dimitri Dourakine Und Sein Orchester",Casatschok,https://www.discogs.com/release/2619482,1968,"7"" - Archive 02 - [..C-E...]"
"Dina Carroll","Dina Carroll","The Perfect Year",https://www.discogs.com/release/3049711,1993,"7"" - Archive 02 - [..C-E...]"
Dion,Dion,"Runaround Sue",https://www.discogs.com/release/541919,1961,"7"" - Retro - 01 [#,A-G]"
Dion,Dion,"The Wanderer",https://www.discogs.com/release/2898262,1976,"7"" - Retro - 01 [#,A-G]"
"Dionne Warwick","Dionne Warwick","(Theme From) Valley Of The Dolls",https://www.discogs.com/release/2317676,1968,"7"" - Archive 02 - [..C-E...]"
"Dionne Warwick","Dionne Warwick","All The Love In The World",https://www.discogs.com/release/1538951,1982,"7"" - Archive 02 - [..C-E...]"
"Dionne Warwick","Dionne Warwick",Heartbreaker,https://www.discogs.com/release/1247102,1982,"7"" - Playlist - 02 [...C-F]"
"Dionne Warwick","Dionne Warwick","It's Love That Really Counts",https://www.discogs.com/release/3717695,1964,"7"" - Archive 02 - [..C-E...]"
"Dionne Warwick","Dionne Warwick","Take It From Me",https://www.discogs.com/release/4002884,1975,"7"" - Archive 02 - [..C-E...]"
"Dionne Warwick","Dionne Warwick","Walk On By / Do You Know The Way To San José?",https://www.discogs.com/release/2988344,1982,"7"" - Retro - 01 [#,A-G]"
"Dire Straits","Dire Straits","Brothers In Arms",https://www.discogs.com/release/6955550,1985,"7"" - Playlist - 02 [...C-F]"
"Dire Straits","Dire Straits",ExtendeDancEPlay,https://www.discogs.com/release/1151096,1983,"7"" - Playlist - 02 [...C-F]"
"Dire Straits","Dire Straits","Money For Nothing",https://www.discogs.com/release/594270,1985,"7"" - Playlist - 02 [...C-F]"
"Dire Straits","Dire Straits","Private Investigations",https://www.discogs.com/release/1763723,1982,"7"" - Playlist - 02 [...C-F]"
"Dire Straits","Dire Straits","Romeo And Juliet",https://www.discogs.com/release/11096829,1980,"7"" - Playlist - 02 [...C-F]"
"Dire Straits","Dire Straits",Skateaway,https://www.discogs.com/release/2340156,1980,"7"" - Playlist - 02 [...C-F]"
"Dire Straits","Dire Straits","So Far Away",https://www.discogs.com/release/6660744,1985,"7"" - Playlist - 02 [...C-F]"
"Dire Straits","Dire Straits","Sultans Of Swing",https://www.discogs.com/release/8192211,1978,"7"" - Playlist - 02 [...C-F]"
"Dire Straits","Dire Straits","Walk Of Life  ",https://www.discogs.com/release/412714,1985,"7"" - Playlist - 02 [...C-F]"
"Disco Tex & His Sex-O-Lettes","Disco Tex & His Sex-O-Lettes","Get Dancin' - Part 1",https://www.discogs.com/release/518008,1974,"7"" - Archive 02 - [..C-E...]"
"Disco Tex & His Sex-O-Lettes","Disco Tex & His Sex-O-Lettes","I Wanna Dance Wit' Choo (Doo Dat Dance)",https://www.discogs.com/release/518000,1975,"7"" - Archive 02 - [..C-E...]"
Distractions,Distractions,"And Then There's...",https://www.discogs.com/release/2217016,1981,"7"" - Archive 02 - [..C-E...]"
Divine,Divine,"You Think You're A Man",https://www.discogs.com/release/139016,1984,"7"" - Playlist - 02 [...C-F]"
"Dizzi Heights","Dizzi Heights","Christmas Rapping / Unrapping",https://www.discogs.com/release/1537464,1982,"7"" - Holiday [#,A-Z]"
"DJ Jazzy Jeff & The Fresh Prince","DJ Jazzy Jeff & The Fresh Prince","Girls Ain't Nothing But Trouble",https://www.discogs.com/release/966061,1986,"7"" - Playlist - 02 [...C-F]"
"DJ Miko","DJ Miko","What's Up",https://www.discogs.com/release/1769888,1994,"7"" - Playlist - 02 [...C-F]"
"DNA Featuring Suzanne Vega","DNA Featuring Suzanne Vega","Tom's Diner",https://www.discogs.com/release/12139675,1990,"7"" - Playlist - 02 [...C-F]"
"Dobie Gray","Dobie Gray","Drift Away",https://www.discogs.com/release/464665,1974,"7"" - Retro - 01 [#,A-G]"
"Dobie Gray","Dobie Gray","Out On The Floor",https://www.discogs.com/release/2004504,1982,"7"" - Archive 02 - [..C-E...]"
"Dobie Gray","Dobie Gray","Roll On Sweet Mississippi",https://www.discogs.com/release/5592219,1974,"7"" - Archive 02 - [..C-E...]"
"Doctor & The Medics","Doctor & The Medics",Burn,https://www.discogs.com/release/1869840,1986,"7"" - Archive 02 - [..C-E...]"
"Doctor & The Medics","Doctor & The Medics","Spirit In The Sky",https://www.discogs.com/release/1361258,1986,"7"" - Playlist - 02 [...C-F]"
Dodgers,Dodgers,"Love On The Rebound",https://www.discogs.com/release/6571151,1978,"7"" - Archive 02 - [..C-E...]"
Doll,Doll,"Desire Me",https://www.discogs.com/release/820272,1979,"7"" - Playlist - 02 [...C-F]"
Dollar,Dollar,"Give Me Back My Heart",https://www.discogs.com/release/12329501,1982,"7"" - Archive 02 - [..C-E...]"
Dollar,Dollar,"Hand Held In Black And White",https://www.discogs.com/release/134673,1981,"7"" - Retro - 01 [#,A-G]"
Dollar,Dollar,"Love's Gotta Hold On Me",https://www.discogs.com/release/215237,1979,"7"" - Archive 02 - [..C-E...]"
Dollar,Dollar,"Mirror Mirror",https://www.discogs.com/release/1247148,1981,"7"" - Retro - 01 [#,A-G]"
Dollar,Dollar,"O L'Amour",https://www.discogs.com/release/1738975,1987,"7"" - Archive 02 - [..C-E...]"
Dollar,Dollar,"Shooting Star",https://www.discogs.com/release/215242,1978,"7"" - Archive 02 - [..C-E...]"
"Dolly McMahon","Dolly McMahon","Sweet Rathcoole / Roving Galway Boy",https://www.discogs.com/release/14447360,1968,"7"" - Archive 02 - [..C-E...]"
"Dolly Parton","Dolly Parton","Here You Come Again",https://www.discogs.com/release/5564442,1984,"7"" - Retro - 01 [#,A-G]"
"Dolly Parton","Dolly Parton","I Will Always Love You",https://www.discogs.com/release/4468487,1982,"7"" - Retro - 01 [#,A-G]"
"Dolly Parton","Dolly Parton",Jolene,https://www.discogs.com/release/3491706,1976,"7"" - Retro - 01 [#,A-G]"
"Don Covay","Don Covay","It's Better To Have (And Don't Need)",https://www.discogs.com/release/890560,1974,"7"" - Archive 02 - [..C-E...]"
"Don Estelle With The Mold Green Junior Folk Group Choir","Don Estelle With The Mold Green Junior Folk Group Choir","Little Donkey / Auld Lang Syne",https://www.discogs.com/release/1311785,1981,"7"" - Holiday [#,A-Z]"
"Don Fardon","Don Fardon","Indian Reservation",https://www.discogs.com/release/1336106,1970,"7"" - Retro - 01 [#,A-G]"
"Don Harper & Denny Wright Quartet With Al Cohn","Don Harper & Denny Wright Quartet With Al Cohn","The Pizza Express",https://www.discogs.com/release/16026559,1980,"7"" - Archive 02 - [..C-E...]"
"Don Henley","Don Henley","The Boys Of Summer",https://www.discogs.com/release/1326767,1984,"7"" - Playlist - 02 [...C-F]"
"Don McLean","Don McLean","American Pie",https://www.discogs.com/release/540564,1971,"7"" - Retro - 01 [#,A-G]"
"Don McLean","Don McLean",Crying,https://www.discogs.com/release/11679223,1980,"7"" - Retro - 01 [#,A-G]"
"Don McLean","Don McLean","Dreidel / Vincent",https://www.discogs.com/release/1842962,"","7"" - Archive 02 - [..C-E...]"
"Don McLean","Don McLean","The Very Thought Of You / Left For Dead On The Road Of Love",https://www.discogs.com/release/2148117,1982,"7"" - Retro - 01 [#,A-G]"
"Don McLean","Don McLean",Vincent,https://www.discogs.com/release/9902078,1972,"7"" - Retro - 01 [#,A-G]"
"Don McLean","Don McLean","Wonderful Baby",https://www.discogs.com/release/2122410,1974,"7"" - Archive 02 - [..C-E...]"
"Don Pablo's Animals","Don Pablo's Animals",Venus,https://www.discogs.com/release/5120456,1990,"7"" - Playlist - 02 [...C-F]"
"Don Robertson","Don Robertson","The Happy Whistler",https://www.discogs.com/release/18840787,1956,"7"" - Archive 02 - [..C-E...]"
"Don Spencer","Don Spencer",Fireball,https://www.discogs.com/release/1843415,1963,"7"" - Archive 02 - [..C-E...]"
"Don Williams","Don Williams","Till The Rivers All Run Dry",https://www.discogs.com/release/2935260,1975,"7"" - Archive 02 - [..C-E...]"
"Donna Allen","Donna Allen",Serious,https://www.discogs.com/release/760891,1987,"7"" - Archive 02 - [..C-E...]"
"Donna Summer","Donna Summer","Back In Love Again",https://www.discogs.com/release/5191646,1978,"7"" - Archive 02 - [..C-E...]"
"Donna Summer","Donna Summer","Bad Girls",https://www.discogs.com/release/981401,1979,"7"" - Playlist - 02 [...C-F]"
"Donna Summer","Donna Summer","Cold Love",https://www.discogs.com/release/2299064,1980,"7"" - Archive 02 - [..C-E...]"
"Donna Summer","Donna Summer","Could It Be Magic",https://www.discogs.com/release/5154665,1976,"7"" - Playlist - 02 [...C-F]"
"Donna Summer","Donna Summer","Dim All The Lights",https://www.discogs.com/release/1824810,1979,"7"" - Archive 02 - [..C-E...]"
"Donna Summer","Donna Summer","Dinner With Gershwin",https://www.discogs.com/release/2298554,1987,"7"" - Playlist - 02 [...C-F]"
"Donna Summer","Donna Summer","Hot Stuff",https://www.discogs.com/release/893419,1979,"7"" - Playlist - 02 [...C-F]"
"Donna Summer","Donna Summer","I Don't Wanna Get Hurt",https://www.discogs.com/release/1742451,1989,"7"" - Archive 02 - [..C-E...]"
"Donna Summer","Donna Summer","I Feel Love",https://www.discogs.com/release/1154386,1977,"7"" - Playlist - 02 [...C-F]"
"Donna Summer","Donna Summer","I Feel Love (Special New Version Remix By Patrick Cowley)",https://www.discogs.com/release/2000274,1982,"7"" - Archive 02 - [..C-E...]"
"Donna Summer","Donna Summer","I Love You",https://www.discogs.com/release/3736364,1977,"7"" - Archive 02 - [..C-E...]"
"Donna Summer","Donna Summer","I Remember Yesterday",https://www.discogs.com/release/5653438,1977,"7"" - Archive 02 - [..C-E...]"
"Donna Summer","Donna Summer","Last Dance",https://www.discogs.com/release/1261137,1978,"7"" - Archive 02 - [..C-E...]"
"Donna Summer","Donna Summer","Love Is In Control (Finger On The Trigger)",https://www.discogs.com/release/817543,1982,"7"" - Archive 02 - [..C-E...]"
"Donna Summer","Donna Summer","Love To Love You Baby",https://www.discogs.com/release/387913,1975,"7"" - Playlist - 02 [...C-F]"
"Donna Summer","Donna Summer","Love's About To Change My Heart",https://www.discogs.com/release/8775510,1989,"7"" - Archive 02 - [..C-E...]"
"Donna Summer","Donna Summer","Love's Unkind",https://www.discogs.com/release/435438,1977,"7"" - Playlist - 02 [...C-F]"
"Donna Summer","Donna Summer","MacArthur Park",https://www.discogs.com/release/6862604,1978,"7"" - Playlist - 02 [...C-F]"
"Donna Summer","Donna Summer","Rumour Has It",https://www.discogs.com/release/1831471,1978,"7"" - Archive 02 - [..C-E...]"
"Donna Summer","Donna Summer","She Works Hard For The Money",https://www.discogs.com/release/1892270,1983,"7"" - Playlist - 02 [...C-F]"
"Donna Summer","Donna Summer","State Of Independence",https://www.discogs.com/release/5437031,1990,"7"" - Archive 02 - [..C-E...]"
"Donna Summer","Donna Summer","The Hostage",https://www.discogs.com/release/11517743,1974,"7"" - Archive 02 - [..C-E...]"
"Donna Summer","Donna Summer","This Time I Know It's For Real",https://www.discogs.com/release/6854847,1989,"7"" - Archive 02 - [..C-E...]"
"Donna Summer","Donna Summer","Unconditional Love",https://www.discogs.com/release/1742462,1983,"7"" - Archive 02 - [..C-E...]"
"Donna Summer","Donna Summer","Winter Melody",https://www.discogs.com/release/5133850,1976,"7"" - Archive 02 - [..C-E...]"
"Donna Summer","Donna Summer / Barbra Streisand","No More Tears (Enough Is Enough) / Lucky",https://www.discogs.com/release/9514439,1979,"7"" - Playlist - 02 [...C-F]"
"Donna Summer","Donna Summer / John Barry","Down Deep Inside (Theme From The Deep)",https://www.discogs.com/release/740431,1977,"7"" - Playlist - 02 [...C-F]"
"Donnie Elbert","Donnie Elbert","I Can't Help Myself",https://www.discogs.com/release/1534274,1972,"7"" - Archive 02 - [..C-E...]"
"Donny & Marie Osmond","Donny & Marie Osmond","Deep Purple",https://www.discogs.com/release/2916405,1975,"7"" - Archive 02 - [..C-E...]"
"Donny & Marie Osmond","Donny & Marie Osmond","I'm Leaving It (All) Up To You",https://www.discogs.com/release/4079505,1974,"7"" - Archive 02 - [..C-E...]"
"Donny & Marie Osmond","Donny & Marie Osmond","Morning Side Of The Mountain",https://www.discogs.com/release/2162003,1974,"7"" - Archive 02 - [..C-E...]"
"Donny Osmond","Donny Osmond","Puppy Love",https://www.discogs.com/release/4481373,1972,"7"" - Retro - 01 [#,A-G]"
"Donny Osmond","Donny Osmond","The Twelfth Of Never",https://www.discogs.com/release/2669455,1973,"7"" - Retro - 01 [#,A-G]"
"Donny Osmond","Donny Osmond","Too Young",https://www.discogs.com/release/6712289,1972,"7"" - Archive 02 - [..C-E...]"
"Donny Osmond","Donny Osmond","When I Fall In Love",https://www.discogs.com/release/3359073,1973,"7"" - Archive 02 - [..C-E...]"
"Donny Osmond","Donny Osmond","Where Did All The Good Times Go",https://www.discogs.com/release/2142061,1974,"7"" - Archive 02 - [..C-E...]"
"Donny Osmond","Donny Osmond","Young Love / A Million To One",https://www.discogs.com/release/11715543,1973,"7"" - Archive 02 - [..C-E...]"
Donovan,Donovan,"Jennifer Juniper",https://www.discogs.com/release/1620747,1968,"7"" - Retro - 01 [#,A-G]"
"Doobie Brothers","Doobie Brothers","Listen To The Music",https://www.discogs.com/release/2519308,1973,"7"" - Retro - 01 [#,A-G]"
"Doobie Brothers","Doobie Brothers","Long Train Runnin'",https://www.discogs.com/release/4524051,1973,"7"" - Retro - 01 [#,A-G]"
"Doobie Brothers","Doobie Brothers","What A Fool Believes",https://www.discogs.com/release/6697876,1978,"7"" - Retro - 01 [#,A-G]"
"Dooley Wilson With The Voices Of Humphrey Bogart And Ingrid Bergman / Dick Powell","Dooley Wilson With The Voices Of Humphrey Bogart And Ingrid Bergman / Dick Powell","As Time Goes By / I'll String Along With You",https://www.discogs.com/release/10699713,1977,"7"" - Archive 02 - [..C-E...]"
Dooleys,Dooleys,"And I Wish",https://www.discogs.com/release/933207,1981,"7"" - Archive 02 - [..C-E...]"
Dooleys,Dooleys,"Don't Take It Lyin' Down",https://www.discogs.com/release/8148387,1978,"7"" - Archive 02 - [..C-E...]"
Dooleys,Dooleys,"Honey I'm Lost",https://www.discogs.com/release/3460264,1979,"7"" - Archive 02 - [..C-E...]"
Dooleys,Dooleys,"Love Patrol",https://www.discogs.com/release/1768589,1980,"7"" - Archive 02 - [..C-E...]"
Dooleys,Dooleys,"On The Move",https://www.discogs.com/release/11637073,1975,"7"" - Archive 02 - [..C-E...]"
Dooleys,Dooleys,"Sha La La Lullaby / (Your Love Is) Sneaking Up On Me",https://www.discogs.com/release/5458760,1974,"7"" - Archive 02 - [..C-E...]"
Dooleys,Dooleys,"The Chosen Few",https://www.discogs.com/release/7011298,1979,"7"" - Archive 02 - [..C-E...]"
Dooleys,Dooleys,Wanted,https://www.discogs.com/release/11517323,1979,"7"" - Retro - 01 [#,A-G]"
Dooleys,Dooleys,"Will You Or Won't You",https://www.discogs.com/release/6131169,1982,"7"" - Archive 02 - [..C-E...]"
Doop,Doop,Doop,https://www.discogs.com/release/486623,1994,"7"" - Playlist - 02 [...C-F]"
Doors,Doors,"Light My Fire",https://www.discogs.com/release/4643819,1976,"7"" - Retro - 01 [#,A-G]"
Doors,Doors,"Riders On The Storm / Light My Fire",https://www.discogs.com/release/1627250,1985,"7"" - Retro - 01 [#,A-G]"
"Dorothy Moore","Dorothy Moore","I Believe You",https://www.discogs.com/release/1719926,1977,"7"" - Archive 02 - [..C-E...]"
"Dorothy Moore","Dorothy Moore","Misty Blue",https://www.discogs.com/release/4478218,1975,"7"" - Retro - 01 [#,A-G]"
"Dorothy Squires","Dorothy Squires",Till,https://www.discogs.com/release/7211416,1970,"7"" - Archive 02 - [..C-E...]"
Dots,Dots,"Helen In Your Headphones",https://www.discogs.com/release/3227573,1982,"7"" - Playlist - 02 [...C-F]"
Double,Double,"The Captain Of Her Heart",https://www.discogs.com/release/137283,1986,"7"" - Archive 02 - [..C-E...]"
"Doug E. Fresh And The Get Fresh Crew","Doug E. Fresh And The Get Fresh Crew","The Show & La Di Da Di",https://www.discogs.com/release/190509,1985,"7"" - Archive 02 - [..C-E...]"
"Doug Sheldon","Doug Sheldon","I Saw Linda Yesterday",https://www.discogs.com/release/2121441,1963,"7"" - Archive 02 - [..C-E...]"
"Doug Sheldon","Doug Sheldon","Run Around Sue",https://www.discogs.com/release/11917561,1961,"7"" - Retro - 01 [#,A-G]"
"Dr. Alban","Dr. Alban","It's My Life",https://www.discogs.com/release/2015421,1992,"7"" - Archive 02 - [..C-E...]"
"Dr. Buzzard's Original Savannah Band","Dr. Buzzard's Original Savannah Band","Whispering / Cherchez La Femme / Se Si Bon",https://www.discogs.com/release/2155916,1976,"7"" - Archive 02 - [..C-E...]"
"Dr. Feelgood","Dr. Feelgood","As Long As The Price Is Right",https://www.discogs.com/release/1381366,1979,"7"" - Archive 02 - [..C-E...]"
"Dr. Feelgood","Dr. Feelgood","Back In The Night",https://www.discogs.com/release/1538696,1975,"7"" - Archive 02 - [..C-E...]"
"Dr. Feelgood","Dr. Feelgood","Down At The Doctors",https://www.discogs.com/release/514343,1978,"7"" - Playlist - 02 [...C-F]"
"Dr. Feelgood","Dr. Feelgood","Milk And Alcohol",https://www.discogs.com/release/698334,1978,"7"" - Playlist - 02 [...C-F]"
"Dr. Feelgood","Dr. Feelgood","Roxette (Recorded Live)",https://www.discogs.com/release/2506537,1976,"7"" - Archive 02 - [..C-E...]"
"Dr. Feelgood","Dr. Feelgood","She Does It Right",https://www.discogs.com/release/2506497,1975,"7"" - Archive 02 - [..C-E...]"
"Dr. Feelgood","Dr. Feelgood","Sneakin' Suspicion",https://www.discogs.com/release/1325478,1977,"7"" - Archive 02 - [..C-E...]"
"Dr. Hook","Dr. Hook","A Little Bit More",https://www.discogs.com/release/4776472,1976,"7"" - Retro - 01 [#,A-G]"
"Dr. Hook","Dr. Hook","If Not You / Up On The Mountain",https://www.discogs.com/release/1470572,1976,"7"" - Archive 02 - [..C-E...]"
"Dr. Hook","Dr. Hook","More Like The Movies",https://www.discogs.com/release/1470569,1978,"7"" - Archive 02 - [..C-E...]"
"Dr. Hook","Dr. Hook","Only Sixteen / Levitate",https://www.discogs.com/release/4640197,1975,"7"" - Archive 02 - [..C-E...]"
"Dr. Hook","Dr. Hook","Sexy Eyes",https://www.discogs.com/release/5676744,1980,"7"" - Retro - 01 [#,A-G]"
"Dr. Hook","Dr. Hook","When You're In Love With A Beautiful Woman",https://www.discogs.com/release/5242724,1978,"7"" - Retro - 01 [#,A-G]"
"Dr. Hook","Dr. Hook","Years From Now",https://www.discogs.com/release/2145520,1980,"7"" - Archive 02 - [..C-E...]"
"Dr. Hook & The Medicine Show","Dr. Hook & The Medicine Show","Sylvia's Mother",https://www.discogs.com/release/3938604,1972,"7"" - Retro - 01 [#,A-G]"
Dramatis,Dramatis,"Ex Luna Scientia",https://www.discogs.com/release/476921,1981,"7"" - Archive 02 - [..C-E...]"
"Dream Academy","Dream Academy","Life In A Northern Town",https://www.discogs.com/release/4683199,1985,"7"" - Playlist - 02 [...C-F]"
"Dream Warriors","Dream Warriors","My Definition Of A Boombastic Jazz Style",https://www.discogs.com/release/216678,1990,"7"" - Playlist - 02 [...C-F]"
"Dream Warriors","Dream Warriors","Wash Your Face In My Sink",https://www.discogs.com/release/209478,1990,"7"" - Playlist - 02 [...C-F]"
Drifters,Drifters,"Hello Happiness",https://www.discogs.com/release/1592137,1976,"7"" - Archive 02 - [..C-E...]"
Drifters,Drifters,"Kissin' In The Back Row Of The Movies",https://www.discogs.com/release/474969,1974,"7"" - Retro - 01 [#,A-G]"
Drifters,Drifters,"There Goes My First Love",https://www.discogs.com/release/474979,1975,"7"" - Retro - 01 [#,A-G]"
Drifters,Drifters,"You're More Than A Number In My Little Red Book",https://www.discogs.com/release/2630439,1976,"7"" - Retro - 01 [#,A-G]"
Driscolls,Driscolls,"Girl I Want You Back",https://www.discogs.com/release/3138318,1988,"7"" - Archive 02 - [..C-E...]"
Driscolls,Driscolls,"Julie Christie",https://www.discogs.com/release/1779250,1988,"7"" - Archive 02 - [..C-E...]"
"Driver 67","Driver 67","Car 67",https://www.discogs.com/release/1494586,1978,"7"" - Playlist - 02 [...C-F]"
"Driver 67","Driver 67",Headlights,https://www.discogs.com/release/3439292,1979,"7"" - Novelty [#,A-Z]"
"Drum Theatre","Drum Theatre",Eldorado,https://www.discogs.com/release/1873598,1986,"7"" - Archive 02 - [..C-E...]"
Drupi,Drupi,"Vado Via",https://www.discogs.com/release/478491,1973,"7"" - Archive 02 - [..C-E...]"
"Duane Eddy","Duane Eddy","(Dance With The) Guitar Man / Stretchin' Out",https://www.discogs.com/release/10807105,1962,"7"" - Archive 02 - [..C-E...]"
"Duane Eddy","Duane Eddy","Love Confusion",https://www.discogs.com/release/2118598,1975,"7"" - Archive 02 - [..C-E...]"
"Duane Eddy","Duane Eddy","The Ballad Of Paladin",https://www.discogs.com/release/10866007,1962,"7"" - Archive 02 - [..C-E...]"
"Duane Eddy & The Rebelettes / Duane Eddy","Duane Eddy & The Rebelettes / Duane Eddy","Play Me Like You Play Your Guitar / Blue Montana Sky",https://www.discogs.com/release/475245,1975,"7"" - Archive 02 - [..C-E...]"
Dubliners,Dubliners,"Black Velvet Band",https://www.discogs.com/release/9401796,1967,"7"" - Archive 02 - [..C-E...]"
Dukes,Dukes,"Thank You For The Party",https://www.discogs.com/release/3367440,1982,"7"" - Archive 02 - [..C-E...]"
"Dumpy's Rusty Bolts","Dumpy's Rusty Bolts","Boxhill Or Bust",https://www.discogs.com/release/3140614,1982,"7"" - Archive 02 - [..C-E...]"
"Duncan Browne","Duncan Browne",Fauvette,https://www.discogs.com/release/1422871,1979,"7"" - Archive 02 - [..C-E...]"
"Duran Duran","Duran Duran","A View To A Kill",https://www.discogs.com/release/215764,1985,"7"" - Playlist - 02 [...C-F]"
"Duran Duran","Duran Duran","All She Wants Is",https://www.discogs.com/release/472752,1988,"7"" - Playlist - 02 [...C-F]"
"Duran Duran","Duran Duran","Girls On Film",https://www.discogs.com/release/137725,1981,"7"" - Playlist - 02 [...C-F]"
"Duran Duran","Duran Duran","Hungry Like The Wolf",https://www.discogs.com/release/140862,1982,"7"" - Playlist - 02 [...C-F]"
"Duran Duran","Duran Duran","Is There Something I Should Know?",https://www.discogs.com/release/300183,1983,"7"" - Playlist - 02 [...C-F]"
"Duran Duran","Duran Duran","New Moon On Monday",https://www.discogs.com/release/738583,1984,"7"" - Playlist - 02 [...C-F]"
"Duran Duran","Duran Duran","Notorious  ",https://www.discogs.com/release/257873,1986,"7"" - Playlist - 02 [...C-F]"
"Duran Duran","Duran Duran","Planet Earth",https://www.discogs.com/release/9719807,1981,"7"" - Playlist - 02 [...C-F]"
"Duran Duran","Duran Duran",Rio,https://www.discogs.com/release/10503930,1982,"7"" - Playlist - 02 [...C-F]"
"Duran Duran","Duran Duran","Save A Prayer",https://www.discogs.com/release/215148,1982,"7"" - Playlist - 02 [...C-F]"
"Duran Duran","Duran Duran","Skin Trade",https://www.discogs.com/release/893294,1987,"7"" - Playlist - 02 [...C-F]"
"Duran Duran","Duran Duran","The Reflex",https://www.discogs.com/release/3938856,1984,"7"" - Playlist - 02 [...C-F]"
"Duran Duran","Duran Duran","The Wild Boys",https://www.discogs.com/release/3938899,1984,"7"" - Playlist - 02 [...C-F]"
"Duran Duran","Duran Duran","Union Of The Snake",https://www.discogs.com/release/5373471,1983,"7"" - Playlist - 02 [...C-F]"
"Dusty Springfield","Dusty Springfield","I Close My Eyes And Count To Ten",https://www.discogs.com/release/1137224,1968,"7"" - Retro - 01 [#,A-G]"
"Dusty Springfield","Dusty Springfield","I Only Want To Be With You",https://www.discogs.com/release/563025,1963,"7"" - Retro - 01 [#,A-G]"
"Dusty Springfield","Dusty Springfield","In Private",https://www.discogs.com/release/755048,1989,"7"" - Playlist - 02 [...C-F]"
"Dusty Springfield","Dusty Springfield","In The Middle Of Nowhere",https://www.discogs.com/release/563028,1965,"7"" - Playlist - 02 [...C-F]"
"Dusty Springfield","Dusty Springfield","Nothing Has Been Proved",https://www.discogs.com/release/1604280,1989,"7"" - Playlist - 02 [...C-F]"
"Dusty Springfield","Dusty Springfield","Son-Of-A Preacher Man",https://www.discogs.com/release/6641207,1968,"7"" - Retro - 01 [#,A-G]"
"Dusty Springfield","Dusty Springfield","You Don't Have To Say You Love Me (Io Che No Vivo Senza Te)",https://www.discogs.com/release/563034,1966,"7"" - Retro - 01 [#,A-G]"
Dynasty,Dynasty,"I've Just Begun To Love You",https://www.discogs.com/release/15199946,1980,"7"" - Archive 02 - [..C-E...]"
Eagles,Eagles,"Heartache Tonight",https://www.discogs.com/release/612628,1979,"7"" - Retro - 01 [#,A-G]"
Eagles,Eagles,"Life In The Fast Lane",https://www.discogs.com/release/2568959,1977,"7"" - Retro - 01 [#,A-G]"
Eagles,Eagles,"Lyin' Eyes / James Dean",https://www.discogs.com/release/2568951,1975,"7"" - Retro - 01 [#,A-G]"
Eagles,Eagles,"One Of These Nights",https://www.discogs.com/release/1545937,1975,"7"" - Retro - 01 [#,A-G]"
Eagles,Eagles,"Take It To The Limit",https://www.discogs.com/release/4022799,1981,"7"" - Archive 02 - [..C-E...]"
Eagles,Eagles,"Take It To The Limit / Best Of My Love",https://www.discogs.com/release/1593659,1976,"7"" - Retro - 01 [#,A-G]"
"Earl Thomas Conley","Earl Thomas Conley","Don't Make It Easy For Me",https://www.discogs.com/release/5674305,1983,"7"" - Archive 02 - [..C-E...]"
"Earth, Wind & Fire","Earth, Wind & Fire","After The Love Has Gone",https://www.discogs.com/release/518460,1979,"7"" - Playlist - 02 [...C-F]"
"Earth, Wind & Fire","Earth, Wind & Fire","Fall In Love With Me",https://www.discogs.com/release/4535373,1982,"7"" - Archive 02 - [..C-E...]"
"Earth, Wind & Fire","Earth, Wind & Fire","Fantasy ",https://www.discogs.com/release/1256469,1978,"7"" - Playlist - 02 [...C-F]"
"Earth, Wind & Fire","Earth, Wind & Fire","Got To Get You Into My Life",https://www.discogs.com/release/1881483,1978,"7"" - Playlist - 02 [...C-F]"
"Earth, Wind & Fire","Earth, Wind & Fire","I've Had Enough",https://www.discogs.com/release/1811220,1981,"7"" - Archive 02 - [..C-E...]"
"Earth, Wind & Fire","Earth, Wind & Fire","In The Stone",https://www.discogs.com/release/1593642,1979,"7"" - Archive 02 - [..C-E...]"
"Earth, Wind & Fire","Earth, Wind & Fire","Let Me Talk",https://www.discogs.com/release/2028690,1980,"7"" - Archive 02 - [..C-E...]"
"Earth, Wind & Fire","Earth, Wind & Fire","Let's Groove",https://www.discogs.com/release/1261142,1981,"7"" - Playlist - 02 [...C-F]"
"Earth, Wind & Fire","Earth, Wind & Fire","Saturday Nite",https://www.discogs.com/release/14948728,1976,"7"" - Archive 02 - [..C-E...]"
"Earth, Wind & Fire","Earth, Wind & Fire",September,https://www.discogs.com/release/14894754,1978,"7"" - Playlist - 02 [...C-F]"
"Earth, Wind & Fire","Earth, Wind & Fire","Shining Star",https://www.discogs.com/release/8997847,1975,"7"" - Playlist - 02 [...C-F]"
"Earth, Wind & Fire","Earth, Wind & Fire","Sing A Song / That's The Way Of The World / Shinin' Star (Live) / Biyo",https://www.discogs.com/release/2386205,1976,"7"" - Archive 02 - [..C-E...]"
"Earth, Wind & Fire","Earth, Wind & Fire",Star,https://www.discogs.com/release/1129991,1979,"7"" - Playlist - 02 [...C-F]"
"Earth, Wind & Fire","Earth, Wind & Fire",Touch,https://www.discogs.com/release/9759001,1983,"7"" - Archive 02 - [..C-E...]"
"Earth, Wind & Fire","Earth, Wind & Fire With The Emotions","Boogie Wonderland",https://www.discogs.com/release/4672593,1979,"7"" - Playlist - 02 [...C-F]"
"Eartha Kitt","Eartha Kitt","I Want To Be Evil",https://www.discogs.com/release/6686693,1958,"7"" - Archive 02 - [..C-E...]"
"Eartha Kitt","Eartha Kitt","Where Is My Man",https://www.discogs.com/release/517998,1983,"7"" - Archive 02 - [..C-E...]"
"East Of Eden","East Of Eden",Jig-A-Jig,https://www.discogs.com/release/5520681,1971,"7"" - Archive 02 - [..C-E...]"
"Eastside Connection","Eastside Connection","You're So Right For Me",https://www.discogs.com/release/1075933,1978,"7"" - Archive 02 - [..C-E...]"
"Easy Street","Easy Street","Love At Breakfast",https://www.discogs.com/release/7504086,1977,"7"" - Archive 02 - [..C-E...]"
"Echo & The Bunnymen","Echo & The Bunnymen","Bring On The Dancing Horses",https://www.discogs.com/release/575999,1985,"7"" - Playlist - 02 [...C-F]"
"Echo & The Bunnymen","Echo & The Bunnymen","Never Stop",https://www.discogs.com/release/485645,1983,"7"" - Playlist - 02 [...C-F]"
"Echo & The Bunnymen","Echo & The Bunnymen","People Are Strange",https://www.discogs.com/release/485648,1988,"7"" - Playlist - 02 [...C-F]"
"Echo & The Bunnymen","Echo & The Bunnymen","Seven Seas",https://www.discogs.com/release/8808655,1984,"7"" - Playlist - 02 [...C-F]"
"Echo & The Bunnymen","Echo & The Bunnymen","The Back Of Love",https://www.discogs.com/release/376449,1982,"7"" - Playlist - 02 [...C-F]"
"Echo & The Bunnymen","Echo & The Bunnymen","The Cutter",https://www.discogs.com/release/576002,1983,"7"" - Playlist - 02 [...C-F]"
"Echo & The Bunnymen","Echo & The Bunnymen","The Killing Moon",https://www.discogs.com/release/8579893,1984,"7"" - Playlist - 02 [...C-F]"
"Eddie And The Hot Rods","Eddie And The Hot Rods","Do Anything You Wanna Do",https://www.discogs.com/release/6076165,1977,"7"" - Playlist - 02 [...C-F]"
"Eddie And The Hot Rods","Eddie And The Hot Rods","I Might Be Lying",https://www.discogs.com/release/13241775,1977,"7"" - Archive 02 - [..C-E...]"
"Eddie And The Hot Rods","Eddie And The Hot Rods","Live At The Marquee",https://www.discogs.com/release/11936900,1976,"7"" - Playlist - 02 [...C-F]"
"Eddie And The Hot Rods","Eddie And The Hot Rods","Quit This Town",https://www.discogs.com/release/8044726,1977,"7"" - Archive 02 - [..C-E...]"
"Eddie Cochran","Eddie Cochran","C'Mon Everybody",https://www.discogs.com/release/474732,1988,"7"" - Retro - 01 [#,A-G]"
"Eddie Cochran","Eddie Cochran","Summertime Blues / Cut Across Shorty",https://www.discogs.com/release/3666280,1972,"7"" - Retro - 01 [#,A-G]"
"Eddie Drennon & The B.B.S. Unlimited","Eddie Drennon & The B.B.S. Unlimited","Let's Do The Latin Hustle",https://www.discogs.com/release/3938660,1976,"7"" - Archive 02 - [..C-E...]"
"Eddie Rabbitt","Eddie Rabbitt","Every Which Way But Loose",https://www.discogs.com/release/3602371,"","7"" - Archive 02 - [..C-E...]"
"Eddy & The Soulband","Eddy & The Soulband","Theme From Shaft",https://www.discogs.com/release/1021533,1985,"7"" - Archive 02 - [..C-E...]"
"Eddy Arnold","Eddy Arnold","Make The World Go Away",https://www.discogs.com/release/10923262,1965,"7"" - Archive 02 - [..C-E...]"
"Eddy Grant","Eddy Grant","Can't Get Enough Of You",https://www.discogs.com/release/23860943,1981,"7"" - Archive 02 - [..C-E...]"
"Eddy Grant","Eddy Grant","Do You Feel My Love",https://www.discogs.com/release/1369949,1980,"7"" - Archive 02 - [..C-E...]"
"Eddy Grant","Eddy Grant","Electric Avenue",https://www.discogs.com/release/3940277,1983,"7"" - Playlist - 02 [...C-F]"
"Eddy Grant","Eddy Grant","Gimme Hope Jo'Anna",https://www.discogs.com/release/611589,1988,"7"" - Playlist - 02 [...C-F]"
"Eddy Grant","Eddy Grant","I Don't Wanna Dance",https://www.discogs.com/release/10059458,1982,"7"" - Playlist - 02 [...C-F]"
"Eddy Grant","Eddy Grant","I Love You Yes, I Love You",https://www.discogs.com/release/1548692,1981,"7"" - Archive 02 - [..C-E...]"
"Eddy Grant","Eddy Grant","Living On The Frontline",https://www.discogs.com/release/7502087,1979,"7"" - Archive 02 - [..C-E...]"
"Eddy Grant","Eddy Grant","War Party",https://www.discogs.com/release/1997670,1982,"7"" - Archive 02 - [..C-E...]"
Edelweiss,Edelweiss,"A Sound Attack Straight From The Alps",https://www.discogs.com/release/1056108,1988,"7"" - Archive 02 - [..C-E...]"
"Eden Kane","Eden Kane","Boys Cry",https://www.discogs.com/release/18626992,1964,"7"" - Archive 02 - [..C-E...]"
"Eden Kane","Eden Kane","Get Lost",https://www.discogs.com/release/540998,1961,"7"" - Archive 02 - [..C-E...]"
"Edgar Winter Group","Edgar Winter Group",Frankenstein,https://www.discogs.com/release/13338692,"","7"" - Archive 02 - [..C-E...]"
"Edie Brickell & New Bohemians","Edie Brickell & New Bohemians","What I Am",https://www.discogs.com/release/4196376,1989,Uncategorized
"Edison Lighthouse","Edison Lighthouse","Love Grows (Where My Rosemary Goes)",https://www.discogs.com/release/15293655,1970,"7"" - Retro - 01 [#,A-G]"
"Edith Piaf","Edith Piaf","Milord / Je Sais Comment",https://www.discogs.com/release/5995821,1959,"7"" - Archive 02 - [..C-E...]"
"Edmund Hockridge With Bill Shepherd 's Northern Orchestra","Edmund Hockridge With Bill Shepherd 's Northern Orchestra","A Selection From The M.G.M. Picture ""Gigi""",https://www.discogs.com/release/4494514,1959,"7"" - Archive 02 - [..C-E...]"
"Edwin Hawkins Singers","Edwin Hawkins Singers","Oh Happy Day",https://www.discogs.com/release/1741740,1969,"7"" - Retro - 01 [#,A-G]"
"Edwin Starr","Edwin Starr","Contact ",https://www.discogs.com/release/214583,1978,"7"" - Playlist - 02 [...C-F]"
"Edwin Starr","Edwin Starr","H.A.P.P.Y. Radio",https://www.discogs.com/release/3638726,1979,"7"" - Playlist - 02 [...C-F]"
"Edwin Starr","Edwin Starr",War,https://www.discogs.com/release/611576,1970,"7"" - Playlist - 02 [...C-F]"
"Egton Runners","Egton Runners","Won't Somebody Play My Record",https://www.discogs.com/release/8658603,1979,"7"" - Novelty [#,A-Z]"
"Eighth Wonder","Eighth Wonder","Cross My Heart",https://www.discogs.com/release/3748166,1988,"7"" - Archive 02 - [..C-E...]"
"Eighth Wonder","Eighth Wonder","I'm Not Scared",https://www.discogs.com/release/219395,1988,"7"" - Archive 02 - [..C-E...]"
"Elaine Paige","Elaine Paige",Memory,https://www.discogs.com/release/1177360,1981,"7"" - Archive 02 - [..C-E...]"
"Elaine Paige And Barbara Dickson","Elaine Paige And Barbara Dickson","I Know Him So Well",https://www.discogs.com/release/15881114,1984,"7"" - Archive 02 - [..C-E...]"
"Electric Light Orchestra","Electric Light Orchestra","10538 Overture",https://www.discogs.com/release/4076834,1972,"7"" - Retro - 01 [#,A-G]"
"Electric Light Orchestra","Electric Light Orchestra","All Over The World",https://www.discogs.com/release/1753190,1980,"7"" - Playlist - 02 [...C-F]"
"Electric Light Orchestra","Electric Light Orchestra","Can't Get It Out Of My Head",https://www.discogs.com/release/3562580,1978,"7"" - Playlist - 02 [...C-F]"
"Electric Light Orchestra","Electric Light Orchestra","Don't Bring Me Down",https://www.discogs.com/release/2981072,1979,"7"" - Playlist - 02 [...C-F]"
"Electric Light Orchestra","Electric Light Orchestra","Don't Walk Away",https://www.discogs.com/release/6870533,1980,"7"" - Playlist - 02 [...C-F]"
"Electric Light Orchestra","Electric Light Orchestra","Evil Woman",https://www.discogs.com/release/1144611,1975,"7"" - Playlist - 02 [...C-F]"
"Electric Light Orchestra","Electric Light Orchestra","Hold On Tight",https://www.discogs.com/release/15668944,1981,"7"" - Playlist - 02 [...C-F]"
"Electric Light Orchestra","Electric Light Orchestra","I'm Alive",https://www.discogs.com/release/15203108,1980,"7"" - Retro - 01 [#,A-G]"
"Electric Light Orchestra","Electric Light Orchestra","Livin' Thing",https://www.discogs.com/release/13146348,1976,"7"" - Playlist - 02 [...C-F]"
"Electric Light Orchestra","Electric Light Orchestra","Ma-Ma-Ma Belle",https://www.discogs.com/release/1774560,1974,"7"" - Retro - 01 [#,A-G]"
"Electric Light Orchestra","Electric Light Orchestra","Mr. Blue Sky",https://www.discogs.com/release/3848832,1978,"7"" - Playlist - 02 [...C-F]"
"Electric Light Orchestra","Electric Light Orchestra",Rockaria!,https://www.discogs.com/release/14397695,1977,"7"" - Retro - 01 [#,A-G]"
"Electric Light Orchestra","Electric Light Orchestra","Roll Over Beethoven",https://www.discogs.com/release/5596405,1973,"7"" - Retro - 01 [#,A-G]"
"Electric Light Orchestra","Electric Light Orchestra","Shine A Little Love",https://www.discogs.com/release/5843981,1979,"7"" - Retro - 01 [#,A-G]"
"Electric Light Orchestra","Electric Light Orchestra",Showdown,https://www.discogs.com/release/966320,1973,"7"" - Retro - 01 [#,A-G]"
"Electric Light Orchestra","Electric Light Orchestra","Sweet Talkin' Woman",https://www.discogs.com/release/2840203,1978,"7"" - Playlist - 02 [...C-F]"
"Electric Light Orchestra","Electric Light Orchestra","Telephone Line",https://www.discogs.com/release/1520013,1977,"7"" - Playlist - 02 [...C-F]"
"Electric Light Orchestra","Electric Light Orchestra","The Diary Of Horace Wimp",https://www.discogs.com/release/472005,1979,"7"" - Playlist - 02 [...C-F]"
"Electric Light Orchestra","Electric Light Orchestra","The ELO EP",https://www.discogs.com/release/472009,1978,"7"" - Retro - 01 [#,A-G]"
"Electric Light Orchestra","Electric Light Orchestra","Turn To Stone",https://www.discogs.com/release/11742228,1977,"7"" - Playlist - 02 [...C-F]"
"Electric Light Orchestra","Electric Light Orchestra","Wild West Hero",https://www.discogs.com/release/7341694,1978,"7"" - Playlist - 02 [...C-F]"
"Electro Gnomes","Electro Gnomes","The Electric Gnome Dance",https://www.discogs.com/release/1243777,1982,"7"" - Novelty [#,A-Z]"
Electronic,Electronic,"Getting Away With It...",https://www.discogs.com/release/1188640,1989,"7"" - Playlist - 02 [...C-F]"
"Elkie Brooks","Elkie Brooks","Don't Cry Out Loud",https://www.discogs.com/release/5769175,1978,"7"" - Retro - 01 [#,A-G]"
"Elkie Brooks","Elkie Brooks","Lilac Wine",https://www.discogs.com/release/1835293,1978,"7"" - Retro - 01 [#,A-G]"
"Elkie Brooks","Elkie Brooks","No More The Fool",https://www.discogs.com/release/1897351,1986,"7"" - Retro - 01 [#,A-G]"
"Elkie Brooks","Elkie Brooks","Pearl's A Singer",https://www.discogs.com/release/10441991,1977,"7"" - Retro - 01 [#,A-G]"
"Elkie Brooks","Elkie Brooks","Sunshine After The Rain",https://www.discogs.com/release/15089704,1977,"7"" - Retro - 01 [#,A-G]"
"Elton John","Elton John","Benny And The Jets",https://www.discogs.com/release/1732971,1976,"7"" - Playlist - 02 [...C-F]"
"Elton John","Elton John","Blue Eyes",https://www.discogs.com/release/1025010,1982,"7"" - Playlist - 02 [...C-F]"
"Elton John","Elton John","Candle In The Wind",https://www.discogs.com/release/2360558,1987,"7"" - Playlist - 02 [...C-F]"
"Elton John","Elton John","Crazy Water",https://www.discogs.com/release/4904961,1977,"7"" - Archive 02 - [..C-E...]"
"Elton John","Elton John","Crocodile Rock",https://www.discogs.com/release/21423208,1972,"7"" - Playlist - 02 [...C-F]"
"Elton John","Elton John",Daniel,https://www.discogs.com/release/15378356,1973,"7"" - Retro - 01 [#,A-G]"
"Elton John","Elton John","Don't Let The Sun Go Down On Me",https://www.discogs.com/release/15368946,1974,"7"" - Playlist - 02 [...C-F]"
"Elton John","Elton John","Goodbye Yellow Brick Road",https://www.discogs.com/release/1811039,1973,"7"" - Playlist - 02 [...C-F]"
"Elton John","Elton John","I Guess That's Why They Call It The Blues",https://www.discogs.com/release/2903375,1983,"7"" - Retro - 01 [#,A-G]"
"Elton John","Elton John","I'm Still Standing",https://www.discogs.com/release/1505147,1983,"7"" - Playlist - 02 [...C-F]"
"Elton John","Elton John","Island Girl",https://www.discogs.com/release/9663253,1975,"7"" - Retro - 01 [#,A-G]"
"Elton John","Elton John","Kiss The Bride",https://www.discogs.com/release/2060684,1983,"7"" - Playlist - 02 [...C-F]"
"Elton John","Elton John","Lady Samantha / Skyline Pigeon",https://www.discogs.com/release/4426469,1978,"7"" - Archive 02 - [..C-E...]"
"Elton John","Elton John","Lucy In The Sky With Diamonds",https://www.discogs.com/release/2747649,1974,"7"" - Retro - 01 [#,A-G]"
"Elton John","Elton John",Nikita,https://www.discogs.com/release/735014,1985,"7"" - Playlist - 02 [...C-F]"
"Elton John","Elton John","Part Time Love",https://www.discogs.com/release/4390703,1978,"7"" - Playlist - 02 [...C-F]"
"Elton John","Elton John",Passengers,https://www.discogs.com/release/13816630,1984,"7"" - Playlist - 02 [...C-F]"
"Elton John","Elton John","Pinball Wizard",https://www.discogs.com/release/4556259,1975,"7"" - Retro - 01 [#,A-G]"
"Elton John","Elton John","Rocket Man (I Think It's Going To Be A Long Long Time)",https://www.discogs.com/release/16009033,1972,"7"" - Playlist - 02 [...C-F]"
"Elton John","Elton John","Sacrifice / Healing Hands",https://www.discogs.com/release/383769,1990,"7"" - Playlist - 02 [...C-F]"
"Elton John","Elton John","Sad Songs (Say So Much)",https://www.discogs.com/release/1543511,1984,"7"" - Playlist - 02 [...C-F]"
"Elton John","Elton John","Saturday Night's Alright For Fighting",https://www.discogs.com/release/475284,1973,"7"" - Playlist - 02 [...C-F]"
"Elton John","Elton John","Someone Saved My Life Tonight",https://www.discogs.com/release/4537089,1975,"7"" - Retro - 01 [#,A-G]"
"Elton John","Elton John","Song For Guy",https://www.discogs.com/release/710720,1978,"7"" - Playlist - 02 [...C-F]"
"Elton John","Elton John","Sorry Seems To Be The Hardest Word",https://www.discogs.com/release/7035767,1976,"7"" - Playlist - 02 [...C-F]"
"Elton John","Elton John","Step Into Christmas",https://www.discogs.com/release/6278544,1973,"7"" - Holiday [#,A-Z]"
"Elton John","Elton John","The Bitch Is Back",https://www.discogs.com/release/1604909,1974,"7"" - Playlist - 02 [...C-F]"
"Elton John","Elton John","The One",https://www.discogs.com/release/4430824,1992,"7"" - Archive 02 - [..C-E...]"
"Elton John","Elton John & Kiki Dee","Don't Go Breaking My Heart",https://www.discogs.com/release/2154164,1976,"7"" - Playlist - 02 [...C-F]"
"Elton John","Elton John / Kiki Dee","Bite Your Lip (Get Up And Dance)",https://www.discogs.com/release/2389985,1977,"7"" - Archive 02 - [..C-E...]"
"Elton John","Elton John Band","Philadelphia Freedom",https://www.discogs.com/release/4537323,1975,"7"" - Playlist - 02 [...C-F]"
"Elton Motello","Elton Motello","Jet Boy Jet Girl / Pogo Pogo",https://www.discogs.com/release/1871319,1978,"7"" - Playlist - 02 [...C-F]"
"Elvis Costello","Elvis Costello","New Amsterdam / Dr Luther's Assistant",https://www.discogs.com/release/828497,1980,"7"" - Archive 02 - [..C-E...]"
"Elvis Costello & The Attractions","Elvis Costello","Watching The Detectives",https://www.discogs.com/release/668929,1977,"7"" - Playlist - 02 [...C-F]"
"Elvis Costello & The Attractions","Elvis Costello & The Attractions","(I Don't Want To Go To) Chelsea",https://www.discogs.com/release/9990012,1978,"7"" - Playlist - 02 [...C-F]"
"Elvis Costello & The Attractions","Elvis Costello & The Attractions","Accidents Will Happen",https://www.discogs.com/release/6829664,1979,"7"" - Playlist - 02 [...C-F]"
"Elvis Costello & The Attractions","Elvis Costello & The Attractions","Good Year For The Roses",https://www.discogs.com/release/11882275,1981,"7"" - Playlist - 02 [...C-F]"
"Elvis Costello & The Attractions","Elvis Costello & The Attractions","High Fidelity",https://www.discogs.com/release/2506764,1980,"7"" - Playlist - 02 [...C-F]"
"Elvis Costello & The Attractions","Elvis Costello & The Attractions","I Can't Stand Up For Falling Down",https://www.discogs.com/release/536843,1980,"7"" - Playlist - 02 [...C-F]"
"Elvis Costello & The Attractions","Elvis Costello & The Attractions","I Wanna Be Loved",https://www.discogs.com/release/1159614,1984,"7"" - Archive 02 - [..C-E...]"
"Elvis Costello & The Attractions","Elvis Costello & The Attractions","Oliver's Army",https://www.discogs.com/release/5409039,1979,"7"" - Playlist - 02 [...C-F]"
"Elvis Costello & The Attractions","Elvis Costello & The Attractions","Pump It Up",https://www.discogs.com/release/418914,1978,"7"" - Playlist - 02 [...C-F]"
"Elvis Costello & The Attractions","Elvis Costello & The Attractions","Radio Radio",https://www.discogs.com/release/418917,1978,"7"" - Playlist - 02 [...C-F]"
"Elvis Costello & The Attractions","Elvis Costello & The Attractions","Sweet Dreams",https://www.discogs.com/release/1159595,1981,"7"" - Archive 02 - [..C-E...]"
"Elvis Presley","Elvis Presley","Ain't That Loving You Baby",https://www.discogs.com/release/6428546,1964,"7"" - Archive 01 - [#,A-C..]"
"Elvis Presley","Elvis Presley","Follow That Dream",https://www.discogs.com/release/14827934,1963,"7"" - Archive 02 - [..C-E...]"
"Elvis Presley","Elvis Presley","Green Green Grass Of Home",https://www.discogs.com/release/2043052,1975,"7"" - Archive 02 - [..C-E...]"
"Elvis Presley","Elvis Presley","I've Lost You",https://www.discogs.com/release/3369395,1970,"7"" - Archive 02 - [..C-E...]"
"Elvis Presley","Elvis Presley","In The Ghetto",https://www.discogs.com/release/586644,1969,"7"" - Retro - 01 [#,A-G]"
"Elvis Presley","Elvis Presley","It Won't Seem Like Christmas (Without You)",https://www.discogs.com/release/2567851,1979,"7"" - Holiday [#,A-Z]"
"Elvis Presley","Elvis Presley","Jailhouse Rock",https://www.discogs.com/release/7402656,1958,"7"" - Archive 02 - [..C-E...]"
"Elvis Presley","Elvis Presley","Jailhouse Rock / Treat Me Nice",https://www.discogs.com/release/3536400,1988,"7"" - Retro - 01 [#,A-G]"
"Elvis Presley","Elvis Presley","Moody Blue",https://www.discogs.com/release/2102018,1976,"7"" - Archive 02 - [..C-E...]"
"Elvis Presley","Elvis Presley","My Boy",https://www.discogs.com/release/13354556,1974,"7"" - Archive 02 - [..C-E...]"
"Elvis Presley","Elvis Presley","My Way",https://www.discogs.com/release/553711,1977,"7"" - Retro - 01 [#,A-G]"
"Elvis Presley","Elvis Presley",Paralyzed,https://www.discogs.com/release/11211836,1957,"7"" - Archive 02 - [..C-E...]"
"Elvis Presley","Elvis Presley","Promised Land",https://www.discogs.com/release/8565376,1974,"7"" - Retro - 01 [#,A-G]"
"Elvis Presley","Elvis Presley","Rags To Riches",https://www.discogs.com/release/2875798,1971,"7"" - Archive 02 - [..C-E...]"
"Elvis Presley","Elvis Presley","Raised On Rock",https://www.discogs.com/release/2362140,1973,"7"" - Archive 02 - [..C-E...]"
"Elvis Presley","Elvis Presley",Suspicion,https://www.discogs.com/release/630472,1976,"7"" - Archive 02 - [..C-E...]"
"Elvis Presley","Elvis Presley","Suspicious Minds",https://www.discogs.com/release/11844242,1969,"7"" - Retro - 01 [#,A-G]"
"Elvis Presley","Elvis Presley",T-R-O-U-B-L-E,https://www.discogs.com/release/4031105,1975,"7"" - Retro - 01 [#,A-G]"
"Elvis Presley","Elvis Presley","The Wonder Of You",https://www.discogs.com/release/14607743,1970,"7"" - Retro - 01 [#,A-G]"
"Elvis Presley","Elvis Presley","Way Down",https://www.discogs.com/release/9205692,1977,"7"" - Retro - 01 [#,A-G]"
"Elvis Presley","Elvis Presley","Wild In The Country",https://www.discogs.com/release/7068576,1961,"7"" - Archive 02 - [..C-E...]"
"Elvis Presley","Elvis Presley","Wooden Heart",https://www.discogs.com/release/9262454,1961,"7"" - Retro - 01 [#,A-G]"
"Elvis Presley","Elvis Presley","You Don't Have To Say You Love Me / Patch It Up",https://www.discogs.com/release/11783916,1971,"7"" - Retro - 01 [#,A-G]"
"Elvis Presley With The Jordanaires","Elvis Presley With The Jordanaires","A Mess Of Blues",https://www.discogs.com/release/10768121,1960,"7"" - Archive 02 - [..C-E...]"
"Elvis Presley With The Jordanaires","Elvis Presley With The Jordanaires","All Shook Up",https://www.discogs.com/release/10302086,1970,"7"" - Retro - 01 [#,A-G]"
"Elvis Presley With The Jordanaires","Elvis Presley With The Jordanaires","Are You Lonesome Tonight?",https://www.discogs.com/release/5091301,1960,"7"" - Retro - 01 [#,A-G]"
"Elvis Presley With The Jordanaires","Elvis Presley With The Jordanaires","Don't Be Cruel",https://www.discogs.com/release/3655402,1992,"7"" - Retro - 01 [#,A-G]"
"Elvis Presley With The Jordanaires","Elvis Presley With The Jordanaires","It's Now Or Never (O Sole Mio)",https://www.discogs.com/release/15033694,1960,"7"" - Retro - 01 [#,A-G]"
"Elvis Presley With The Jordanaires","Elvis Presley With The Jordanaires","Kissin' Cousins",https://www.discogs.com/release/2154213,1964,"7"" - Archive 02 - [..C-E...]"
"Elvis Presley With The Jordanaires","Elvis Presley With The Jordanaires","Return To Sender",https://www.discogs.com/release/7298440,1962,"7"" - Retro - 01 [#,A-G]"
"Elvis Presley With The Jordanaires","Elvis Presley With The Jordanaires","Stuck On You",https://www.discogs.com/release/13163724,1960,"7"" - Archive 02 - [..C-E...]"
"Elvis Presley With The Jordanaires","Elvis Presley With The Jordanaires","Surrender (Torna A Surriento)",https://www.discogs.com/release/553751,1961,"7"" - Archive 02 - [..C-E...]"
"Embassy Singers & Players","Embassy Singers & Players","My Fair Lady",https://www.discogs.com/release/2007821,1958,"7"" - Archive 02 - [..C-E...]"
"Embassy Singers & Players","Embassy Singers & Players","Songs & Music From “My Fair Lady”",https://www.discogs.com/release/2214101,1958,"7"" - Archive 02 - [..C-E...]"
"Emerson, Lake & Palmer","Emerson, Lake & Palmer","Fanfare For The Common Man",https://www.discogs.com/release/9127232,1977,"7"" - Retro - 01 [#,A-G]"
"Emerson, Lake & Palmer","Emerson, Lake & Palmer",Jerusalem,https://www.discogs.com/release/9016512,1973,"7"" - Archive 02 - [..C-E...]"
EMF,EMF,Unbelievable,https://www.discogs.com/release/4266365,1990,"7"" - Playlist - 02 [...C-F]"
"Emile Ford & The Checkmates","Emile Ford & The Checkmates","Counting Teardrops",https://www.discogs.com/release/759870,1960,"7"" - Archive 02 - [..C-E...]"
"Emile Ford & The Checkmates","Emile Ford & The Checkmates","Don't Tell Me Your Troubles",https://www.discogs.com/release/10923083,1959,"7"" - Retro - 01 [#,A-G]"
Emma,Emma,"Give A Little Love Back To The World",https://www.discogs.com/release/1104266,1990,"7"" - Archive 02 - [..C-E...]"
"Emmylou Harris","Emmylou Harris","Here, There & Everywhere",https://www.discogs.com/release/2141112,1976,"7"" - Archive 02 - [..C-E...]"
Emotions,Emotions,"Best Of My Love",https://www.discogs.com/release/10822286,1977,"7"" - Playlist - 02 [...C-F]"
"Engelbert Humperdinck","Engelbert Humperdinck","A Man Without Love",https://www.discogs.com/release/767240,1968,"7"" - Archive 02 - [..C-E...]"
"Engelbert Humperdinck","Engelbert Humperdinck","Am I That Easy To Forget",https://www.discogs.com/release/11785442,1968,"7"" - Archive 02 - [..C-E...]"
"Engelbert Humperdinck","Engelbert Humperdinck","Another Time, Another Place",https://www.discogs.com/release/5158354,1971,"7"" - Archive 02 - [..C-E...]"
"Engelbert Humperdinck","Engelbert Humperdinck","In Time / How Does It Feel",https://www.discogs.com/release/1787849,1972,"7"" - Archive 02 - [..C-E...]"
"Engelbert Humperdinck","Engelbert Humperdinck","My Marie / Our Song (La Paloma)",https://www.discogs.com/release/13580945,1970,"7"" - Archive 02 - [..C-E...]"
"Engelbert Humperdinck","Engelbert Humperdinck","Release Me",https://www.discogs.com/release/11026773,1967,"7"" - Archive 02 - [..C-E...]"
"Engelbert Humperdinck","Engelbert Humperdinck","The Last Waltz",https://www.discogs.com/release/11026599,1967,"7"" - Archive 02 - [..C-E...]"
"Engelbert Humperdinck","Engelbert Humperdinck","The Way It Used To Be",https://www.discogs.com/release/5266163,1969,"7"" - Archive 02 - [..C-E...]"
"Engelbert Humperdinck","Engelbert Humperdinck","Too Beautiful To Last",https://www.discogs.com/release/7438777,1972,"7"" - Archive 02 - [..C-E...]"
"Engelbert Humperdinck","Engelbert Humperdinck","Winter World Of Love",https://www.discogs.com/release/5158319,1969,"7"" - Archive 02 - [..C-E...]"
"Engelbert Humperdinck","Engelbert Humperdinck","Winter World Of Love",https://www.discogs.com/release/13443719,1969,"7"" - Archive 02 - [..C-E...]"
"England Dan & John Ford Coley","England Dan & John Ford Coley","I'd Really Love To See You Tonight ",https://www.discogs.com/release/3376645,1976,"7"" - Archive 03 - [...E-J...]"
"England World Cup Squad","England World Cup Squad","Back Home",https://www.discogs.com/release/3462213,1970,"7"" - Archive 03 - [...E-J...]"
"England World Cup Squad","England World Cup Squad","This Time (We'll Get It Right) / England, We'll Fly The Flag",https://www.discogs.com/release/5292768,1982,"7"" - Archive 03 - [...E-J...]"
Enigma,Enigma,"Sadness Part 1",https://www.discogs.com/release/1687212,1990,"7"" - Archive 03 - [...E-J...]"
Enigma,Enigma,"Ain't No Stopping - Disco Mix '81",https://www.discogs.com/release/712139,1981,"7"" - Archive 03 - [...E-J...]"
Enigma,Enigma,"I Love Music",https://www.discogs.com/release/1643823,1981,"7"" - Archive 03 - [...E-J...]"
"Ennio Morricone","Ennio Morricone","Chi Mai",https://www.discogs.com/release/10943711,"","7"" - Retro - 01 [#,A-G]"
Enya,Enya,"Orinoco Flow (Sail Away)",https://www.discogs.com/release/8345188,1988,"7"" - Playlist - 02 [...C-F]"
Equals,Equals,"Black Skin Blue Eyed Boys ",https://www.discogs.com/release/4485847,1970,"7"" - Retro - 01 [#,A-G]"
Equals,Equals,"Irma La Douce",https://www.discogs.com/release/2690501,1976,"7"" - Archive 03 - [...E-J...]"
Erasure,Erasure,"A Little Respect",https://www.discogs.com/release/100910,1988,"7"" - Playlist - 02 [...C-F]"
Erasure,Erasure,Abba-Esque,https://www.discogs.com/release/170334,1992,"7"" - Playlist - 02 [...C-F]"
Erasure,Erasure,"Blue Savannah",https://www.discogs.com/release/178925,1990,"7"" - Playlist - 02 [...C-F]"
Erasure,Erasure,"Chains Of Love",https://www.discogs.com/release/148279,1988,"7"" - Playlist - 02 [...C-F]"
Erasure,Erasure,Chorus,https://www.discogs.com/release/121766,1991,"7"" - Playlist - 02 [...C-F]"
Erasure,Erasure,"Crackers International",https://www.discogs.com/release/6244190,1988,"7"" - Playlist - 02 [...C-F]"
Erasure,Erasure,Drama!,https://www.discogs.com/release/148277,1989,"7"" - Playlist - 02 [...C-F]"
Erasure,Erasure,"It Doesn't Have To Be",https://www.discogs.com/release/224456,1987,"7"" - Playlist - 02 [...C-F]"
Erasure,Erasure,"Lay All Your Love On Me",https://www.discogs.com/release/750696,1992,"7"" - Archive 03 - [...E-J...]"
Erasure,Erasure,"Love To Hate You",https://www.discogs.com/release/12656891,1991,"7"" - Playlist - 02 [...C-F]"
Erasure,Erasure,"Ship Of Fools",https://www.discogs.com/release/100905,1988,"7"" - Playlist - 02 [...C-F]"
Erasure,Erasure,Sometimes,https://www.discogs.com/release/100914,1986,"7"" - Playlist - 02 [...C-F]"
Erasure,Erasure,Star,https://www.discogs.com/release/100917,1990,"7"" - Playlist - 02 [...C-F]"
Erasure,Erasure,"Victim Of Love (Remix)",https://www.discogs.com/release/100888,1987,"7"" - Playlist - 02 [...C-F]"
Erasure,Erasure,"You Surround Me",https://www.discogs.com/release/9547208,1989,"7"" - Archive 03 - [...E-J...]"
"Eric Burdon & The Animals","Eric Burdon & The Animals","San Franciscan Nights / Gratefully Dead",https://www.discogs.com/release/2140299,1967,"7"" - Archive 03 - [...E-J...]"
"Eric Carmen","Eric Carmen","All By Myself / It Hurts Too Much",https://www.discogs.com/release/14320943,1982,"7"" - Archive 03 - [...E-J...]"
"Eric Carmen","Eric Carmen","Hungry Eyes",https://www.discogs.com/release/1826609,1988,"7"" - Playlist - 02 [...C-F]"
"Eric Clapton","Eric Clapton","Behind The Mask",https://www.discogs.com/release/2249089,1987,"7"" - Playlist - 02 [...C-F]"
"Eric Clapton","Eric Clapton","I Shot The Sheriff",https://www.discogs.com/release/1519792,1974,"7"" - Playlist - 02 [...C-F]"
"Eric Clapton","Eric Clapton","Knockin' On Heaven's Door",https://www.discogs.com/release/1475638,1975,"7"" - Playlist - 02 [...C-F]"
"Eric Clapton","Eric Clapton","Swing Low Sweet Chariot",https://www.discogs.com/release/1661647,1975,"7"" - Retro - 01 [#,A-G]"
"Eric Clapton","Eric Clapton","Willie And The Hand Jive",https://www.discogs.com/release/3235045,1974,"7"" - Retro - 01 [#,A-G]"
"Eric Clapton","Eric Clapton","Wonderful Tonight",https://www.discogs.com/release/3021787,1977,"7"" - Playlist - 02 [...C-F]"
"Eric Weissberg","Eric Weissberg","Dueling Banjos / Reuben's Train",https://www.discogs.com/release/2124095,"","7"" - Retro - 01 [#,A-G]"
"Eric Wilson-Hyde","Eric Wilson-Hyde","(Roll Along) Wagon Train",https://www.discogs.com/release/2006919,1959,"7"" - Retro - 01 [#,A-G]"
"Ernest Wilson / Sir Harry","Ernest Wilson / Sir Harry","My Elusive Dreams / Hee Cup",https://www.discogs.com/release/1614769,1969,"7"" - Archive 03 - [...E-J...]"
"Errol Dunkley","Errol Dunkley","O.K. Fred",https://www.discogs.com/release/465152,1979,"7"" - Playlist - 02 [...C-F]"
Eruption,Eruption,"I Can't Stand The Rain",https://www.discogs.com/release/8008901,1978,"7"" - Playlist - 02 [...C-F]"
Eruption,Eruption,"One Way Ticket",https://www.discogs.com/release/10456646,1979,"7"" - Playlist - 02 [...C-F]"
"Esther & Abi Ofarim","Esther & Abi Ofarim","Cinderella Rockefella",https://www.discogs.com/release/11911167,1967,"7"" - Retro - 01 [#,A-G]"
"Esther Phillips","Esther Phillips","What A Difference A Day Made",https://www.discogs.com/release/753165,1975,"7"" - Archive 03 - [...E-J...]"
"Esther Williams","Esther Williams","I'll Be Your Pleasure",https://www.discogs.com/release/7707482,1981,"7"" - Archive 03 - [...E-J...]"
"Ethna Campbell","Ethna Campbell","The Old Rugged Cross / It Is No Secret",https://www.discogs.com/release/1368052,1975,"7"" - Archive 03 - [...E-J...]"
"Eugene Paul","Eugene Paul","I Want To Be There",https://www.discogs.com/release/3785611,1975,"7"" - Archive 03 - [...E-J...]"
"Eugene Wilde","Eugene Wilde",Personality,https://www.discogs.com/release/825748,1985,"7"" - Archive 03 - [...E-J...]"
"Eumir Deodato","Eumir Deodato","Also Sprach Zarathustra (2001)",https://www.discogs.com/release/6273226,1973,"7"" - Archive 03 - [...E-J...]"
Europe,Europe,"Rock The Night",https://www.discogs.com/release/926601,1987,"7"" - Playlist - 02 [...C-F]"
Europe,Europe,Superstitious,https://www.discogs.com/release/926519,1988,"7"" - Archive 03 - [...E-J...]"
Europe,Europe,"The Final Countdown",https://www.discogs.com/release/1136543,1986,"7"" - Playlist - 02 [...C-F]"
Eurythmics,Eurythmics,"Here Comes The Rain Again",https://www.discogs.com/release/220562,1984,"7"" - Playlist - 02 [...C-F]"
Eurythmics,Eurythmics,"It's Alright (Baby's Coming Back)",https://www.discogs.com/release/217358,1985,"7"" - Playlist - 02 [...C-F]"
Eurythmics,Eurythmics,"Love Is A Stranger",https://www.discogs.com/release/103729,1982,"7"" - Playlist - 02 [...C-F]"
Eurythmics,Eurythmics,"Missionary Man",https://www.discogs.com/release/1071115,1987,"7"" - Playlist - 02 [...C-F]"
Eurythmics,Eurythmics,"Right By Your Side",https://www.discogs.com/release/12549817,1983,"7"" - Playlist - 02 [...C-F]"
Eurythmics,Eurythmics,"Sexcrime (Nineteen Eighty • Four)",https://www.discogs.com/release/1050698,1984,"7"" - Playlist - 02 [...C-F]"
Eurythmics,Eurythmics,"Sweet Dreams (Are Made Of This)",https://www.discogs.com/release/27268,1983,"7"" - Playlist - 02 [...C-F]"
Eurythmics,Eurythmics,"The Miracle Of Love",https://www.discogs.com/release/139007,1986,"7"" - Playlist - 02 [...C-F]"
Eurythmics,Eurythmics,"There Must Be An Angel (Playing With My Heart)",https://www.discogs.com/release/12442790,1985,"7"" - Playlist - 02 [...C-F]"
Eurythmics,Eurythmics,"Thorn In My Side",https://www.discogs.com/release/249515,1986,"7"" - Playlist - 02 [...C-F]"
Eurythmics,Eurythmics,"When Tomorrow Comes",https://www.discogs.com/release/139011,1986,"7"" - Playlist - 02 [...C-F]"
Eurythmics,Eurythmics,"Who's That Girl?",https://www.discogs.com/release/103726,1983,"7"" - Playlist - 02 [...C-F]"
Eurythmics,Eurythmics,"Would I Lie To You?",https://www.discogs.com/release/1409471,1985,"7"" - Playlist - 02 [...C-F]"
Eurythmics,Eurythmics,"You Have Placed A Chill In My Heart",https://www.discogs.com/release/257876,1988,"7"" - Playlist - 02 [...C-F]"
Eurythmics,"Eurythmics And Aretha Franklin","Sisters Are Doin' It For Themselves",https://www.discogs.com/release/3038653,1985,"7"" - Playlist - 02 [...C-F]"
Evasions,Evasions,"Wikka Wrap",https://www.discogs.com/release/900032,1981,"7"" - Novelty [#,A-Z]"
"Eve Graham And The New Seekers","Eve Graham And The New Seekers","Nevertheless (I'm In Love With You)",https://www.discogs.com/release/2695795,1973,"7"" - Archive 03 - [...E-J...]"
"Evelyn King","Evelyn King","I'm In Love",https://www.discogs.com/release/2251079,1981,"7"" - Playlist - 02 [...C-F]"
"Evelyn King","Evelyn King","Love Come Down",https://www.discogs.com/release/15248768,1982,"7"" - Playlist - 02 [...C-F]"
"Evelyn King","Evelyn King","Music Box",https://www.discogs.com/release/11856934,1979,"7"" - Archive 03 - [...E-J...]"
"Evelyn King","Evelyn King",Shame,https://www.discogs.com/release/3253935,1978,"7"" - Archive 03 - [...E-J...]"
"Evelyn King","Evelyn King","Your Personal Touch",https://www.discogs.com/release/1722312,1985,"7"" - Archive 03 - [...E-J...]"
"Evelyn Thomas","Evelyn Thomas",Heartless,https://www.discogs.com/release/931950,1984,"7"" - Archive 03 - [...E-J...]"
"Evelyn Thomas","Evelyn Thomas",High-Energy,https://www.discogs.com/release/295134,1984,"7"" - Archive 03 - [...E-J...]"
"Everly Brothers","Everly Brothers","('Til) I Kissed You",https://www.discogs.com/release/6366654,1959,"7"" - Retro - 01 [#,A-G]"
"Everly Brothers","Everly Brothers","All I Have To Do Is Dream / Cathy's Clown",https://www.discogs.com/release/9318669,1975,"7"" - Retro - 01 [#,A-G]"
"Everly Brothers","Everly Brothers",Temptation,https://www.discogs.com/release/5940755,1961,"7"" - Archive 03 - [...E-J...]"
"Everly Brothers","Everly Brothers","Walk Right Back / Ebony Eyes",https://www.discogs.com/release/10908331,1961,"7"" - Retro - 01 [#,A-G]"
"Everly Brothers","Everly Brothers","When Will I Be Loved",https://www.discogs.com/release/8940162,1960,"7"" - Retro - 01 [#,A-G]"
"Everton F.C.","Everton F.C.","Here We Go",https://www.discogs.com/release/10475611,1985,"7"" - Archive 03 - [...E-J...]"
"Everything But The Girl","Everything But The Girl","I Don't Want To Talk About It",https://www.discogs.com/release/881131,1988,"7"" - Playlist - 02 [...C-F]"
Exile,Exile,"How Could This Go Wrong",https://www.discogs.com/release/2677653,1979,"7"" - Archive 03 - [...E-J...]"
Exile,Exile,"Kiss You All Over",https://www.discogs.com/release/990474,1978,"7"" - Retro - 01 [#,A-G]"
"F.A.B. Featuring MC Parker","F.A.B. Featuring MC Parker","Thunderbirds Are Go",https://www.discogs.com/release/22422925,1990,"7"" - Archive 03 - [...E-J...]"
"F.R. David","F.R. David",Words,https://www.discogs.com/release/197267,1982,"7"" - Archive 03 - [...E-J...]"
Faces,Faces,"Pool Hall Richard",https://www.discogs.com/release/5185434,1973,"7"" - Retro - 01 [#,A-G]"
Faces,Faces,"You Can Make Me Dance, Sing Or Anything (Even Take The Dog For A Walk, Mend A Fuse, Fold Away The Ironing Board, Or Any Other Domestic Short Comings)",https://www.discogs.com/release/5433795,1974,"7"" - Retro - 01 [#,A-G]"
"Fairground Attraction","Fairground Attraction",Perfect,https://www.discogs.com/release/1255797,1988,"7"" - Playlist - 02 [...C-F]"
"Faith, Hope & Charity","Faith, Hope & Charity","Just One Look",https://www.discogs.com/release/1748010,1975,"7"" - Archive 03 - [...E-J...]"
Falco,Falco,Jeanny,https://www.discogs.com/release/1025288,1986,"7"" - Archive 03 - [...E-J...]"
Falco,Falco,"Rock Me Amadeus",https://www.discogs.com/release/190507,1986,"7"" - Playlist - 02 [...C-F]"
Fall,Fall,"Hey! Luciani",https://www.discogs.com/release/899782,1986,"7"" - Playlist - 02 [...C-F]"
Fall,Fall,"Hit The North",https://www.discogs.com/release/342432,1987,"7"" - Playlist - 02 [...C-F]"
Family,Family,"Burlesque / The Rocking R's",https://www.discogs.com/release/5808573,1972,"7"" - Archive 03 - [...E-J...]"
Family,Family,"In My Own Time",https://www.discogs.com/release/5434665,1971,"7"" - Archive 03 - [...E-J...]"
"Family Stand","Family Stand","Ghetto Heaven",https://www.discogs.com/release/1021433,1990,"7"" - Playlist - 02 [...C-F]"
"Far Corporation","Far Corporation","Stairway To Heaven",https://www.discogs.com/release/1025039,1985,"7"" - Archive 03 - [...E-J...]"
"Farley ""Jackmaster"" Funk & Jesse Saunders","Farley ""Jackmaster"" Funk & Jesse Saunders","Love Can't Turn Around",https://www.discogs.com/release/1506061,1986,"7"" - Archive 03 - [...E-J...]"
Farm,Farm,"All Together Now",https://www.discogs.com/release/666883,1990,"7"" - Playlist - 02 [...C-F]"
Farm,Farm,"Groovy Train",https://www.discogs.com/release/348659,1990,"7"" - Playlist - 02 [...C-F]"
Farm,Farm,"Love See No Colour",https://www.discogs.com/release/1542437,1991,"7"" - Playlist - 02 [...C-F]"
Fascinations,Fascinations,"First Taste",https://www.discogs.com/release/11637624,"","7"" - Archive 03 - [...E-J...]"
Fashion,Fashion,"Love Shadow",https://www.discogs.com/release/257844,1982,"7"" - Archive 03 - [...E-J...]"
"Fat And Frantic","Fat And Frantic","I Don't Want To Say Goodbye",https://www.discogs.com/release/6365532,1990,"7"" - Archive 03 - [...E-J...]"
"Fat Boys","Fat Boys","Louie, Louie",https://www.discogs.com/release/2272498,1988,"7"" - Archive 03 - [...E-J...]"
"Fat Boys","Fat Boys","The Twist",https://www.discogs.com/release/3214899,1988,"7"" - Playlist - 02 [...C-F]"
"Fat Boys","Fat Boys and The Beach Boys",Wipeout!,https://www.discogs.com/release/4589527,1987,"7"" - Playlist - 02 [...C-F]"
"Fat Larry's Band","Fat Larry's Band","Zoom ",https://www.discogs.com/release/6425325,1982,"7"" - Archive 03 - [...E-J...]"
"Fatback Band","Fatback Band","Double Dutch",https://www.discogs.com/release/1752086,1977,"7"" - Archive 03 - [...E-J...]"
"Fatback Band","Fatback Band","I Found Lovin'",https://www.discogs.com/release/399415,1983,"7"" - Archive 03 - [...E-J...]"
"Fatback Band","Fatback Band","I Like Girls",https://www.discogs.com/release/2061600,1978,"7"" - Archive 03 - [...E-J...]"
"Fatback Band","Fatback Band","Night Fever",https://www.discogs.com/release/790103,1976,"7"" - Archive 03 - [...E-J...]"
"Fats Domino","Fats Domino","Blueberry Hill",https://www.discogs.com/release/2887911,1976,"7"" - Retro - 01 [#,A-G]"
Fear,Fear,"Nice Boys (Don't Play Rock N' Roll)",https://www.discogs.com/release/27844344,2023,"7"" - Archive 03 - [...E-J...]"
"Feargal Sharkey","Feargal Sharkey","A Good Heart",https://www.discogs.com/release/571517,1985,"7"" - Playlist - 02 [...C-F]"
"Feargal Sharkey","Feargal Sharkey","You Little Thief",https://www.discogs.com/release/591145,1985,"7"" - Playlist - 02 [...C-F]"
Felix,Felix,"It Will Make Me Crazy",https://www.discogs.com/release/258549,1992,"7"" - Archive 03 - [...E-J...]"
"Fern Kinney","Fern Kinney","Together We Are Beautiful",https://www.discogs.com/release/1569219,1980,"7"" - Archive 03 - [...E-J...]"
"Fern Kinney And Frederick Knight","Fern Kinney And Frederick Knight","Sweet Life / Tonight's The Night",https://www.discogs.com/release/12211893,1980,"7"" - Archive 03 - [...E-J...]"
"Ferrante & Teicher","Ferrante & Teicher","Theme From ""Exodus""",https://www.discogs.com/release/11023006,1960,"7"" - Archive 03 - [...E-J...]"
"Ferry Aid","Ferry Aid","Let It Be",https://www.discogs.com/release/6814821,1987,"7"" - Archive 03 - [...E-J...]"
"Festival Singers","Festival Singers","Happy Birthday To You",https://www.discogs.com/release/6432241,1977,"7"" - Archive 03 - [...E-J...]"
"Fiction Factory","Fiction Factory","(Feels Like) Heaven",https://www.discogs.com/release/140883,1983,"7"" - Playlist - 02 [...C-F]"
"Fiction Factory","Fiction Factory","Ghost Of Love",https://www.discogs.com/release/140877,1983,"7"" - Archive 03 - [...E-J...]"
"Fiddler's Dram","Fiddler's Dram","Daytrip To Bangor (Didn't We Have A Lovely Time)",https://www.discogs.com/release/15405442,1979,"7"" - Archive 03 - [...E-J...]"
"Fields Of The Nephilim","Fields Of The Nephilim","Blue Water",https://www.discogs.com/release/495191,1987,"7"" - Archive 03 - [...E-J...]"
"Fields Of The Nephilim","Fields Of The Nephilim",Moonchild,https://www.discogs.com/release/495199,1988,"7"" - Archive 03 - [...E-J...]"
"Fifth Dimension","Fifth Dimension","Light Sings / Viva! (Viva Tirado)",https://www.discogs.com/release/2166524,1971,"7"" - Archive 03 - [...E-J...]"
"Fine Young Cannibals","Fine Young Cannibals",Blue,https://www.discogs.com/release/6480763,1985,"7"" - Playlist - 02 [...C-F]"
"Fine Young Cannibals","Fine Young Cannibals","Don't Look Back",https://www.discogs.com/release/162872,1989,"7"" - Playlist - 02 [...C-F]"
"Fine Young Cannibals","Fine Young Cannibals","Ever Fallen In Love",https://www.discogs.com/release/162863,1987,"7"" - Playlist - 02 [...C-F]"
"Fine Young Cannibals","Fine Young Cannibals","Good Thing",https://www.discogs.com/release/520469,1989,"7"" - Playlist - 02 [...C-F]"
"Fine Young Cannibals","Fine Young Cannibals","I'm Not The Man I Used To Be",https://www.discogs.com/release/129916,1989,"7"" - Playlist - 02 [...C-F]"
"Fine Young Cannibals","Fine Young Cannibals","Johnny Come Home",https://www.discogs.com/release/258492,1985,"7"" - Playlist - 02 [...C-F]"
"Fine Young Cannibals","Fine Young Cannibals","She Drives Me Crazy",https://www.discogs.com/release/248436,1988,"7"" - Playlist - 02 [...C-F]"
"Fine Young Cannibals","Fine Young Cannibals","Suspicious Minds",https://www.discogs.com/release/129915,1986,"7"" - Playlist - 02 [...C-F]"
"Finished Touch Featuring Harold Johnson","Finished Touch Featuring Harold Johnson","The Down Sound (Part 1)",https://www.discogs.com/release/12172384,1979,"7"" - Archive 03 - [...E-J...]"
"Fink Brothers","Fink Brothers","Mutants In Mega-City One",https://www.discogs.com/release/3056227,1985,"7"" - Archive 03 - [...E-J...]"
Firm,Firm,"Arthur Daley 'E's Alright",https://www.discogs.com/release/846679,1982,"7"" - Novelty [#,A-Z]"
Firm,Firm,"Long Live The National",https://www.discogs.com/release/4137379,1983,"7"" - Novelty [#,A-Z]"
Firm,Firm,"Star Trekkin'",https://www.discogs.com/release/16615749,1987,"7"" - Novelty [#,A-Z]"
"First Choice","First Choice","Armed And Extremely Dangerous",https://www.discogs.com/release/1488581,1973,"7"" - Archive 03 - [...E-J...]"
"First Choice","First Choice","Smarty Pants / One Step Away",https://www.discogs.com/release/8489616,1973,"7"" - Archive 03 - [...E-J...]"
"First Class","First Class","Beach Baby",https://www.discogs.com/release/541758,1974,"7"" - Archive 03 - [...E-J...]"
"Five Guys Named Moe","Five Guys Named Moe","Selfish Days",https://www.discogs.com/release/4086489,1990,"7"" - Archive 03 - [...E-J...]"
"Five Star","Five Star","All Fall Down",https://www.discogs.com/release/1412966,1985,"7"" - Playlist - 02 [...C-F]"
"Five Star","Five Star","Another Weekend",https://www.discogs.com/release/390402,1988,"7"" - Playlist - 02 [...C-F]"
"Five Star","Five Star","Can't Wait Another Minute",https://www.discogs.com/release/432695,1986,"7"" - Playlist - 02 [...C-F]"
"Five Star","Five Star","Find The Time",https://www.discogs.com/release/4968178,1986,"7"" - Playlist - 02 [...C-F]"
"Five Star","Five Star","If I Say Yes",https://www.discogs.com/release/448859,1986,"7"" - Playlist - 02 [...C-F]"
"Five Star","Five Star","Let Me Be The One",https://www.discogs.com/release/3519511,1985,"7"" - Playlist - 02 [...C-F]"
"Five Star","Five Star","Love Take Over",https://www.discogs.com/release/3306434,1985,"7"" - Playlist - 02 [...C-F]"
"Five Star","Five Star","Rain Or Shine",https://www.discogs.com/release/3704850,1986,"7"" - Playlist - 02 [...C-F]"
"Five Star","Five Star","Somewhere Somebody",https://www.discogs.com/release/1880687,1987,"7"" - Playlist - 02 [...C-F]"
"Five Star","Five Star","Stay Out Of My Life",https://www.discogs.com/release/1412963,1987,"7"" - Playlist - 02 [...C-F]"
"Five Star","Five Star","Strong As Steel",https://www.discogs.com/release/1201597,1987,"7"" - Playlist - 02 [...C-F]"
"Five Star","Five Star","System Addict",https://www.discogs.com/release/1398284,1985,"7"" - Playlist - 02 [...C-F]"
"Five Star","Five Star","The Slightest Touch",https://www.discogs.com/release/815089,1987,"7"" - Playlist - 02 [...C-F]"
"Five Star","Five Star","Whenever You're Ready",https://www.discogs.com/release/1875869,1987,"7"" - Playlist - 02 [...C-F]"
"Five Thirty","Five Thirty",Abstain!,https://www.discogs.com/release/2032368,1990,"7"" - Archive 03 - [...E-J...]"
"Flash & The Pan","Flash & The Pan","Waiting For A Train",https://www.discogs.com/release/1071117,1983,"7"" - Playlist - 02 [...C-F]"
Flashdance,"Irene Cara / Helen St. John","Flashdance... What A Feeling",https://www.discogs.com/release/1495331,1983,"7"" - Playlist - Film & TV [#,A-Z]"
Flashdance,"Michael Sembello",Maniac,https://www.discogs.com/release/1616267,1983,"7"" - Playlist - Film & TV [#,A-Z]"
"Fleetwood Mac","Fleetwood Mac",Albatross,https://www.discogs.com/release/4076640,1968,"7"" - Retro - 01 [#,A-G]"
"Fleetwood Mac","Fleetwood Mac","Albatross / Need Your Love So Bad",https://www.discogs.com/release/12412680,1975,"7"" - Playlist - 02 [...C-F]"
"Fleetwood Mac","Fleetwood Mac","Big Love",https://www.discogs.com/release/6502708,1987,"7"" - Playlist - 02 [...C-F]"
"Fleetwood Mac","Fleetwood Mac","Don't Stop",https://www.discogs.com/release/1596179,1977,"7"" - Playlist - 02 [...C-F]"
"Fleetwood Mac","Fleetwood Mac",Dreams,https://www.discogs.com/release/4471075,1977,"7"" - Retro - 01 [#,A-G]"
"Fleetwood Mac","Fleetwood Mac","Little Lies",https://www.discogs.com/release/5645790,1987,"7"" - Playlist - 02 [...C-F]"
"Fleetwood Mac","Fleetwood Mac","Oh Diane",https://www.discogs.com/release/1312002,1982,"7"" - Playlist - 02 [...C-F]"
"Fleetwood Mac","Fleetwood Mac",Rhiannon,https://www.discogs.com/release/6504942,1976,"7"" - Playlist - 02 [...C-F]"
"Fleetwood Mac","Fleetwood Mac",Sara,https://www.discogs.com/release/1521200,1979,"7"" - Retro - 01 [#,A-G]"
"Fleetwood Mac","Fleetwood Mac","The Green Manalishi (With The Two Prong Crown)",https://www.discogs.com/release/475926,1970,"7"" - Retro - 01 [#,A-G]"
"Fleetwood Mac","Fleetwood Mac",Tusk,https://www.discogs.com/release/10248444,1979,"7"" - Playlist - 02 [...C-F]"
"Fleetwood Mac / Danny Kirwan","Fleetwood Mac / Danny Kirwan","Man Of The World / Second Chapter",https://www.discogs.com/release/13281988,1975,"7"" - Retro - 01 [#,A-G]"
Flintlock,Flintlock,"(Hey You) You're Like A Magnet",https://www.discogs.com/release/1876335,1978,"7"" - Archive 03 - [...E-J...]"
Floaters,Floaters,"Float On",https://www.discogs.com/release/11517068,1977,"7"" - Archive 03 - [...E-J...]"
"Floy Joy","Floy Joy","Until You Come Back To Me",https://www.discogs.com/release/2925635,1984,"7"" - Archive 03 - [...E-J...]"
"Flying Lizards","Flying Lizards",Money,https://www.discogs.com/release/29297,1979,"7"" - Playlist - 02 [...C-F]"
"Flying Lizards","Flying Lizards","Summertime Blues",https://www.discogs.com/release/153951,1978,"7"" - Playlist - 02 [...C-F]"
"Flying Pickets","Flying Pickets","Only You",https://www.discogs.com/release/6590245,1983,"7"" - Playlist - 02 [...C-F]"
"Flying Pickets","Flying Pickets","When You're Young And In Love",https://www.discogs.com/release/475437,1984,"7"" - Playlist - 02 [...C-F]"
FM,FM,"Someday (You'll Come Running)",https://www.discogs.com/release/2925677,1989,"7"" - Archive 03 - [...E-J...]"
Focus,Focus,Sylvia,https://www.discogs.com/release/2308209,1973,"7"" - Retro - 01 [#,A-G]"
"Fontaines D.C.","Fontaines D.C.","A Hero's Death / I Don't Belong",https://www.discogs.com/release/15456388,2020,"7"" - Playlist - 02 [...C-F]"
"Foo Fighters","Foo Fighters","Best Of You",https://www.discogs.com/release/1603293,2005,"7"" - Playlist - 02 [...C-F]"
Footloose,"Kenny Loggins",Footloose,https://www.discogs.com/release/3761626,1984,"7"" - Playlist - Film & TV [#,A-Z]"
"Force MD's","Force MD's","Tender Love",https://www.discogs.com/release/1902374,1986,"7"" - Archive 03 - [...E-J...]"
Foreigner,Foreigner,"Blue Morning, Blue Day",https://www.discogs.com/release/1794895,1979,"7"" - Retro - 01 [#,A-G]"
Foreigner,Foreigner,"Cold As Ice (Remix)",https://www.discogs.com/release/4071056,1985,"7"" - Playlist - 02 [...C-F]"
Foreigner,Foreigner,"Hot Blooded",https://www.discogs.com/release/2928285,1978,"7"" - Playlist - 02 [...C-F]"
Foreigner,Foreigner,"I Want To Know What Love Is",https://www.discogs.com/release/938580,1984,"7"" - Playlist - 02 [...C-F]"
Foreigner,Foreigner,"That Was Yesterday",https://www.discogs.com/release/9535413,1985,"7"" - Playlist - 02 [...C-F]"
Foreigner,Foreigner,Urgent,https://www.discogs.com/release/8766011,1982,"7"" - Playlist - 02 [...C-F]"
Foreigner,Foreigner,"Waiting For A Girl Like You / Feels Like The First Time / Cold As Ice",https://www.discogs.com/release/18739852,1981,"7"" - Playlist - 02 [...C-F]"
Forrest,Forrest,"Rock The Boat",https://www.discogs.com/release/1543359,1982,"7"" - Playlist - 02 [...C-F]"
Fortunes,Fortunes,"Freedom Come, Freedom Go ",https://www.discogs.com/release/1338218,1971,"7"" - Retro - 01 [#,A-G]"
Fortunes,Fortunes,"Here It Comes Again",https://www.discogs.com/release/1977112,1965,"7"" - Retro - 01 [#,A-G]"
Fortunes,Fortunes,"Storm In A Teacup",https://www.discogs.com/release/1318896,1972,"7"" - Retro - 01 [#,A-G]"
"Foster & Allen","Foster & Allen","A Bunch Of Thyme",https://www.discogs.com/release/6087056,1982,"7"" - Archive 03 - [...E-J...]"
"Foster & Allen","Foster & Allen","After All These Years",https://www.discogs.com/release/2809012,1986,"7"" - Archive 03 - [...E-J...]"
"Foster Pilkington","Foster Pilkington","In The Town Of Forgotten Talent",https://www.discogs.com/release/13358948,1986,"7"" - Archive 03 - [...E-J...]"
Foundations,Foundations,"Build Me Up Buttercup",https://www.discogs.com/release/491207,1968,Uncategorized
"Four Preps","Four Preps","More Money For You And Me - Medley",https://www.discogs.com/release/4310696,1961,"7"" - Archive 03 - [...E-J...]"
"Four Seasons","Four Seasons","December, 1963 (Oh, What A Night)",https://www.discogs.com/release/522447,1975,"7"" - Retro - 01 [#,A-G]"
"Four Seasons","Four Seasons",Rhapsody,https://www.discogs.com/release/5438437,1977,"7"" - Archive 03 - [...E-J...]"
"Four Seasons","Four Seasons","Silver Star",https://www.discogs.com/release/8566560,1975,"7"" - Archive 03 - [...E-J...]"
"Four Seasons","Four Seasons","We Can Work It Out",https://www.discogs.com/release/22434901,1976,"7"" - Retro - 01 [#,A-G]"
"Four Seasons","Four Seasons","Who Loves You",https://www.discogs.com/release/3402476,1975,"7"" - Retro - 01 [#,A-G]"
"Four Tops","Four Tops","Ain't No Woman (Like The One I've Got)",https://www.discogs.com/release/3190024,1972,"7"" - Archive 03 - [...E-J...]"
"Four Tops","Four Tops","Do What You Gotta Do",https://www.discogs.com/release/2738184,1969,"7"" - Archive 03 - [...E-J...]"
"Four Tops","Four Tops","Don't Walk Away",https://www.discogs.com/release/2169255,1981,"7"" - Retro - 01 [#,A-G]"
"Four Tops","Four Tops","Loco In Acapulco",https://www.discogs.com/release/8295504,1988,"7"" - Playlist - 02 [...C-F]"
"Four Tops","Four Tops","Reach Out I'll Be There",https://www.discogs.com/release/7212147,1970,"7"" - Retro - 01 [#,A-G]"
"Four Tops","Four Tops","What Is A Man",https://www.discogs.com/release/1695396,1969,"7"" - Archive 03 - [...E-J...]"
"Four Tops","Four Tops","When She Was My Girl",https://www.discogs.com/release/1413989,1981,"7"" - Retro - 01 [#,A-G]"
Fourmost,Fourmost,"A Little Loving",https://www.discogs.com/release/2165348,1964,"7"" - Archive 03 - [...E-J...]"
Fox,Fox,"Only You Can",https://www.discogs.com/release/8112727,1974,"7"" - Archive 03 - [...E-J...]"
Fox,Fox,"S-s-s-single Bed",https://www.discogs.com/release/5315360,1976,"7"" - Retro - 01 [#,A-G]"
Foxy,Foxy,"Get Off ",https://www.discogs.com/release/3532159,1978,"7"" - Archive 03 - [...E-J...]"
Fraggles,Fraggles,"Theme From Fraggle Rock",https://www.discogs.com/release/1966139,1984,"7"" - Archive 03 - [...E-J...]"
"Frances Nero","Frances Nero","Footsteps Following  Me",https://www.discogs.com/release/1759539,1991,"7"" - Playlist - 02 [...C-F]"
"Frank Ifield","Frank Ifield","Angry At The Big Oak Tree",https://www.discogs.com/release/2288949,1964,"7"" - Archive 03 - [...E-J...]"
"Frank Ifield","Frank Ifield","Confessin' (That I Love You)",https://www.discogs.com/release/15791848,1963,"7"" - Archive 03 - [...E-J...]"
"Frank Ifield","Frank Ifield","Don't Blame Me",https://www.discogs.com/release/1855103,1964,"7"" - Archive 03 - [...E-J...]"
"Frank Ifield","Frank Ifield","Don't Make Me Laugh (Don't Make Me Cry)",https://www.discogs.com/release/8314072,1964,"7"" - Archive 03 - [...E-J...]"
"Frank Ifield","Frank Ifield","Frank Ifield's Hits",https://www.discogs.com/release/12674103,1963,"7"" - Archive 03 - [...E-J...]"
"Frank Ifield","Frank Ifield","I Remember You",https://www.discogs.com/release/530453,1962,"7"" - Archive 03 - [...E-J...]"
"Frank Ifield","Frank Ifield","No One Will Ever Know",https://www.discogs.com/release/3065385,1966,"7"" - Archive 03 - [...E-J...]"
"Frank Ifield","Frank Ifield","Nobody's Darlin' But Mine",https://www.discogs.com/release/2029488,1963,"7"" - Archive 03 - [...E-J...]"
"Frank Ifield","Frank Ifield","Tennessee Bird Walk",https://www.discogs.com/release/7285440,1970,"7"" - Archive 03 - [...E-J...]"
"Frank Ifield With Norrie Paramor And His Orchestra","Frank Ifield With Norrie Paramor And His Orchestra","Lovesick Blues",https://www.discogs.com/release/7073001,1962,"7"" - Archive 03 - [...E-J...]"
"Frank Ifield With Norrie Paramor And His Orchestra","Frank Ifield With Norrie Paramor And His Orchestra","The Wayward Wind",https://www.discogs.com/release/1537646,1963,"7"" - Archive 03 - [...E-J...]"
"Frank Kelly","Frank Kelly","Christmas Countdown / Yuletide Moonshine",https://www.discogs.com/release/1592243,1983,"7"" - Holiday [#,A-Z]"
"Frank Mills","Frank Mills","Music Box Dancer",https://www.discogs.com/release/1944268,1974,"7"" - Archive 03 - [...E-J...]"
"Frank Sinatra","Frank Sinatra",".....And Starring Frank Sinatra (Number 1)",https://www.discogs.com/release/6203607,1962,"7"" - Archive 03 - [...E-J...]"
"Frank Sinatra","Frank Sinatra","High Hopes / All My Tomorrows",https://www.discogs.com/release/7250573,1959,"7"" - Retro - 01 [#,A-G]"
"Frank Sinatra","Frank Sinatra","I Believe I'm Gonna Love You",https://www.discogs.com/release/2325724,1975,"7"" - Archive 03 - [...E-J...]"
"Frank Sinatra","Frank Sinatra","I Like To Lead When I Dance",https://www.discogs.com/release/9493457,1964,"7"" - Archive 03 - [...E-J...]"
"Frank Sinatra","Frank Sinatra","Love And Marriage",https://www.discogs.com/release/1006225,1991,"7"" - Retro - 01 [#,A-G]"
"Frank Sinatra","Frank Sinatra","My Way",https://www.discogs.com/release/785890,1969,"7"" - Retro - 01 [#,A-G]"
"Frank Sinatra","Frank Sinatra","Strangers In The Night",https://www.discogs.com/release/16100936,1966,"7"" - Retro - 01 [#,A-G]"
"Frank Sinatra","Frank Sinatra","Theme From New York, New York",https://www.discogs.com/release/5438211,1980,"7"" - Retro - 01 [#,A-G]"
"Frank Sinatra With Gordon Jenkins And His Orchestra","Frank Sinatra With Gordon Jenkins And His Orchestra","Where Are You? (Part 4)",https://www.discogs.com/release/10213909,1957,"7"" - Archive 03 - [...E-J...]"
"Frank Sinatra, Nelson Riddle And His Orchestra","Frank Sinatra, Nelson Riddle And His Orchestra","Come Blow Your Horn",https://www.discogs.com/release/10224895,1963,"7"" - Archive 03 - [...E-J...]"
"Frank Zappa","Frank Zappa","Dancin Fool",https://www.discogs.com/release/4305421,1979,"7"" - Novelty [#,A-Z]"
"Frankie Fish","Frankie Fish","Until The Night",https://www.discogs.com/release/16222981,1979,"7"" - Archive 03 - [...E-J...]"
"Frankie Goes To Hollywood & Holly Johnson","Frankie Goes To Hollywood","Rage Hard",https://www.discogs.com/release/618741,1986,"7"" - Playlist - 02 [...C-F]"
"Frankie Goes To Hollywood & Holly Johnson","Frankie Goes To Hollywood",Relax,https://www.discogs.com/release/6061573,1983,"7"" - Playlist - 02 [...C-F]"
"Frankie Goes To Hollywood & Holly Johnson","Frankie Goes To Hollywood","The Power Of Love",https://www.discogs.com/release/347615,1984,"7"" - Playlist - 02 [...C-F]"
"Frankie Goes To Hollywood & Holly Johnson","Frankie Goes To Hollywood","Two Tribes",https://www.discogs.com/release/170338,1984,"7"" - Playlist - 02 [...C-F]"
"Frankie Goes To Hollywood & Holly Johnson","Frankie Goes To Hollywood","Welcome To The Pleasuredome",https://www.discogs.com/release/99650,1985,"7"" - Playlist - 02 [...C-F]"
"Frankie Goes To Hollywood & Holly Johnson","Holly Johnson",Americanos,https://www.discogs.com/release/1057871,1989,"7"" - Playlist - 02 [...C-F]"
"Frankie Goes To Hollywood & Holly Johnson","Holly Johnson","Love Train",https://www.discogs.com/release/4058662,1989,"7"" - Playlist - 02 [...C-F]"
"Frankie Miller","Frankie Miller","Be Good To Yourself",https://www.discogs.com/release/1362237,1977,"7"" - Archive 03 - [...E-J...]"
"Frankie Miller","Frankie Miller","Darlin'",https://www.discogs.com/release/7454086,1978,"7"" - Retro - 01 [#,A-G]"
"Frankie Stevens","Frankie Stevens","There She Goes Again",https://www.discogs.com/release/5982222,1976,"7"" - Archive 03 - [...E-J...]"
"Frankie Valli","Frankie Valli","Fallen Angel",https://www.discogs.com/release/2087858,1976,"7"" - Archive 03 - [...E-J...]"
"Frankie Valli","Frankie Valli","Life And Breath",https://www.discogs.com/release/4261733,1976,"7"" - Archive 03 - [...E-J...]"
"Frankie Valli","Frankie Valli","My Eyes Adored You",https://www.discogs.com/release/568758,1974,"7"" - Retro - 01 [#,A-G]"
"Frankie Valli","Frankie Valli","Our Day Will Come",https://www.discogs.com/release/1439996,1975,"7"" - Archive 03 - [...E-J...]"
"Frankie Valli","Frankie Valli","Swearin' To God",https://www.discogs.com/release/1038061,1975,"7"" - Archive 03 - [...E-J...]"
"Frankie Vaughan","Frankie Vaughan","Happy Go Lucky",https://www.discogs.com/release/1994964,1957,"7"" - Archive 03 - [...E-J...]"
"Frankie Vaughan","Frankie Vaughan","Kookie Little Paradise",https://www.discogs.com/release/1904070,1960,"7"" - Archive 03 - [...E-J...]"
"Frankie Vaughan","Frankie Vaughan","Loop De Loop",https://www.discogs.com/release/1672089,1963,"7"" - Archive 03 - [...E-J...]"
"Frankie Vaughan","Frankie Vaughan","So Tired",https://www.discogs.com/release/2419836,1967,"7"" - Archive 03 - [...E-J...]"
"Frankie Vaughan","Frankie Vaughan","Tower Of Strength",https://www.discogs.com/release/19105786,"","7"" - Archive 03 - [...E-J...]"
"Frankie Vaughan With The Alyn Ainsworth Orchestra","Frankie Vaughan With The Alyn Ainsworth Orchestra","There Must Be A Way",https://www.discogs.com/release/5924916,1967,"7"" - Archive 03 - [...E-J...]"
Frantique,Frantique,"Strut Your Funky Stuff",https://www.discogs.com/release/938153,1979,"7"" - Playlist - 02 [...C-F]"
"Frazier Chorus","Frazier Chorus","Cloud 8",https://www.discogs.com/release/2280682,1990,"7"" - Archive 03 - [...E-J...]"
"Fred Mann On Pan Pipes With The Jack Trombey Orchestra","Fred Mann On Pan Pipes With The Jack Trombey Orchestra","Clare's Theme",https://www.discogs.com/release/6342895,1978,"7"" - Archive 03 - [...E-J...]"
"Fred Wedlock","Fred Wedlock","Oldest Swinger In Town",https://www.discogs.com/release/592827,1980,"7"" - Novelty [#,A-Z]"
"Freddie & The Dreamers","Freddie & The Dreamers","I'm Tellin' You Now",https://www.discogs.com/release/7298281,1963,"7"" - Retro - 01 [#,A-G]"
"Freddie & The Dreamers","Freddie & The Dreamers","If You Gotta Make A Fool Of Somebody",https://www.discogs.com/release/11532706,1963,"7"" - Retro - 01 [#,A-G]"
"Freddie & The Dreamers","Freddie & The Dreamers","You Were Made For Me",https://www.discogs.com/release/7618885,1963,"7"" - Retro - 01 [#,A-G]"
"Freddie James","Freddie James","Get Up And Boogie (Edit.)",https://www.discogs.com/release/1962995,1979,"7"" - Archive 03 - [...E-J...]"
"Freddie McGregor / Germain All Stars","Freddie McGregor / Germain All Stars","Just Don't Want To Be Lonely / Revolutionary Rock",https://www.discogs.com/release/1712227,1987,"7"" - Archive 03 - [...E-J...]"
"Freddy Breck","Freddy Breck","So In Love With You / Living To Love",https://www.discogs.com/release/1962274,1974,"7"" - Archive 03 - [...E-J...]"
"Fredericks Goldman Jones","Fredericks Goldman Jones",Nuit,https://www.discogs.com/release/9201483,1990,"7"" - Archive 03 - [...E-J...]"
Free,Free,"All Right Now / Wishing Well",https://www.discogs.com/release/2084143,1978,"7"" - Retro - 01 [#,A-G]"
Free,Free,"My Brother Jake",https://www.discogs.com/release/5055558,1971,"7"" - Retro - 01 [#,A-G]"
"Free Expression","Free Expression","Chill-Out ",https://www.discogs.com/release/7398890,1981,"7"" - Archive 03 - [...E-J...]"
Freeez,Freeez,I.O.U.,https://www.discogs.com/release/5427802,1983,"7"" - Playlist - 02 [...C-F]"
Freeez,Freeez,"Southern Freeez",https://www.discogs.com/release/5747381,1981,"7"" - Archive 03 - [...E-J...]"
Freeez,"Freeez Featuring John Rocca","I.O.U. (The Ultimate Mixes '87)",https://www.discogs.com/release/1638136,1987,"7"" - Playlist - 02 [...C-F]"
"Fucked Up","Fucked Up",Generation,https://www.discogs.com/release/3187704,2010,"7"" - Playlist - 02 [...C-F]"
"Fun Boy Three","Fun Boy Three","Our Lips Are Sealed",https://www.discogs.com/release/6461413,1983,"7"" - Playlist - 03 [G-L...]"
"Fun Boy Three","Fun Boy Three",Summertime,https://www.discogs.com/release/485625,1982,"7"" - Playlist - 03 [G-L...]"
"Fun Boy Three","Fun Boy Three","The Lunatics Have Taken Over The Asylum.",https://www.discogs.com/release/505483,1981,"7"" - Playlist - 03 [G-L...]"
"Fun Boy Three","Fun Boy Three","The Telephone Always Rings",https://www.discogs.com/release/570011,1982,Uncategorized
"Fun Boy Three","Fun Boy Three","The Tunnel Of Love",https://www.discogs.com/release/1253356,1983,"7"" - Playlist - 03 [G-L...]"
"Fun Boy Three","Fun Boy Three With Bananarama","It Aint What You Do It's The Way That You Do It",https://www.discogs.com/release/6862832,1982,"7"" - Playlist - 03 [G-L...]"
Funkadelic,Funkadelic,"One Nation Under A Groove",https://www.discogs.com/release/16116565,1978,"7"" - Archive 03 - [...E-J...]"
"Fureys & Davey Arthur","Fureys & Davey Arthur","When You Were Sweet Sixteen / Big Ships A Sailing",https://www.discogs.com/release/5512279,1981,"7"" - Archive 03 - [...E-J...]"
Furniture,Furniture,"Brilliant Mind",https://www.discogs.com/release/654224,1986,"7"" - Playlist - 03 [G-L...]"
G-Clefs,G-Clefs,"I Understand (Just How You Feel)",https://www.discogs.com/release/8227777,"","7"" - Archive 03 - [...E-J...]"
"G.B.'s","G.B.'s","We Are The G.B.'s",https://www.discogs.com/release/6432033,1979,"7"" - Archive 03 - [...E-J...]"
G.O.S.H.,G.O.S.H.,"The Wishing Well (Remix)",https://www.discogs.com/release/3180494,1987,"7"" - Archive 03 - [...E-J...]"
"Gallagher & Lyle","Gallagher & Lyle","Heart On My Sleeve",https://www.discogs.com/release/1319133,1976,"7"" - Archive 03 - [...E-J...]"
"Gallagher & Lyle","Gallagher & Lyle","I Wanna Stay With You",https://www.discogs.com/release/1469816,1976,"7"" - Retro - 01 [#,A-G]"
Gamma,Gamma,"Something In The Air",https://www.discogs.com/release/4206766,1980,"7"" - Archive 03 - [...E-J...]"
"Gap Band","Gap Band","Big Fun",https://www.discogs.com/release/6472205,1986,"7"" - Archive 03 - [...E-J...]"
"Gap Band","Gap Band","Burn Rubber On Me (Why You Wanna Hurt Me)",https://www.discogs.com/release/18465736,1980,"7"" - Archive 03 - [...E-J...]"
"Gap Band","Gap Band","Oops Up Side Your Head",https://www.discogs.com/release/1881057,1980,"7"" - Playlist - 03 [G-L...]"
"Gap Band","Gap Band","Party Lights (Remix)",https://www.discogs.com/release/600278,1980,"7"" - Archive 03 - [...E-J...]"
"Garth Brooks","Garth Brooks","Standing Outside The Fire",https://www.discogs.com/release/4758317,1994,"7"" - Playlist - 03 [G-L...]"
"Gary Brooker","Gary Brooker","Homelovin'",https://www.discogs.com/release/5756537,1981,"7"" - Archive 03 - [...E-J...]"
"Gary Clail & On-U Sound System","Gary Clail & On-U Sound System","Human Nature",https://www.discogs.com/release/130711,1991,"7"" - Archive 03 - [...E-J...]"
"Gary Clail & On-U Sound System","Gary Clail & On-U Sound System","The Emotional Hooligan",https://www.discogs.com/release/739866,1991,"7"" - Archive 03 - [...E-J...]"
"Gary Glitter","Gary Glitter","Always Yours",https://www.discogs.com/release/1365525,1974,"7"" - Archive 03 - [...E-J...]"
"Gary Glitter","Gary Glitter","Do You Wanna Touch Me?",https://www.discogs.com/release/643059,1973,"7"" - Archive 03 - [...E-J...]"
"Gary Glitter","Gary Glitter","Doing All Right With The Boys",https://www.discogs.com/release/801029,1975,"7"" - Archive 03 - [...E-J...]"
"Gary Glitter","Gary Glitter","I Didn't Know I Loved You (Till I Saw You Rock And Roll)",https://www.discogs.com/release/5588675,1972,"7"" - Archive 03 - [...E-J...]"
"Gary Glitter","Gary Glitter","I Love You Love Me Love",https://www.discogs.com/release/3255128,1973,"7"" - Archive 03 - [...E-J...]"
"Gary Glitter","Gary Glitter","I'm The Leader Of The Gang (I Am!)",https://www.discogs.com/release/5139022,1973,"7"" - Archive 03 - [...E-J...]"
"Gary Glitter","Gary Glitter","I'm The Leader Of The Gang / Rock & Roll Part Two /  Hello Hello I'm Back Again / Do You Wanna Touch",https://www.discogs.com/release/2183446,1980,"7"" - Archive 03 - [...E-J...]"
"Gary Glitter","Gary Glitter","Love Like You And Me",https://www.discogs.com/release/970240,1975,"7"" - Archive 03 - [...E-J...]"
"Gary Glitter","Gary Glitter","Oh What A Fool I've Been",https://www.discogs.com/release/2137822,1977,"7"" - Archive 03 - [...E-J...]"
"Gary Glitter","Gary Glitter","Oh What a Fool I've Been",https://www.discogs.com/release/8594928,1977,"7"" - Archive 03 - [...E-J...]"
"Gary Glitter","Gary Glitter","Oh Yes! You're Beautiful",https://www.discogs.com/release/11055013,1974,"7"" - Archive 03 - [...E-J...]"
"Gary Glitter","Gary Glitter","Papa Oom Mow Mow",https://www.discogs.com/release/978283,1975,"7"" - Archive 03 - [...E-J...]"
"Gary Glitter","Gary Glitter","Remember Me This Way",https://www.discogs.com/release/473669,1974,"7"" - Archive 03 - [...E-J...]"
"Gary Glitter","Gary Glitter","Rock And Roll Part 1",https://www.discogs.com/release/10604201,1972,"7"" - Archive 03 - [...E-J...]"
"Gary Moore","Gary Moore","Over The Hills And Far Away",https://www.discogs.com/release/3163964,1986,Uncategorized
"Gary Moore","Gary Moore","Parisienne Walkways",https://www.discogs.com/release/12243144,1978,"7"" - Playlist - 03 [G-L...]"
"Gary Moore","Gary Moore & Phil Lynott","Out In The Fields",https://www.discogs.com/release/2318229,1985,"7"" - Playlist - 03 [G-L...]"
"Gary Numan & Tubeway Army","Gary Numan",Cars,https://www.discogs.com/release/8646508,1979,"7"" - Playlist - 03 [G-L...]"
"Gary Numan & Tubeway Army","Gary Numan",Complex,https://www.discogs.com/release/8730297,1979,"7"" - Playlist - 03 [G-L...]"
"Gary Numan & Tubeway Army","Gary Numan","I Die: You Die",https://www.discogs.com/release/12204358,1980,"7"" - Playlist - 03 [G-L...]"
"Gary Numan & Tubeway Army","Gary Numan",Telekon,https://www.discogs.com/release/9093929,1980,"7"" - Playlist - 03 [G-L...]"
"Gary Numan & Tubeway Army","Gary Numan","This Is Love",https://www.discogs.com/release/572045,1986,"7"" - Playlist - 03 [G-L...]"
"Gary Numan & Tubeway Army","Gary Numan","We Are Glass",https://www.discogs.com/release/126870,1980,"7"" - Playlist - 03 [G-L...]"
"Gary Numan & Tubeway Army","Tubeway Army","Are 'Friends' Electric?",https://www.discogs.com/release/11079461,1979,"7"" - Playlist - 03 [G-L...]"
"Gary Pickford-Hopkins","Gary Pickford-Hopkins",Why?,https://www.discogs.com/release/6433629,1986,"7"" - Archive 03 - [...E-J...]"
"Gary Puckett & The Union Gap","Gary Puckett & The Union Gap","Young Girl",https://www.discogs.com/release/4390186,1968,"7"" - Retro - 01 [#,A-G]"
"Gary Shearston","Gary Shearston","I Get A Kick Out Of You",https://www.discogs.com/release/10893892,1974,"7"" - Archive 03 - [...E-J...]"
"Gary Stewart","Gary Stewart","Out Of Hand",https://www.discogs.com/release/20757940,1975,"7"" - Archive 03 - [...E-J...]"
"Gary U.S. Bonds","Gary U.S. Bonds","New Orleans",https://www.discogs.com/release/1908482,1960,"7"" - Retro - 01 [#,A-G]"
"Gary U.S. Bonds","Gary U.S. Bonds","This Little Girl",https://www.discogs.com/release/3519382,1981,"7"" - Retro - 01 [#,A-G]"
"Gary Wright","Gary Wright","Really Wanna Know You",https://www.discogs.com/release/2326157,1981,"7"" - Archive 03 - [...E-J...]"
"Gary's Gang","Gary's Gang","Keep On Dancin'",https://www.discogs.com/release/5203896,1979,"7"" - Archive 03 - [...E-J...]"
"Gary's Gang","Gary's Gang","Let's Lovedance Tonight",https://www.discogs.com/release/2890932,1979,"7"" - Archive 03 - [...E-J...]"
Gazebo,Gazebo,"Master Piece",https://www.discogs.com/release/6644113,1982,"7"" - Archive 03 - [...E-J...]"
"Gene Chandler","Gene Chandler","Does She Have A Friend? ",https://www.discogs.com/release/1425902,1980,"7"" - Archive 03 - [...E-J...]"
"Gene Chandler","Gene Chandler","Get Down",https://www.discogs.com/release/7864969,1978,"7"" - Archive 03 - [...E-J...]"
"Gene Cotton","Gene Cotton","If I Could Get You (Into My Life)",https://www.discogs.com/release/1470508,1981,"7"" - Archive 03 - [...E-J...]"
"Gene Loves Jezebel","Gene Loves Jezebel","The Motion Of Love",https://www.discogs.com/release/663397,1987,"7"" - Playlist - 03 [G-L...]"
"Gene Pitney","Gene Pitney","Blue Angel",https://www.discogs.com/release/15092670,"","7"" - Archive 03 - [...E-J...]"
"Gene Pitney","Gene Pitney","I'm Gonna Be Strong",https://www.discogs.com/release/10254637,1964,"7"" - Archive 03 - [...E-J...]"
"Gene Pitney","Gene Pitney","Looking Thru The Eyes Of Love",https://www.discogs.com/release/6502101,1965,"7"" - Retro - 01 [#,A-G]"
"Gene Pitney","Gene Pitney","San Remo Winners And Others",https://www.discogs.com/release/4906866,1966,"7"" - Archive 03 - [...E-J...]"
"Gene Pitney","Gene Pitney","Something's Gotten Hold Of My Heart",https://www.discogs.com/release/5462145,1967,"7"" - Retro - 01 [#,A-G]"
"Gene Pitney","Gene Pitney","Twenty Four Hours From Tulsa",https://www.discogs.com/release/3480681,1963,"7"" - Retro - 01 [#,A-G]"
"Gene Stuart & The Mighty Avons","Gene Stuart & The Mighty Avons","One Day At A Time",https://www.discogs.com/release/12415817,1973,"7"" - Archive 03 - [...E-J...]"
"Gene Vincent","Gene Vincent","Roll Over Beethoven",https://www.discogs.com/release/3494294,1974,"7"" - Archive 03 - [...E-J...]"
"Generation X","Generation X","King Rocker",https://www.discogs.com/release/7432374,1979,"7"" - Playlist - 03 [G-L...]"
"Generation X","Generation X","Valley Of The Dolls",https://www.discogs.com/release/474662,1979,"7"" - Playlist - 03 [G-L...]"
"Generation X","Generation X","Your Generation",https://www.discogs.com/release/4566555,1977,"7"" - Playlist - 03 [G-L...]"
Genesis,Genesis,Abacab,https://www.discogs.com/release/2164199,1981,"7"" - Playlist - 03 [G-L...]"
Genesis,Genesis,Duchess,https://www.discogs.com/release/2164214,1980,"7"" - Playlist - 03 [G-L...]"
Genesis,Genesis,"Follow You Follow Me",https://www.discogs.com/release/9264356,1978,"7"" - Playlist - 03 [G-L...]"
Genesis,Genesis,"I Know What I Like (In Your Wardrobe)",https://www.discogs.com/release/1716602,1974,"7"" - Archive 03 - [...E-J...]"
Genesis,Genesis,"Illegal Alien",https://www.discogs.com/release/1758647,1984,"7"" - Archive 03 - [...E-J...]"
Genesis,Genesis,"In Too Deep",https://www.discogs.com/release/1767422,1986,"7"" - Playlist - 03 [G-L...]"
Genesis,Genesis,"Invisible Touch",https://www.discogs.com/release/491332,1986,"7"" - Playlist - 03 [G-L...]"
Genesis,Genesis,"Keep It Dark",https://www.discogs.com/release/1910886,1981,"7"" - Archive 03 - [...E-J...]"
Genesis,Genesis,"Land Of Confusion",https://www.discogs.com/release/1715907,1986,"7"" - Playlist - 03 [G-L...]"
Genesis,Genesis,Mama,https://www.discogs.com/release/1863178,1983,"7"" - Playlist - 03 [G-L...]"
Genesis,Genesis,"Many, Too Many",https://www.discogs.com/release/550856,1978,"7"" - Archive 03 - [...E-J...]"
Genesis,Genesis,"Spot The Pigeon",https://www.discogs.com/release/1469822,1977,"7"" - Archive 03 - [...E-J...]"
Genesis,Genesis,"That's All",https://www.discogs.com/release/10392827,1983,"7"" - Playlist - 03 [G-L...]"
Genesis,Genesis,"Throwing It All Away",https://www.discogs.com/release/1811561,1987,"7"" - Playlist - 03 [G-L...]"
Genesis,Genesis,"Tonight, Tonight, Tonight",https://www.discogs.com/release/1568903,1987,Uncategorized
Genesis,Genesis,"Turn It On Again",https://www.discogs.com/release/1816854,1980,"7"" - Playlist - 03 [G-L...]"
Genesis,Genesis,"Your Own Special Way",https://www.discogs.com/release/1469827,1977,"7"" - Archive 03 - [...E-J...]"
"Gentlemen & Their Ladies","Gentlemen & Their Ladies","Loose Booty",https://www.discogs.com/release/1468694,1974,"7"" - Archive 03 - [...E-J...]"
"Geoffrey Burgon","Geoffrey Burgon","Brideshead Theme",https://www.discogs.com/release/2408660,1981,"7"" - Archive 03 - [...E-J...]"
"Geoffrey Stoner","Geoffrey Stoner","Back To Georgia",https://www.discogs.com/release/3190348,1973,"7"" - Archive 03 - [...E-J...]"
Geordie,Geordie,"Can You Do It",https://www.discogs.com/release/1771786,1973,"7"" - Archive 03 - [...E-J...]"
Geordie,Geordie,"Don't Do That",https://www.discogs.com/release/1469787,1972,"7"" - Archive 03 - [...E-J...]"
Geordie,Geordie,"She's A Teaser",https://www.discogs.com/release/2763107,1974,"7"" - Archive 03 - [...E-J...]"
"George Baker Selection","George Baker Selection","Paloma Blanca",https://www.discogs.com/release/1854624,1975,"7"" - Archive 03 - [...E-J...]"
"George Benson","George Benson","Feel Like Making Love",https://www.discogs.com/release/1550474,1983,"7"" - Playlist - 03 [G-L...]"
"George Benson","George Benson","Give Me The Night",https://www.discogs.com/release/6112294,1980,"7"" - Playlist - 03 [G-L...]"
"George Benson","George Benson","In Your Eyes",https://www.discogs.com/release/4833843,1983,"7"" - Archive 03 - [...E-J...]"
"George Benson","George Benson","Inside Love (So Personal) / On Broadway (Live Version)",https://www.discogs.com/release/4292717,1983,"7"" - Archive 03 - [...E-J...]"
"George Benson","George Benson","Lady Love Me (One More Time)",https://www.discogs.com/release/1258826,1983,"7"" - Archive 03 - [...E-J...]"
"George Benson","George Benson","Never Give Up On A Good Thing",https://www.discogs.com/release/1550485,1982,"7"" - Playlist - 03 [G-L...]"
"George Benson","George Benson",Shiver,https://www.discogs.com/release/5286179,1986,"7"" - Archive 03 - [...E-J...]"
"George Benson","George Benson",Teaser,https://www.discogs.com/release/404343,1987,"7"" - Archive 03 - [...E-J...]"
"George Benson","George Benson","Turn Your Love Around",https://www.discogs.com/release/1480850,1981,"7"" - Archive 03 - [...E-J...]"
"George Benson / Michael Masser","George Benson / Michael Masser","The Greatest Love Of All / Ali's Theme",https://www.discogs.com/release/1577988,1977,"7"" - Archive 03 - [...E-J...]"
"George Clinton","George Clinton",Loopzilla,https://www.discogs.com/release/820765,1982,"7"" - Archive 03 - [...E-J...]"
"George Fenton","George Fenton",Shoestring,https://www.discogs.com/release/4311706,1979,"7"" - Archive 03 - [...E-J...]"
"George Formby","George Formby","Happy Go Lucky Me",https://www.discogs.com/release/1812316,1960,"7"" - Novelty [#,A-Z]"
"George Harrison","George Harrison","Give Me Love (Give Me Peace On Earth)",https://www.discogs.com/release/9082458,1973,"7"" - Archive 03 - [...E-J...]"
"George Harrison","George Harrison","Got My Mind Set On You",https://www.discogs.com/release/544471,1987,"7"" - Playlist - 03 [G-L...]"
"George Harrison","George Harrison","My Sweet Lord",https://www.discogs.com/release/8827940,1971,"7"" - Retro - 01 [#,A-G]"
"George Harrison","George Harrison",You,https://www.discogs.com/release/2042850,1975,"7"" - Archive 03 - [...E-J...]"
"George Jones","George Jones","Stranger In The House",https://www.discogs.com/release/8485534,1981,"7"" - Archive 03 - [...E-J...]"
"George McCrae","George McCrae","I Ain't Lyin'",https://www.discogs.com/release/3188717,1975,"7"" - Archive 03 - [...E-J...]"
"George McCrae","George McCrae","It's Been So Long",https://www.discogs.com/release/8665137,1975,"7"" - Archive 03 - [...E-J...]"
"George McCrae","George McCrae","Rock Your Baby",https://www.discogs.com/release/3280292,1974,"7"" - Retro - 01 [#,A-G]"
"George McCrae","George McCrae","Sing A Happy Song",https://www.discogs.com/release/8251504,1975,"7"" - Archive 03 - [...E-J...]"
"George Michael","George Michael","A Different Corner",https://www.discogs.com/release/540570,1986,"7"" - Playlist - 03 [G-L...]"
"George Michael","George Michael","Careless Whisper  ",https://www.discogs.com/release/4446863,1984,"7"" - Playlist - 03 [G-L...]"
"George Michael","George Michael",Faith,https://www.discogs.com/release/17909416,1987,"7"" - Playlist - 03 [G-L...]"
"George Michael","George Michael","Father Figure",https://www.discogs.com/release/1295575,1987,"7"" - Playlist - 03 [G-L...]"
"George Michael","George Michael",Freedom!,https://www.discogs.com/release/540574,1990,"7"" - Playlist - 03 [G-L...]"
"George Michael","George Michael","I Want Your Sex",https://www.discogs.com/release/420695,1987,"7"" - Playlist - 03 [G-L...]"
"George Michael","George Michael",Monkey,https://www.discogs.com/release/15149009,1988,"7"" - Playlist - 03 [G-L...]"
"George Michael","George Michael","One More Try ",https://www.discogs.com/release/14042680,1988,"7"" - Playlist - 03 [G-L...]"
"George Michael","George Michael","Praying For Time",https://www.discogs.com/release/1761822,1990,"7"" - Playlist - 03 [G-L...]"
"George Michael","George Michael","Too Funky",https://www.discogs.com/release/589156,1992,"7"" - Playlist - 03 [G-L...]"
"George Michael","George Michael, Elton John","Don't Let The Sun Go Down On Me",https://www.discogs.com/release/347338,1991,"7"" - Playlist - 03 [G-L...]"
"George Mitchell Choir","George Mitchell Choir","The Virgin Mary Had A Baby Boy / Where Have All The Flowers Gone?",https://www.discogs.com/release/2120239,1962,"7"" - Holiday [#,A-Z]"
"Georgie Fame","Georgie Fame",Peaceful,https://www.discogs.com/release/4468614,1969,"7"" - Archive 03 - [...E-J...]"
"Georgie Fame","Georgie Fame",Sunny,https://www.discogs.com/release/11191131,1966,"7"" - Retro - 01 [#,A-G]"
"Georgie Fame & Alan Price","Georgie Fame & Alan Price",Rosetta,https://www.discogs.com/release/5131586,1971,"7"" - Archive 03 - [...E-J...]"
"Gerard Kenny","Gerard Kenny","D-D-D-Dancin'",https://www.discogs.com/release/2191534,1979,"7"" - Retro - 01 [#,A-G]"
"Gerard Kenny","Gerard Kenny","New York, New York",https://www.discogs.com/release/1741813,1978,"7"" - Retro - 01 [#,A-G]"
"Gerry & The Pacemakers","Gerry & The Pacemakers","Ferry Cross The Mersey",https://www.discogs.com/release/466114,1964,"7"" - Retro - 01 [#,A-G]"
"Gerry & The Pacemakers","Gerry & The Pacemakers","How Do You Do It?",https://www.discogs.com/release/15517665,1963,"7"" - Retro - 01 [#,A-G]"
"Gerry & The Pacemakers","Gerry & The Pacemakers","You'll Never Walk Alone",https://www.discogs.com/release/7277741,1963,"7"" - Retro - 01 [#,A-G]"
"Gerry Monroe","Gerry Monroe","My Prayer / I'll Be With You In Apple Blossom Time",https://www.discogs.com/release/1582443,1970,"7"" - Archive 03 - [...E-J...]"
"Gerry Monroe","Gerry Monroe","Reconsider Me",https://www.discogs.com/release/16284975,1975,"7"" - Archive 03 - [...E-J...]"
"Gerry Monroe","Gerry Monroe",Sally,https://www.discogs.com/release/4288215,1970,"7"" - Archive 03 - [...E-J...]"
"Gerry Rafferty","Gerry Rafferty","Baker Street",https://www.discogs.com/release/553874,1978,"7"" - Playlist - 03 [G-L...]"
"Gerry Rafferty","Gerry Rafferty","Get It Right Next Time",https://www.discogs.com/release/4823917,1979,"7"" - Playlist - 03 [G-L...]"
"Gerry Rafferty","Gerry Rafferty","Night Owl",https://www.discogs.com/release/6912845,1979,"7"" - Playlist - 03 [G-L...]"
"Gheorghe Zamfir","Gheorghe Zamfir","The Light Of Experience (Doina De Jale)",https://www.discogs.com/release/1612210,1976,"7"" - Archive 03 - [...E-J...]"
"Giant Steps","Giant Steps","(The World Don't Need) Another Lover",https://www.discogs.com/release/1994454,1988,"7"" - Archive 03 - [...E-J...]"
"Gibson Brothers","Gibson Brothers","Cuba / Better Do It Salsa",https://www.discogs.com/release/329471,1980,"7"" - Playlist - 03 [G-L...]"
"Gibson Brothers","Gibson Brothers","Latin America",https://www.discogs.com/release/2136251,1980,"7"" - Archive 03 - [...E-J...]"
"Gibson Brothers","Gibson Brothers",Mariana,https://www.discogs.com/release/1818994,1980,"7"" - Archive 03 - [...E-J...]"
"Gibson Brothers","Gibson Brothers","Ooh! What A Life",https://www.discogs.com/release/1647090,1979,"7"" - Playlist - 03 [G-L...]"
"Gibson Brothers","Gibson Brothers","Que Sera Mi Vida (If You Should Go)",https://www.discogs.com/release/1521813,1979,"7"" - Playlist - 03 [G-L...]"
Gibsons,Gibsons,"Ramblin' Fever EP",https://www.discogs.com/release/20056819,1979,"7"" - Archive 03 - [...E-J...]"
Gibsons,Gibsons,"Running Gun",https://www.discogs.com/release/20293135,"","7"" - Archive 03 - [...E-J...]"
"Gigliola Cinquetti","Gigliola Cinquetti","Go (Before You Break My Heart)",https://www.discogs.com/release/1138517,1974,"7"" - Archive 03 - [...E-J...]"
"Gilbert Bécaud","Gilbert Bécaud","A Little Love And Understanding",https://www.discogs.com/release/1515969,1974,"7"" - Archive 03 - [...E-J...]"
"Gilbert O'Sullivan","Gilbert O'Sullivan","Alone Again (Naturally)",https://www.discogs.com/release/15777565,1972,"7"" - Retro - 01 [#,A-G]"
"Gilbert O'Sullivan","Gilbert O'Sullivan","Christmas Song",https://www.discogs.com/release/1336117,1974,"7"" - Holiday [#,A-Z]"
"Gilbert O'Sullivan","Gilbert O'Sullivan",Clair,https://www.discogs.com/release/5894208,1972,"7"" - Retro - 01 [#,A-G]"
"Gilbert O'Sullivan","Gilbert O'Sullivan","Get Down",https://www.discogs.com/release/1941479,1973,"7"" - Retro - 01 [#,A-G]"
"Gilbert O'Sullivan","Gilbert O'Sullivan","Happiness Is Me And You",https://www.discogs.com/release/2135313,1974,"7"" - Archive 03 - [...E-J...]"
"Gilbert O'Sullivan","Gilbert O'Sullivan","I Don't Love You But I Think I Like You",https://www.discogs.com/release/999805,1975,"7"" - Archive 03 - [...E-J...]"
"Gilbert O'Sullivan","Gilbert O'Sullivan","No Matter How I Try",https://www.discogs.com/release/11284241,1971,"7"" - Archive 03 - [...E-J...]"
"Gilbert O'Sullivan","Gilbert O'Sullivan","Nothing Rhymed",https://www.discogs.com/release/1525456,1970,"7"" - Archive 03 - [...E-J...]"
"Gilbert O'Sullivan","Gilbert O'Sullivan","Ooh Baby ",https://www.discogs.com/release/487233,1973,"7"" - Archive 03 - [...E-J...]"
"Gilbert O'Sullivan","Gilbert O'Sullivan",Ooh-Wakka-Doo-Wakka-Day,https://www.discogs.com/release/1523135,1972,"7"" - Archive 03 - [...E-J...]"
"Gilbert O'Sullivan","Gilbert O'Sullivan","We Will",https://www.discogs.com/release/1741044,1971,"7"" - Archive 03 - [...E-J...]"
"Gilbert O'Sullivan","Gilbert O'Sullivan","Why, Oh Why, Oh Why",https://www.discogs.com/release/4199761,1973,"7"" - Archive 03 - [...E-J...]"
"Gilbert O'Sullivan","Gilbert O'Sullivan","You Are You",https://www.discogs.com/release/2203474,1975,"7"" - Archive 03 - [...E-J...]"
Gillan,Gillan,"Mutually Assured Destruction",https://www.discogs.com/release/648790,1981,"7"" - Playlist - 03 [G-L...]"
Gillan,Gillan,"New Orleans",https://www.discogs.com/release/533574,1981,"7"" - Playlist - 03 [G-L...]"
Gillan,Gillan,Trouble,https://www.discogs.com/release/2167171,1980,"7"" - Playlist - 03 [G-L...]"
Gillan,Gillan,Vengeance,https://www.discogs.com/release/2167141,1979,"7"" - Playlist - 03 [G-L...]"
"Gim-Mix Featuring Danielle Deneuve","Gim-Mix Featuring Danielle Deneuve","Le Parisien",https://www.discogs.com/release/13731911,1983,"7"" - Archive 03 - [...E-J...]"
"Ginette Reno","Ginette Reno","La Vie",https://www.discogs.com/release/4381482,1977,"7"" - Archive 03 - [...E-J...]"
Ginger,Ginger,"Just Like You ",https://www.discogs.com/release/4962397,1976,"7"" - Archive 03 - [...E-J...]"
"Ginny Tyler, Robie Lester","Ginny Tyler, Robie Lester","More Mother Goose",https://www.discogs.com/release/20293624,"","7"" - Archive 03 - [...E-J...]"
"Gino Soccio","Gino Soccio","Dance To Dance",https://www.discogs.com/release/5431203,1979,"7"" - Archive 03 - [...E-J...]"
"Gino Soccio","Gino Soccio",Dancer,https://www.discogs.com/release/2539485,1979,"7"" - Archive 03 - [...E-J...]"
"Gino Soccio","Gino Soccio","The Visitors",https://www.discogs.com/release/2835388,1979,"7"" - Archive 03 - [...E-J...]"
"Giorgio Moroder","Giorgio Moroder","From Here To Eternity",https://www.discogs.com/release/80551,1977,"7"" - Archive 03 - [...E-J...]"
"Giorgio Moroder With Philip Oakey","Giorgio Moroder With Philip Oakey","Together In Electric Dreams",https://www.discogs.com/release/140698,1984,"7"" - Playlist - 03 [G-L...]"
"Gipsy Kings","Gipsy Kings","Bamboléo",https://www.discogs.com/release/1009197,1988,"7"" - Retro - 01 [#,A-G]"
"Gipsy Kings","Gipsy Kings",Volare,https://www.discogs.com/release/3666039,1989,"7"" - Retro - 01 [#,A-G]"
Girl,Girl,"Hollywood Tease",https://www.discogs.com/release/5466899,1980,"7"" - Archive 03 - [...E-J...]"
Girlschool,Girlschool,"Hit & Run",https://www.discogs.com/release/480952,1981,"7"" - Playlist - 03 [G-L...]"
"Gladys Knight","Gladys Knight","Licence To Kill",https://www.discogs.com/release/516164,1989,"7"" - Playlist - 03 [G-L...]"
"Gladys Knight And The Pips","Gladys Knight And The Pips","Baby, Don't Change Your Mind ",https://www.discogs.com/release/691080,1977,"7"" - Retro - 01 [#,A-G]"
"Gladys Knight And The Pips","Gladys Knight And The Pips","Best Thing That Ever Happened To Me",https://www.discogs.com/release/1226005,1975,"7"" - Retro - 01 [#,A-G]"
"Gladys Knight And The Pips","Gladys Knight And The Pips","Come Back And Finish What You Started",https://www.discogs.com/release/995234,1978,"7"" - Retro - 01 [#,A-G]"
"Gladys Knight And The Pips","Gladys Knight And The Pips","Do You Hear What I Hear",https://www.discogs.com/release/2162583,1978,"7"" - Holiday [#,A-Z]"
"Gladys Knight And The Pips","Gladys Knight And The Pips","Home Is Where The Heart Is",https://www.discogs.com/release/1512680,1977,"7"" - Archive 03 - [...E-J...]"
"Gladys Knight And The Pips","Gladys Knight And The Pips","Midnight Train To Georgia",https://www.discogs.com/release/1581583,1976,"7"" - Retro - 01 [#,A-G]"
"Gladys Knight And The Pips","Gladys Knight And The Pips","Nobody But You",https://www.discogs.com/release/6457383,1976,"7"" - Archive 03 - [...E-J...]"
"Gladys Knight And The Pips","Gladys Knight And The Pips","On And On",https://www.discogs.com/release/2023380,1974,"7"" - Archive 03 - [...E-J...]"
"Gladys Knight And The Pips","Gladys Knight And The Pips","Part Time Love / Street Brother",https://www.discogs.com/release/1354488,1975,"7"" - Archive 03 - [...E-J...]"
"Gladys Knight And The Pips","Gladys Knight And The Pips","Silent Night",https://www.discogs.com/release/2162542,1975,"7"" - Holiday [#,A-Z]"
"Gladys Knight And The Pips","Gladys Knight And The Pips","The Look Of Love ",https://www.discogs.com/release/2684793,1973,"7"" - Retro - 01 [#,A-G]"
"Gladys Knight And The Pips","Gladys Knight And The Pips","The One And Only",https://www.discogs.com/release/6457463,1978,"7"" - Archive 03 - [...E-J...]"
"Gladys Knight And The Pips","Gladys Knight And The Pips","The Way We Were",https://www.discogs.com/release/6806994,1975,"7"" - Retro - 01 [#,A-G]"
"Gladys Knight And The Pips","Gladys Knight And The Pips","Where Peaceful Waters Flow",https://www.discogs.com/release/8459817,1973,"7"" - Archive 03 - [...E-J...]"
"Glen Campbell","Glen Campbell","Honey Come Back",https://www.discogs.com/release/2619394,1970,"7"" - Retro - 01 [#,A-G]"
"Glen Campbell","Glen Campbell","It's Only Make Believe",https://www.discogs.com/release/2197306,1970,"7"" - Retro - 01 [#,A-G]"
"Glen Campbell","Glen Campbell","Rhinestone Cowboy / Lovelight",https://www.discogs.com/release/5723047,1975,"7"" - Retro - 01 [#,A-G]"
"Glen Campbell","Glen Campbell","Southern Nights",https://www.discogs.com/release/11576368,1977,"7"" - Retro - 01 [#,A-G]"
"Glen Courtney","Glen Courtney","Love Is All",https://www.discogs.com/release/19284220,"","7"" - Archive 03 - [...E-J...]"
"Glen Goldsmith","Glen Goldsmith","I Won't Cry",https://www.discogs.com/release/1409982,1987,"7"" - Archive 03 - [...E-J...]"
"Glenn & Chris","Glenn & Chris","Diamond Lights",https://www.discogs.com/release/643157,1987,"7"" - Archive 03 - [...E-J...]"
"Glenn Frey","Glenn Frey","The Heat Is On",https://www.discogs.com/release/491262,1985,"7"" - Playlist - 03 [G-L...]"
"Glenn Medeiros","Glenn Medeiros","Nothing's Gonna Change My Love For You",https://www.discogs.com/release/956672,1988,"7"" - Archive 03 - [...E-J...]"
"Glenn Medeiros","Glenn Medeiros","Nothing's Gonna Change My Love For You",https://www.discogs.com/release/3200102,1988,"7"" - Archive 03 - [...E-J...]"
"Glitter Band","Glitter Band","'Angel Face'",https://www.discogs.com/release/11658033,1974,"7"" - Archive 03 - [...E-J...]"
"Glitter Band","Glitter Band","Goodbye My Love",https://www.discogs.com/release/1470603,1974,"7"" - Archive 03 - [...E-J...]"
"Glitter Band","Glitter Band","Just For You",https://www.discogs.com/release/1470604,1974,"7"" - Archive 03 - [...E-J...]"
"Glitter Band","Glitter Band","Let's Get Together Again",https://www.discogs.com/release/1168330,1974,"7"" - Archive 03 - [...E-J...]"
"Glitter Band","Glitter Band","People Like You And People Like Me ",https://www.discogs.com/release/1183392,1976,"7"" - Archive 03 - [...E-J...]"
"Gloria Estefan","Gloria Estefan","Don't Wanna Lose You",https://www.discogs.com/release/2636387,1989,"7"" - Playlist - 03 [G-L...]"
"Gloria Estefan","Gloria Estefan","Get On Your Feet",https://www.discogs.com/release/2649863,1989,Uncategorized
"Gloria Estefan","Gloria Estefan","Here We Are / Don't Let The Sun Go Down On Me",https://www.discogs.com/release/1569800,1990,"7"" - Playlist - 03 [G-L...]"
"Gloria Gaynor","Gloria Gaynor","How High The Moon",https://www.discogs.com/release/1297281,1976,"7"" - Archive 03 - [...E-J...]"
"Gloria Gaynor","Gloria Gaynor","I Am What I Am",https://www.discogs.com/release/3265596,1983,"7"" - Playlist - 03 [G-L...]"
"Gloria Gaynor","Gloria Gaynor","I Will Survive (Phil Kelsey Remix)",https://www.discogs.com/release/1414050,1993,"7"" - Archive 03 - [...E-J...]"
"Gloria Gaynor","Gloria Gaynor","I Will Survive / Never Can Say Goodbye",https://www.discogs.com/release/8923225,"","7"" - Playlist - 03 [G-L...]"
"Gloria Gaynor","Gloria Gaynor","Let Me Know (I Have A Right)",https://www.discogs.com/release/1410262,1979,"7"" - Archive 03 - [...E-J...]"
"Gloria Gaynor","Gloria Gaynor","Never Can Say Goodbye",https://www.discogs.com/release/890548,1974,"7"" - Playlist - 03 [G-L...]"
"Gloria Gaynor","Gloria Gaynor","Reach Out, I'll Be There",https://www.discogs.com/release/1393867,1975,"7"" - Playlist - 03 [G-L...]"
"Gloria Gaynor","Gloria Gaynor","Talk, Talk, Talk",https://www.discogs.com/release/2135918,1976,"7"" - Archive 03 - [...E-J...]"
"Glyn Poole","Glyn Poole","Milly Molly Mandy",https://www.discogs.com/release/1816534,1973,"7"" - Archive 03 - [...E-J...]"
"Go West","Go West","Call Me",https://www.discogs.com/release/1622677,1985,"7"" - Playlist - 03 [G-L...]"
"Go West","Go West","Tracks Of My Tears",https://www.discogs.com/release/2076617,1993,"7"" - Playlist - 03 [G-L...]"
"Go West","Go West","We Close Our Eyes",https://www.discogs.com/release/491336,1985,"7"" - Playlist - 03 [G-L...]"
"Go West","Go West","What You Won't Do For Love",https://www.discogs.com/release/2220204,1993,"7"" - Playlist - 03 [G-L...]"
Goat,Goat,"Your Love Isa Mine",https://www.discogs.com/release/2370074,1990,"7"" - Archive 03 - [...E-J...]"
"Godley & Creme","Godley & Creme","5 O'Clock In The Morning",https://www.discogs.com/release/7729214,1977,"7"" - Archive 03 - [...E-J...]"
"Godley & Creme","Godley & Creme",Cry,https://www.discogs.com/release/2902004,1985,"7"" - Playlist - 03 [G-L...]"
"Godley & Creme","Godley & Creme","Under Your Thumb",https://www.discogs.com/release/3305212,1981,"7"" - Playlist - 03 [G-L...]"
"Golant Pistons Featuring Al Hodge","Golant Pistons Featuring Al Hodge","I Can See Where I'm Going",https://www.discogs.com/release/5672891,1978,"7"" - Archive 03 - [...E-J...]"
"Golden Earring","Golden Earring","Radar Love",https://www.discogs.com/release/2976680,1973,"7"" - Retro - 01 [#,A-G]"
Goldie,Goldie,"Making Up Again",https://www.discogs.com/release/1741815,1978,"7"" - Archive 03 - [...E-J...]"
Gonzalez,Gonzalez,"Haven't Stopped Dancing Yet",https://www.discogs.com/release/1581736,1979,"7"" - Playlist - 03 [G-L...]"
"Goodbye Mr. Mackenzie","Goodbye Mr. Mackenzie","Blacker Than Black",https://www.discogs.com/release/2828805,1990,"7"" - Playlist - 03 [G-L...]"
"Goodbye Mr. Mackenzie","Goodbye Mr. Mackenzie","Love Child",https://www.discogs.com/release/1213950,1990,"7"" - Playlist - 03 [G-L...]"
"Goodbye Mr. Mackenzie","Goodbye Mr. Mackenzie","The Rattler",https://www.discogs.com/release/141042,1989,"7"" - Playlist - 03 [G-L...]"
Goodies,Goodies,"Black Pudding Bertha (The Queen Of Northern Soul)",https://www.discogs.com/release/7999183,1975,"7"" - Novelty [#,A-Z]"
Goodies,Goodies,"Father Christmas Do Not Touch Me",https://www.discogs.com/release/1162112,1974,"7"" - Holiday [#,A-Z]"
Goodies,Goodies,"Make A Daft Noise For Christmas",https://www.discogs.com/release/1161003,1975,"7"" - Holiday [#,A-Z]"
"Goombay Dance Band","Goombay Dance Band","Seven Tears",https://www.discogs.com/release/7590360,1981,"7"" - Archive 03 - [...E-J...]"
Goons,Goons,"Ying Tong Song",https://www.discogs.com/release/495760,1973,"7"" - Novelty [#,A-Z]"
"Gordon Giltrap","Gordon Giltrap",Heartsong,https://www.discogs.com/release/2372859,1977,"7"" - Retro - 01 [#,A-G]"
"Gordon Huntley","Gordon Huntley",Sleepwalk,https://www.discogs.com/release/16046914,1974,"7"" - Archive 03 - [...E-J...]"
"Gordon Lightfoot","Gordon Lightfoot",Sundown,https://www.discogs.com/release/2073636,1974,"7"" - Retro - 01 [#,A-G]"
"Grace Jones","Grace Jones","Love Is The Drug",https://www.discogs.com/release/1059793,1986,"7"" - Playlist - 03 [G-L...]"
"Grace Jones","Grace Jones","Private Life",https://www.discogs.com/release/7566980,1980,"7"" - Playlist - 03 [G-L...]"
"Grace Jones","Grace Jones","Pull Up To The Bumper",https://www.discogs.com/release/139094,1986,"7"" - Playlist - 03 [G-L...]"
"Grace Jones","Grace Jones","Slave To The Rhythm",https://www.discogs.com/release/1310083,1985,"7"" - Playlist - 03 [G-L...]"
"Grace Slick","Grace Slick",Dreams,https://www.discogs.com/release/7569653,1980,"7"" - Archive 03 - [...E-J...]"
"Graham Bonnet","Graham Bonnet","It's All Over Now, Baby Blue",https://www.discogs.com/release/3071380,1977,"7"" - Archive 03 - [...E-J...]"
"Graham Bonnet","Graham Bonnet","Night Games",https://www.discogs.com/release/9672147,1981,"7"" - Playlist - 03 [G-L...]"
"Graham Gouldman","Graham Gouldman",Sunburn,https://www.discogs.com/release/1409963,1979,"7"" - Retro - 01 [#,A-G]"
"Graham Parker","Graham Parker",Stupefaction,https://www.discogs.com/release/3384730,1980,"7"" - Archive 03 - [...E-J...]"
"Graham Parker And The Rumour","Graham Parker And The Rumour","The Pink Parker",https://www.discogs.com/release/10000381,1977,"7"" - Archive 03 - [...E-J...]"
Grandad,Grandad,"A Tall Story",https://www.discogs.com/release/10590878,1982,"7"" - Novelty [#,A-Z]"
"Grandmaster Melle Mel & The Furious Five","Grandmaster Melle Mel & The Furious Five","Step Off",https://www.discogs.com/release/442189,1984,"7"" - Archive 03 - [...E-J...]"
"Grange Hill Cast","Grange Hill Cast","Just Say No",https://www.discogs.com/release/255373,1986,"7"" - Archive 03 - [...E-J...]"
"Grayson Hugh","Grayson Hugh","Talk It Over",https://www.discogs.com/release/4844508,1988,"7"" - Archive 03 - [...E-J...]"
Grease,"Frankie Valli / Gary Brown",Grease,https://www.discogs.com/release/6817127,1978,"7"" - Playlist - Film & TV [#,A-Z]"
Grease,"John Travolta","Greased Lightning",https://www.discogs.com/release/563675,1978,"7"" - Playlist - Film & TV [#,A-Z]"
Grease,"John Travolta",Sandy,https://www.discogs.com/release/6820545,1978,"7"" - Playlist - Film & TV [#,A-Z]"
Grease,"John Travolta & Olivia Newton-John","The Grease Megamix",https://www.discogs.com/release/7380466,1990,"7"" - Playlist - Film & TV [#,A-Z]"
Grease,"John Travolta And Olivia Newton-John","You're The One That I Want",https://www.discogs.com/release/6669690,1978,"7"" - Playlist - Film & TV [#,A-Z]"
Grease,"John Travolta, Olivia Newton-John & ""Grease"" Cast / Louis St. Louis","Summer Nights / Rock 'N' Roll Party Queen",https://www.discogs.com/release/5245260,1978,"7"" - Playlist - Film & TV [#,A-Z]"
Grease,"Olivia Newton-John","Hopelessly Devoted To You",https://www.discogs.com/release/6830557,1978,"7"" - Playlist - Film & TV [#,A-Z]"
"Great Divide","Great Divide","Money And Time",https://www.discogs.com/release/7532525,1984,"7"" - Archive 03 - [...E-J...]"
"Great White","Great White","House Of Broken Love",https://www.discogs.com/release/1427290,1989,"7"" - Archive 03 - [...E-J...]"
Greedies,Greedies,"A Merry Jingle",https://www.discogs.com/release/1006396,1979,"7"" - Holiday [#,A-Z]"
"Greg Lake","Greg Lake","I Believe In Father Christmas",https://www.discogs.com/release/1193313,1975,"7"" - Holiday [#,A-Z]"
"Gregory Abbott","Gregory Abbott","Shake You Down",https://www.discogs.com/release/1284866,1986,"7"" - Archive 03 - [...E-J...]"
"Gregory Gray","Gregory Gray","Books To Read Twice",https://www.discogs.com/release/5826412,1985,"7"" - Archive 03 - [...E-J...]"
Grimms,Grimms,"Backbreaker / The Masked Poet",https://www.discogs.com/release/7187282,1975,"7"" - Archive 03 - [...E-J...]"
"Grover Washington, Jr.","Grover Washington, Jr.","Just The Two Of Us",https://www.discogs.com/release/417387,1980,"7"" - Playlist - 03 [G-L...]"
"Gun / Ram Jam","Gun / Ram Jam","Race With The Devil / Black Betty",https://www.discogs.com/release/7269044,"","7"" - Retro - 01 [#,A-G]"
"Guns N' Roses","Guns N' Roses","Paradise City",https://www.discogs.com/release/1348234,1989,"7"" - Playlist - 03 [G-L...]"
"Guns N' Roses","Guns N' Roses","Sweet Child O' Mine (Remix)",https://www.discogs.com/release/2621500,1988,"7"" - Playlist - 03 [G-L...]"
"Guns N' Roses","Guns N' Roses","Welcome To The Jungle",https://www.discogs.com/release/2271691,1987,"7"" - Playlist - 03 [G-L...]"
"Guru Josh","Guru Josh",Infinity,https://www.discogs.com/release/5684595,1990,"7"" - Archive 03 - [...E-J...]"
"Gustav Holst, Sir Malcolm Sargent, London Symphony Orchestra","Gustav Holst, Sir Malcolm Sargent, London Symphony Orchestra","Mars + Jupiter From ""The Planets""",https://www.discogs.com/release/17557519,1959,"7"" - Archive 03 - [...E-J...]"
"Guy Darrell","Guy Darrell","I've Been Hurt",https://www.discogs.com/release/1872751,1973,"7"" - Archive 03 - [...E-J...]"
"Guys 'n Dolls","Guys 'n Dolls","Here I Go Again",https://www.discogs.com/release/1470505,1975,"7"" - Archive 03 - [...E-J...]"
"Guys 'n Dolls","Guys 'n Dolls","There's A Whole Lot Of Loving",https://www.discogs.com/release/10812701,1974,"7"" - Archive 03 - [...E-J...]"
"Gwen Guthrie","Gwen Guthrie","(They Long To Be ) Close To You",https://www.discogs.com/release/1570958,1986,"7"" - Archive 03 - [...E-J...]"
"Gwen Guthrie","Gwen Guthrie","Ain't Nothin' Goin' On But The Rent",https://www.discogs.com/release/404377,1986,"7"" - Playlist - 03 [G-L...]"
Gypsy,Gypsy,"Changes Coming",https://www.discogs.com/release/2249017,1971,"7"" - Archive 03 - [...E-J...]"
Gyres,Gyres,"Are You Ready?",https://www.discogs.com/release/2707597,1996,"7"" - Archive 03 - [...E-J...]"
"Gérard Blanc","Gérard Blanc","Une Autre Histoire",https://www.discogs.com/release/720322,1986,"7"" - Archive 03 - [...E-J...]"
"H.B. Barnum","H.B. Barnum","Having A Party",https://www.discogs.com/release/464660,1974,"7"" - Archive 03 - [...E-J...]"
Haddaway,Haddaway,"I Miss You",https://www.discogs.com/release/2579131,1993,"7"" - Archive 03 - [...E-J...]"
Haddaway,Haddaway,"What Is Love",https://www.discogs.com/release/13716713,1993,"7"" - Playlist - 03 [G-L...]"
"Haircut One Hundred","Haircut One Hundred","Fantastic Day",https://www.discogs.com/release/376442,1982,"7"" - Playlist - 03 [G-L...]"
"Haircut One Hundred","Haircut One Hundred","Favourite Shirts (Boy Meets Girl)",https://www.discogs.com/release/5742834,1981,"7"" - Playlist - 03 [G-L...]"
"Haircut One Hundred","Haircut One Hundred","Love Plus One",https://www.discogs.com/release/8339629,1982,"7"" - Playlist - 03 [G-L...]"
"Halo James","Halo James","Could Have Told You So",https://www.discogs.com/release/2304498,1989,"7"" - Playlist - 03 [G-L...]"
"Hamilton Bohannon","Hamilton Bohannon","Disco Stomp",https://www.discogs.com/release/479547,1975,"7"" - Archive 03 - [...E-J...]"
"Hamilton Bohannon","Hamilton Bohannon","Foot Stompin' Music",https://www.discogs.com/release/995443,1975,"7"" - Archive 03 - [...E-J...]"
"Hamilton Bohannon","Hamilton Bohannon","Let's Start The Dance",https://www.discogs.com/release/1899709,1978,"7"" - Archive 03 - [...E-J...]"
"Hamilton Bohannon","Hamilton Bohannon","Let's Start To Dance Again",https://www.discogs.com/release/8966582,1982,"7"" - Archive 03 - [...E-J...]"
"Hamilton Bohannon","Hamilton Bohannon","South African Man",https://www.discogs.com/release/1327242,1974,"7"" - Archive 03 - [...E-J...]"
"Hampstead Parish Church Choir","Hampstead Parish Church Choir","Christmas Carols",https://www.discogs.com/release/6642070,1957,"7"" - Holiday [#,A-Z]"
"Hank C. Burnette","Hank C. Burnette","Spinning Rock Boogie",https://www.discogs.com/release/2665101,1976,"7"" - Archive 03 - [...E-J...]"
"Hank Mizell","Hank Mizell","Jungle Rock",https://www.discogs.com/release/12759593,1976,"7"" - Retro - 02 [H-R]"
"Hank Mizell","Hank Mizell","Kangaroo Rock",https://www.discogs.com/release/15203855,1976,"7"" - Archive 03 - [...E-J...]"
"Happy Mondays","Happy Mondays","Madchester Rave On",https://www.discogs.com/release/22749230,1989,"7"" - Playlist - 03 [G-L...]"
"Happy Mondays","Happy Mondays","Step On",https://www.discogs.com/release/1054243,1990,"7"" - Playlist - 03 [G-L...]"
"Harley Quinne","Harley Quinne","New Orleans",https://www.discogs.com/release/2666979,1972,"7"" - Archive 03 - [...E-J...]"
"Harold Faltermeyer","Harold Faltermeyer","Axel F",https://www.discogs.com/release/398724,1984,"7"" - Playlist - 03 [G-L...]"
"Harold Melvin And The Blue Notes","Harold Melvin And The Blue Notes","Don't Leave Me This Way",https://www.discogs.com/release/15032113,1977,"7"" - Retro - 02 [H-R]"
"Harold Melvin And The Blue Notes","Harold Melvin And The Blue Notes","The Love I Lost (Part 1)",https://www.discogs.com/release/5206857,1973,"7"" - Retro - 02 [H-R]"
Harpo,Harpo,"Movie Star",https://www.discogs.com/release/2344994,1975,"7"" - Archive 03 - [...E-J...]"
"Harry Belafonte","Harry Belafonte","Darlin' Cora / Turn Around",https://www.discogs.com/release/3881960,1959,"7"" - Archive 03 - [...E-J...]"
"Harry Belafonte","Harry Belafonte","Kingston Market / The Baby Boy",https://www.discogs.com/release/6870680,1961,"7"" - Archive 03 - [...E-J...]"
"Harry Belafonte","Harry Belafonte","Mary's Boy Child",https://www.discogs.com/release/8485930,"","7"" - Holiday [#,A-Z]"
"Harry Belafonte","Harry Belafonte","The Best Of Belafonte",https://www.discogs.com/release/17868619,1962,"7"" - Archive 03 - [...E-J...]"
"Harry Davidson And His Orchestra","Harry Davidson And His Orchestra","Gainsborough Glide No. 2",https://www.discogs.com/release/19284046,1954,"7"" - Archive 03 - [...E-J...]"
"Harry Engleman Tango Orchestra","Harry Engleman Tango Orchestra","Old Time Waltz",https://www.discogs.com/release/15975049,1969,"7"" - Archive 03 - [...E-J...]"
"Harry Nilsson","Harry Nilsson","All I Think About Is You",https://www.discogs.com/release/2463858,1977,"7"" - Archive 03 - [...E-J...]"
"Harry Nilsson","Harry Nilsson",Daybreak,https://www.discogs.com/release/3744814,1974,"7"" - Archive 03 - [...E-J...]"
"Harry Nilsson","Harry Nilsson","Everybody's Talkin'",https://www.discogs.com/release/6436696,1969,"7"" - Archive 03 - [...E-J...]"
"Harry Nilsson","Harry Nilsson","I Guess The Lord Must Be In New York City",https://www.discogs.com/release/2885753,1970,"7"" - Archive 03 - [...E-J...]"
"Harry Nilsson","Harry Nilsson","Without You",https://www.discogs.com/release/778212,1976,"7"" - Retro - 02 [H-R]"
"Harry Secombe","Harry Secombe","Bless This House",https://www.discogs.com/release/1933154,1960,"7"" - Archive 03 - [...E-J...]"
"Harry Secombe","Harry Secombe","Hymns Of Glory No. 2",https://www.discogs.com/release/13020813,1963,"7"" - Archive 03 - [...E-J...]"
"Harry Secombe","Harry Secombe","If I Ruled The World",https://www.discogs.com/release/1933092,1963,"7"" - Archive 03 - [...E-J...]"
"Harry Secombe","Harry Secombe","Neapolitan Love Songs",https://www.discogs.com/release/2691263,1957,"7"" - Archive 03 - [...E-J...]"
"Harry Secombe","Harry Secombe","Song Of Joy",https://www.discogs.com/release/2402464,1972,"7"" - Archive 03 - [...E-J...]"
"Harry Secombe","Harry Secombe","This Is My Song / Song Of The Valley",https://www.discogs.com/release/1856406,1967,"7"" - Archive 03 - [...E-J...]"
"Harry Simeone Chorale","Harry Simeone Chorale","Onward Christian Soldiers",https://www.discogs.com/release/6140147,1960,"7"" - Archive 03 - [...E-J...]"
"Hartlepool Lynnfield Primary School / Blackhall Youth Brass Band","Hartlepool Lynnfield Primary School / Blackhall Youth Brass Band","A Christmas Carol / HMS Warrior (1860) (A March For The International Year Of Disabled People)",https://www.discogs.com/release/14263109,1981,"7"" - Holiday [#,A-Z]"
Hawkwind,Hawkwind,"Silver Machine",https://www.discogs.com/release/12880139,"","7"" - Retro - 02 [H-R]"
"Haysi Fantayzee","Haysi Fantayzee","John Wayne Is Big Leggy",https://www.discogs.com/release/704311,1982,"7"" - Playlist - 03 [G-L...]"
"Haysi Fantayzee","Haysi Fantayzee","Shiny Shiny",https://www.discogs.com/release/1544519,1983,"7"" - Playlist - 03 [G-L...]"
Haywoode,Haywoode,Roses,https://www.discogs.com/release/1698350,1986,"7"" - Archive 03 - [...E-J...]"
"Hazel O'Connor","Hazel O'Connor","(Cover Plus) We're All Grown Up",https://www.discogs.com/release/257878,1981,"7"" - Playlist - 03 [G-L...]"
"Hazel O'Connor","Hazel O'Connor",D-Days,https://www.discogs.com/release/156520,1981,"7"" - Playlist - 03 [G-L...]"
"Hazel O'Connor","Hazel O'Connor","Eighth Day",https://www.discogs.com/release/1340610,1980,"7"" - Playlist - 03 [G-L...]"
"Hazel O'Connor","Hazel O'Connor","Hanging Around",https://www.discogs.com/release/4953945,1981,"7"" - Playlist - 03 [G-L...]"
"Hazel O'Connor","Hazel O'Connor","Will You?",https://www.discogs.com/release/145670,1981,"7"" - Playlist - 03 [G-L...]"
"Hazell Dean","Hazell Dean","Turn It Into Love",https://www.discogs.com/release/1747601,1988,"7"" - Archive 03 - [...E-J...]"
"Hazell Dean","Hazell Dean","Whatever I Do (Wherever I Go)",https://www.discogs.com/release/1354292,1984,"7"" - Playlist - 03 [G-L...]"
"Hazell Dean","Hazell Dean","Who's Leaving Who",https://www.discogs.com/release/225356,1988,"7"" - Playlist - 03 [G-L...]"
Head,Head,"Car's Outside",https://www.discogs.com/release/1559647,1988,"7"" - Archive 03 - [...E-J...]"
Headline,Headline,1999,https://www.discogs.com/release/3895569,1978,"7"" - Archive 03 - [...E-J...]"
"Heads Hands & Feet","Heads Hands & Feet","Warming Up The Band",https://www.discogs.com/release/1771802,1971,"7"" - Archive 03 - [...E-J...]"
Heart,Heart,"All I Wanna Do",https://www.discogs.com/release/4802726,1990,"7"" - Playlist - 03 [G-L...]"
Heart,Heart,Alone,https://www.discogs.com/release/1326545,1987,"7"" - Playlist - 03 [G-L...]"
Heart,Heart,"Magic Man",https://www.discogs.com/release/2142993,1976,"7"" - Playlist - 03 [G-L...]"
Heart,Heart,"Never / These Dreams",https://www.discogs.com/release/1737687,1988,"7"" - Playlist - 03 [G-L...]"
Heart,Heart,"These Dreams",https://www.discogs.com/release/938558,1986,Uncategorized
Heart,Heart,"What About Love?",https://www.discogs.com/release/4553004,1988,"7"" - Playlist - 03 [G-L...]"
Heart,Heart,"You're The Voice",https://www.discogs.com/release/2803299,1991,"7"" - Playlist - 03 [G-L...]"
"Heart Attack","Heart Attack","God Is Dead",https://www.discogs.com/release/2690151,2007,"7"" - Archive 03 - [...E-J...]"
"Hearts And Minds","Hearts And Minds","Turning Turtle",https://www.discogs.com/release/3467255,1987,"7"" - Archive 03 - [...E-J...]"
Heatwave,Heatwave,"Always And Forever b/w Mind Blowing Decisions",https://www.discogs.com/release/4816469,1977,"7"" - Playlist - 03 [G-L...]"
Heatwave,Heatwave,"Boogie Nights",https://www.discogs.com/release/721779,1977,"7"" - Playlist - 03 [G-L...]"
Heatwave,Heatwave,"Gangsters Of The Groove",https://www.discogs.com/release/1581776,1981,"7"" - Archive 03 - [...E-J...]"
Heatwave,Heatwave,"Jitterbuggin'",https://www.discogs.com/release/2061825,1981,"7"" - Archive 03 - [...E-J...]"
Heatwave,Heatwave,"Mind Blowing Decisions",https://www.discogs.com/release/16116633,1978,"7"" - Playlist - 03 [G-L...]"
Heatwave,Heatwave,"One Night Tan / Disco",https://www.discogs.com/release/4280024,1979,"7"" - Archive 03 - [...E-J...]"
Heatwave,Heatwave,"The Groove Line",https://www.discogs.com/release/10518852,1977,"7"" - Playlist - 03 [G-L...]"
Heatwave,Heatwave,"Too Hot To Handle",https://www.discogs.com/release/1358105,1977,"7"" - Playlist - 03 [G-L...]"
"Heaven 17","Heaven 17","Come Live With Me",https://www.discogs.com/release/9357614,1983,"7"" - Playlist - 03 [G-L...]"
"Heaven 17","Heaven 17",Contenders,https://www.discogs.com/release/245426,1986,"7"" - Archive 03 - [...E-J...]"
"Heaven 17","Heaven 17","I'm Your Money",https://www.discogs.com/release/27679,1981,"7"" - Archive 03 - [...E-J...]"
"Heaven 17","Heaven 17","Let Me Go!",https://www.discogs.com/release/27699,1982,"7"" - Playlist - 03 [G-L...]"
"Heaven 17","Heaven 17","Sunset Now",https://www.discogs.com/release/97137,1984,"7"" - Playlist - 03 [G-L...]"
"Heaven 17","Heaven 17",Temptation,https://www.discogs.com/release/132946,1983,"7"" - Playlist - 03 [G-L...]"
"Heaven 17","Heaven 17","This Is Mine",https://www.discogs.com/release/97145,1984,"7"" - Playlist - 03 [G-L...]"
"Heavy D. & The Boyz","Heavy D. & The Boyz","Now That We Found Love",https://www.discogs.com/release/5467815,1991,"7"" - Playlist - 03 [G-L...]"
"Helen Foster","Helen Foster","Over The Rainbow",https://www.discogs.com/release/3402236,1974,"7"" - Archive 03 - [...E-J...]"
"Helen Reddy","Helen Reddy","Angie Baby",https://www.discogs.com/release/1515972,1974,"7"" - Retro - 02 [H-R]"
"Helen Reddy","Helen Reddy",Bluebird,https://www.discogs.com/release/5554652,1975,"7"" - Archive 03 - [...E-J...]"
"Helen Reddy","Helen Reddy","I Am Woman",https://www.discogs.com/release/7439176,1975,"7"" - Retro - 02 [H-R]"
"Helen Reddy","Helen Reddy","Keep On Singing",https://www.discogs.com/release/1438776,1974,"7"" - Archive 03 - [...E-J...]"
"Helen Reddy","Helen Reddy","Leave Me Alone (Ruby Red Dress) / The Old Fashioned Way",https://www.discogs.com/release/10495843,1973,"7"" - Archive 03 - [...E-J...]"
"Helen Reddy","Helen Reddy","Take What You Find",https://www.discogs.com/release/5558463,1980,"7"" - Archive 03 - [...E-J...]"
"Helen Shapiro","Helen Shapiro","No Trespassing",https://www.discogs.com/release/1749817,1963,"7"" - Archive 03 - [...E-J...]"
"Helen Shapiro","Helen Shapiro","Walking Back To Happiness ",https://www.discogs.com/release/6047460,1989,"7"" - Retro - 02 [H-R]"
"Helen Shapiro","Helen Shapiro","You Don't Know",https://www.discogs.com/release/872321,1961,"7"" - Archive 03 - [...E-J...]"
"Helen Shapiro With Martin Slavin And His Orchestra","Helen Shapiro With Martin Slavin And His Orchestra","Tell Me What He Said",https://www.discogs.com/release/6854499,1962,"7"" - Archive 03 - [...E-J...]"
Hello,Hello,"New York Groove",https://www.discogs.com/release/431866,1975,"7"" - Archive 03 - [...E-J...]"
Hello,Hello,"Tell Him",https://www.discogs.com/release/1326520,1974,"7"" - Archive 03 - [...E-J...]"
"Henry Gross","Henry Gross",Shannon,https://www.discogs.com/release/8598650,1976,"7"" - Archive 03 - [...E-J...]"
"Herb Alpert","Herb Alpert","Keep Your Eye On Me",https://www.discogs.com/release/1264904,1987,"7"" - Archive 03 - [...E-J...]"
"Herb Alpert","Herb Alpert",Rise,https://www.discogs.com/release/204508,1979,"7"" - Archive 03 - [...E-J...]"
"Herb Alpert","Herb Alpert","This Guy's In Love With You",https://www.discogs.com/release/11677260,1969,"7"" - Retro - 02 [H-R]"
"Herb Alpert & The Tijuana Brass","Herb Alpert & The Tijuana Brass","Fox Hunt",https://www.discogs.com/release/4876712,1974,"7"" - Archive 03 - [...E-J...]"
"Herb Alpert & The Tijuana Brass","Herb Alpert & The Tijuana Brass","Last Tango In Paris / Fire And Rain",https://www.discogs.com/release/431509,1973,"7"" - Archive 03 - [...E-J...]"
"Herb Alpert & The Tijuana Brass","Herb Alpert & The Tijuana Brass","Spanish Flea",https://www.discogs.com/release/7548193,1965,"7"" - Retro - 02 [H-R]"
"Herb Alpert & The Tijuana Brass","Herb Alpert & The Tijuana Brass","The Mexican Shuffle / Numero Cinco",https://www.discogs.com/release/6434792,1964,"7"" - Archive 03 - [...E-J...]"
"Herb Alpert & The Tijuana Brass","Herb Alpert & The Tijuana Brass","You Are My Life",https://www.discogs.com/release/14134706,1970,"7"" - Archive 03 - [...E-J...]"
"Herb Alpert / Herb Alpert & The Tijuana Brass","Herb Alpert / Herb Alpert & The Tijuana Brass","To Wait For Love / Bud",https://www.discogs.com/release/2639932,1968,"7"" - Archive 03 - [...E-J...]"
"Herbie Armstrong","Herbie Armstrong",Josie,https://www.discogs.com/release/6548233,1983,"7"" - Archive 03 - [...E-J...]"
"Herbie Hancock","Herbie Hancock","I Thought It Was You",https://www.discogs.com/release/9039380,1978,"7"" - Playlist - 03 [G-L...]"
"Herbie Hancock","Herbie Hancock","Rockit / I Thought It Was You",https://www.discogs.com/release/260678,1983,"7"" - Playlist - 03 [G-L...]"
"Herbie Hancock","Herbie Hancock","You Bet Your Love ",https://www.discogs.com/release/796164,1979,"7"" - Archive 03 - [...E-J...]"
"Herman's Hermits","Herman's Hermits","Bet Yer Life I Do",https://www.discogs.com/release/6553907,1970,"7"" - Archive 03 - [...E-J...]"
"Herman's Hermits","Herman's Hermits","Here Comes The Star",https://www.discogs.com/release/16063363,1969,"7"" - Archive 03 - [...E-J...]"
"Herman's Hermits","Herman's Hermits","I Can Take Or Leave Your Loving",https://www.discogs.com/release/2589338,1967,"7"" - Archive 03 - [...E-J...]"
"Herman's Hermits","Herman's Hermits","Just A Little Bit Better",https://www.discogs.com/release/1778599,1965,"7"" - Retro - 02 [H-R]"
"Herman's Hermits","Herman's Hermits","My Sentimental Friend",https://www.discogs.com/release/1742526,1969,"7"" - Archive 03 - [...E-J...]"
"Herman's Hermits","Herman's Hermits",Silhouettes,https://www.discogs.com/release/12686709,1965,"7"" - Retro - 02 [H-R]"
"Herman's Hermits","Herman's Hermits","Sleepy Joe ",https://www.discogs.com/release/4933075,1968,"7"" - Archive 03 - [...E-J...]"
"Herman's Hermits","Herman's Hermits","Something's Happening ",https://www.discogs.com/release/511676,1968,"7"" - Archive 03 - [...E-J...]"
"Herman's Hermits","Herman's Hermits","Sunshine Girl",https://www.discogs.com/release/2019228,1968,"7"" - Archive 03 - [...E-J...]"
"Herman's Hermits","Herman's Hermits","This Door Swings Both Ways",https://www.discogs.com/release/3469166,1966,"7"" - Retro - 02 [H-R]"
Hi-Five,Hi-Five,"I Like The Way (The Kissing Game)",https://www.discogs.com/release/5093563,1991,"7"" - Archive 03 - [...E-J...]"
Hi-Gloss,Hi-Gloss,"You'll Never Know",https://www.discogs.com/release/6518162,1981,"7"" - Archive 03 - [...E-J...]"
Hi-Tension,Hi-Tension,"Autumn Love / Unspoken",https://www.discogs.com/release/1423045,1978,"7"" - Archive 03 - [...E-J...]"
Hi-Tension,Hi-Tension,"British Hustle",https://www.discogs.com/release/1247257,1978,"7"" - Retro - 02 [H-R]"
Hi-Tension,Hi-Tension,Hi-Tension,https://www.discogs.com/release/778317,1978,"7"" - Archive 03 - [...E-J...]"
High,High,"Box Set Go",https://www.discogs.com/release/927034,1991,"7"" - Archive 03 - [...E-J...]"
"High Society","High Society","Gotta Get Out Of This Rut",https://www.discogs.com/release/2782356,1981,"7"" - Archive 03 - [...E-J...]"
"High Society","High Society","I Never Go Out In The Rain",https://www.discogs.com/release/2864510,1980,"7"" - Archive 03 - [...E-J...]"
"Highly Likely","Highly Likely","Whatever Happened To You (The Likely Lads Theme)",https://www.discogs.com/release/1222141,1973,"7"" - Archive 03 - [...E-J...]"
Hipsway,Hipsway,"Ask The Lord",https://www.discogs.com/release/1468066,1985,"7"" - Archive 03 - [...E-J...]"
Hipsway,Hipsway,"The Honeythief",https://www.discogs.com/release/1259846,1986,"7"" - Archive 03 - [...E-J...]"
Hiroshima,Hiroshima,"Save Yourself For Me",https://www.discogs.com/release/5663022,1985,"7"" - Archive 03 - [...E-J...]"
"His Latest Flame","His Latest Flame","Love's In The Neighbourhood",https://www.discogs.com/release/2783309,1989,"7"" - Playlist - 03 [G-L...]"
"His Latest Flame","His Latest Flame","Somebody's Gonna Get Hurt",https://www.discogs.com/release/2927421,1986,"7"" - Playlist - 03 [G-L...]"
Hollies,Hollies,"Carrie Anne",https://www.discogs.com/release/7800689,1967,"7"" - Retro - 02 [H-R]"
Hollies,Hollies,"He Ain't Heavy, He's My Brother",https://www.discogs.com/release/19396978,1988,"7"" - Retro - 02 [H-R]"
Hollies,Hollies,"Hello To Romance",https://www.discogs.com/release/5052677,1977,"7"" - Archive 03 - [...E-J...]"
Hollies,Hollies,"Here I Go Again",https://www.discogs.com/release/540994,1964,"7"" - Retro - 02 [H-R]"
Hollies,Hollies,"I'm Alive",https://www.discogs.com/release/11129271,1965,"7"" - Retro - 02 [H-R]"
Hollies,Hollies,"Just One Look",https://www.discogs.com/release/11859878,1964,"7"" - Retro - 02 [H-R]"
Hollies,Hollies,"Listen To Me",https://www.discogs.com/release/542033,1968,"7"" - Retro - 02 [H-R]"
Hollies,Hollies,"Look Through Any Window",https://www.discogs.com/release/12434136,1965,"7"" - Retro - 02 [H-R]"
Hollies,Hollies,"The Air That I Breathe",https://www.discogs.com/release/2723221,1974,"7"" - Retro - 02 [H-R]"
Hollies,Hollies,"We're Through",https://www.discogs.com/release/7543129,1964,"7"" - Archive 03 - [...E-J...]"
"Holly Sherwood","Holly Sherwood","Day By Day",https://www.discogs.com/release/2641515,1971,"7"" - Archive 03 - [...E-J...]"
"Hollywood Beyond","Hollywood Beyond","What's The Colour Of Money?",https://www.discogs.com/release/4099356,1986,"7"" - Playlist - 03 [G-L...]"
"Hollywood Crestas","Hollywood Crestas","Don't Boogaloo The Night Away",https://www.discogs.com/release/5279401,1973,"7"" - Archive 03 - [...E-J...]"
Hooters,Hooters,Satellite,https://www.discogs.com/release/914395,1987,"7"" - Playlist - 03 [G-L...]"
"Horst Jankowski Orchestra","Horst Jankowski Orchestra","A Walk In The Black Forest",https://www.discogs.com/release/12317907,1965,"7"" - Archive 03 - [...E-J...]"
"Hot Blood","Hot Blood","Soul Dracula",https://www.discogs.com/release/991642,1976,"7"" - Archive 03 - [...E-J...]"
"Hot Butter","Hot Butter",Popcorn,https://www.discogs.com/release/10039482,1972,"7"" - Retro - 02 [H-R]"
"Hot Chocolate","Hot Chocolate","A Child's Prayer",https://www.discogs.com/release/1352071,1975,"7"" - Archive 03 - [...E-J...]"
"Hot Chocolate","Hot Chocolate","Are You Getting Enough Of What Makes You Happy?",https://www.discogs.com/release/1132761,1980,"7"" - Archive 03 - [...E-J...]"
"Hot Chocolate","Hot Chocolate","Brother Louie",https://www.discogs.com/release/2223398,1973,"7"" - Retro - 02 [H-R]"
"Hot Chocolate","Hot Chocolate",Chances,https://www.discogs.com/release/2218014,1982,"7"" - Archive 03 - [...E-J...]"
"Hot Chocolate","Hot Chocolate","Changing World ",https://www.discogs.com/release/1919959,1974,"7"" - Archive 03 - [...E-J...]"
"Hot Chocolate","Hot Chocolate","Cheri Babe",https://www.discogs.com/release/1191421,1974,"7"" - Archive 03 - [...E-J...]"
"Hot Chocolate","Hot Chocolate","Disco Queen",https://www.discogs.com/release/1622943,1975,"7"" - Archive 03 - [...E-J...]"
"Hot Chocolate","Hot Chocolate","Don't Stop It Now",https://www.discogs.com/release/1352080,1976,"7"" - Archive 03 - [...E-J...]"
"Hot Chocolate","Hot Chocolate",Emma,https://www.discogs.com/release/478067,1974,"7"" - Archive 03 - [...E-J...]"
"Hot Chocolate","Hot Chocolate","Every 1's A Winner",https://www.discogs.com/release/2061849,1978,"7"" - Retro - 02 [H-R]"
"Hot Chocolate","Hot Chocolate","Girl Crazy",https://www.discogs.com/release/493784,1982,"7"" - Retro - 02 [H-R]"
"Hot Chocolate","Hot Chocolate","Going Through The Motions",https://www.discogs.com/release/1341146,1979,"7"" - Archive 03 - [...E-J...]"
"Hot Chocolate","Hot Chocolate","Heaven Is In The Back Seat Of My Cadillac",https://www.discogs.com/release/2145843,1976,"7"" - Archive 03 - [...E-J...]"
"Hot Chocolate","Hot Chocolate","I Believe (In Love)",https://www.discogs.com/release/12829838,1971,"7"" - Archive 03 - [...E-J...]"
"Hot Chocolate","Hot Chocolate","I Gave You My Heart (Didn't I)",https://www.discogs.com/release/4449147,1984,"7"" - Archive 03 - [...E-J...]"
"Hot Chocolate","Hot Chocolate","I'll Put You Together Again (From Dear Anyone)",https://www.discogs.com/release/7484497,1978,"7"" - Retro - 02 [H-R]"
"Hot Chocolate","Hot Chocolate","It Started With A Kiss",https://www.discogs.com/release/649771,1982,"7"" - Retro - 02 [H-R]"
"Hot Chocolate","Hot Chocolate","Losing You",https://www.discogs.com/release/30125294,1981,"7"" - Archive 03 - [...E-J...]"
"Hot Chocolate","Hot Chocolate","Love Is Life",https://www.discogs.com/release/1635638,1970,"7"" - Archive 03 - [...E-J...]"
"Hot Chocolate","Hot Chocolate","No Doubt About It",https://www.discogs.com/release/4662302,1980,"7"" - Retro - 02 [H-R]"
"Hot Chocolate","Hot Chocolate","Put Your Love In Me",https://www.discogs.com/release/1326555,1977,"7"" - Archive 03 - [...E-J...]"
"Hot Chocolate","Hot Chocolate","So You Win Again",https://www.discogs.com/release/3242416,1977,"7"" - Retro - 02 [H-R]"
"Hot Chocolate","Hot Chocolate","What Kinda Boy You're Lookin' For (Girl)",https://www.discogs.com/release/1326571,1983,"7"" - Archive 03 - [...E-J...]"
"Hot Chocolate","Hot Chocolate","You Sexy Thing",https://www.discogs.com/release/493789,1975,"7"" - Retro - 02 [H-R]"
"Hot Chocolate","Hot Chocolate","You'll Always Be A Friend",https://www.discogs.com/release/2243699,1972,"7"" - Archive 03 - [...E-J...]"
"Hot Chocolate","Hot Chocolate","You'll Never Be So Wrong",https://www.discogs.com/release/1957871,1981,"7"" - Archive 03 - [...E-J...]"
"Hothouse Flowers","Hothouse Flowers","Don't Go",https://www.discogs.com/release/396611,1988,"7"" - Playlist - 03 [G-L...]"
Hotlegs,Hotlegs,"Neanderthal Man",https://www.discogs.com/release/1470079,1970,"7"" - Retro - 02 [H-R]"
Hotshots,Hotshots,"Snoopy Versus The Red Baron",https://www.discogs.com/release/7570883,1973,"7"" - Novelty [#,A-Z]"
"Houghton Weavers","Houghton Weavers","We Want Work!",https://www.discogs.com/release/12456102,1981,"7"" - Archive 03 - [...E-J...]"
"House Of Love","House Of Love",Christine,https://www.discogs.com/release/1446108,1988,"7"" - Playlist - 03 [G-L...]"
"House Of Love","House Of Love","Destroy The Heart",https://www.discogs.com/release/3942506,1988,"7"" - Playlist - 03 [G-L...]"
"House Of Love","House Of Love","Shine On",https://www.discogs.com/release/8552714,1990,"7"" - Playlist - 03 [G-L...]"
Housemartins,Housemartins,Build,https://www.discogs.com/release/506158,1987,"7"" - Playlist - 03 [G-L...]"
Housemartins,Housemartins,"Caravan Of Love",https://www.discogs.com/release/485629,1986,"7"" - Playlist - 03 [G-L...]"
Housemartins,Housemartins,"Five Get Over Excited",https://www.discogs.com/release/468099,1987,"7"" - Playlist - 03 [G-L...]"
Housemartins,Housemartins,"Happy Hour",https://www.discogs.com/release/468110,1986,"7"" - Playlist - 03 [G-L...]"
Housemartins,Housemartins,"Me And The Farmer",https://www.discogs.com/release/1084446,1987,"7"" - Playlist - 03 [G-L...]"
Housemartins,Housemartins,Sheep,https://www.discogs.com/release/3277671,1986,"7"" - Playlist - 03 [G-L...]"
Housemartins,Housemartins,"Think For A Minute (New Version)",https://www.discogs.com/release/667009,1986,"7"" - Playlist - 03 [G-L...]"
"Howard Carpendale","Howard Carpendale","Ti Amo ",https://www.discogs.com/release/10201209,1978,"7"" - Archive 03 - [...E-J...]"
"Howard Jones","Howard Jones","Hide & Seek",https://www.discogs.com/release/103727,1984,"7"" - Playlist - 03 [G-L...]"
"Howard Jones","Howard Jones","Like To Get To Know You Well",https://www.discogs.com/release/623257,1984,"7"" - Playlist - 03 [G-L...]"
"Howard Jones","Howard Jones","Look Mama",https://www.discogs.com/release/1532671,1985,"7"" - Playlist - 03 [G-L...]"
"Howard Jones","Howard Jones","New Song",https://www.discogs.com/release/103725,1983,"7"" - Playlist - 03 [G-L...]"
"Howard Jones","Howard Jones","No One Is To Blame",https://www.discogs.com/release/412524,1986,"7"" - Playlist - 03 [G-L...]"
"Howard Jones","Howard Jones","Pearl In The Shell",https://www.discogs.com/release/1470633,1984,"7"" - Playlist - 03 [G-L...]"
"Howard Jones","Howard Jones","Things Can Only Get Better",https://www.discogs.com/release/3705126,1985,"7"" - Playlist - 03 [G-L...]"
"Howard Jones","Howard Jones","What Is Love?",https://www.discogs.com/release/117128,1983,"7"" - Playlist - 03 [G-L...]"
"Howard Werth","Howard Werth",Lucinda,https://www.discogs.com/release/3820775,1974,"7"" - Archive 03 - [...E-J...]"
"Hoyt Axton","Hoyt Axton","Della And The Dealer",https://www.discogs.com/release/1740686,1980,"7"" - Archive 03 - [...E-J...]"
"Hoyt Axton","Hoyt Axton","Flash Of Fire",https://www.discogs.com/release/5395651,1976,"7"" - Archive 03 - [...E-J...]"
Hudson-Ford,Hudson-Ford,"Burn Baby Burn",https://www.discogs.com/release/5417777,1974,"7"" - Archive 03 - [...E-J...]"
Hudson-Ford,Hudson-Ford,"Free Spirit",https://www.discogs.com/release/2886717,1974,"7"" - Archive 03 - [...E-J...]"
"Hue & Cry","Hue & Cry","Labour Of Love",https://www.discogs.com/release/1056373,1987,"7"" - Playlist - 03 [G-L...]"
"Hue & Cry","Hue & Cry","Looking For Linda",https://www.discogs.com/release/1491845,1989,"7"" - Playlist - 03 [G-L...]"
"Hue & Cry","Hue & Cry",Violently,https://www.discogs.com/release/488475,1989,Uncategorized
"Hues Corporation","Hues Corporation","Rock The Boat",https://www.discogs.com/release/1885860,1973,"7"" - Retro - 02 [H-R]"
"Huey Lewis & The News","Huey Lewis & The News","Hip To Be Square",https://www.discogs.com/release/2514076,1986,"7"" - Playlist - 03 [G-L...]"
"Huey Lewis & The News","Huey Lewis & The News","If This Is It",https://www.discogs.com/release/2640396,1984,"7"" - Playlist - 03 [G-L...]"
"Huey Lewis & The News","Huey Lewis & The News","Stuck With You",https://www.discogs.com/release/1057850,1986,"7"" - Playlist - 03 [G-L...]"
"Huey Lewis & The News","Huey Lewis & The News","The Heart And Soul E.P.",https://www.discogs.com/release/3301668,1985,"7"" - Playlist - 03 [G-L...]"
"Huey Lewis & The News","Huey Lewis & The News","The Power Of Love",https://www.discogs.com/release/4535718,1986,"7"" - Playlist - 03 [G-L...]"
"Hugh Cornwell And Robert Arthur Williams","Hugh Cornwell And Robert Arthur Williams","White Room",https://www.discogs.com/release/1833340,1979,"7"" - Archive 03 - [...E-J...]"
"Hughie Green","Hughie Green","Stand Up And Be Counted",https://www.discogs.com/release/2478294,1977,"7"" - Archive 03 - [...E-J...]"
"Hugo Montenegro, His Orchestra And Chorus","Hugo Montenegro, His Orchestra And Chorus","The Good, The Bad And The Ugly",https://www.discogs.com/release/3809797,1968,"7"" - Archive 03 - [...E-J...]"
"Human League","Human League","Being Boiled / Circus Of Death",https://www.discogs.com/release/1595247,1980,"7"" - Playlist - 03 [G-L...]"
"Human League","Human League","Don't You Want Me",https://www.discogs.com/release/97492,1981,"7"" - Playlist - 03 [G-L...]"
"Human League","Human League","Fascination ",https://www.discogs.com/release/98721,1983,"7"" - Playlist - 03 [G-L...]"
"Human League","Human League",Human,https://www.discogs.com/release/1179956,1986,"7"" - Playlist - 03 [G-L...]"
"Human League","Human League","Love Action (I Believe In Love)",https://www.discogs.com/release/27727,1981,"7"" - Playlist - 03 [G-L...]"
"Human League","Human League","Mirror Man",https://www.discogs.com/release/97503,1982,"7"" - Playlist - 03 [G-L...]"
"Human League","Human League","Open Your Heart",https://www.discogs.com/release/97502,1981,"7"" - Playlist - 03 [G-L...]"
"Human League","Human League","The Lebanon",https://www.discogs.com/release/97501,1984,"7"" - Playlist - 03 [G-L...]"
"Human League","Human League","The Sound Of The Crowd",https://www.discogs.com/release/13731305,1981,"7"" - Playlist - 03 [G-L...]"
"Humble Pie","Humble Pie","Natural Born Bugie",https://www.discogs.com/release/8590716,1969,"7"" - Retro - 02 [H-R]"
Hummingbird,Hummingbird,"For The Children's Sake ",https://www.discogs.com/release/10183831,1975,"7"" - Archive 03 - [...E-J...]"
"Humphrey Bogart And James Cagney","Humphrey Bogart And James Cagney","The Gangster Single",https://www.discogs.com/release/3888206,1984,"7"" - Novelty [#,A-Z]"
"Hurricane Smith","Hurricane Smith","Who Was It?",https://www.discogs.com/release/3027093,1972,"7"" - Archive 03 - [...E-J...]"
"Hylda Baker & Arthur Mullard","Hylda Baker & Arthur Mullard","You're The One That I Want",https://www.discogs.com/release/2154957,1978,"7"" - Novelty [#,A-Z]"
Hysterics,Hysterics,"Five Tracks Of Laughter",https://www.discogs.com/release/16717770,1981,"7"" - Novelty [#,A-Z]"
"Iain Matthews","Iain Matthews",Heatwave,https://www.discogs.com/release/13548608,1979,"7"" - Archive 03 - [...E-J...]"
"Ian Daviz","Ian Daviz","On Broadway",https://www.discogs.com/release/3332610,1980,"7"" - Archive 03 - [...E-J...]"
"Ian Dury And The Blockheads","Ian Dury And The Blockheads","Hit Me With Your Rhythm Stick",https://www.discogs.com/release/215230,1978,"7"" - Playlist - 03 [G-L...]"
"Ian Dury And The Blockheads","Ian Dury And The Blockheads","Reasons To Be Cheerful (Part Three)",https://www.discogs.com/release/827638,1979,"7"" - Playlist - 03 [G-L...]"
"Ian Dury And The Blockheads","Ian Dury And The Blockheads","What A Waste!",https://www.discogs.com/release/8261245,1978,"7"" - Playlist - 03 [G-L...]"
"Ian Hunter","Ian Hunter","Once Bitten Twice Shy",https://www.discogs.com/release/1793388,1975,"7"" - Archive 03 - [...E-J...]"
"Ian Hunter","Ian Hunter","Who Do You Love",https://www.discogs.com/release/2889860,1975,"7"" - Archive 03 - [...E-J...]"
"Ian Lloyd","Ian Lloyd","Love Stealer",https://www.discogs.com/release/6297750,1979,"7"" - Archive 03 - [...E-J...]"
"Ian Thomas","Ian Thomas","Rudolph Valentino (Right Before Your Eyes) ",https://www.discogs.com/release/12020429,1976,"7"" - Archive 03 - [...E-J...]"
"Iannis Markopoulos","Γιάννης Μαρκόπουλος","Who Pays The Ferryman?",https://www.discogs.com/release/9052830,1977,"7"" - Archive 03 - [...E-J...]"
Icehouse,Icehouse,"Hey Little Girl",https://www.discogs.com/release/385725,1983,"7"" - Playlist - 03 [G-L...]"
Icehouse,Icehouse,Icehouse,https://www.discogs.com/release/1983206,1982,"7"" - Archive 03 - [...E-J...]"
"Icicle Works","Icicle Works","Love Is A Wonderful Colour / Waterline",https://www.discogs.com/release/229450,1983,"7"" - Playlist - 03 [G-L...]"
"Iggy Pop","Iggy Pop","Lust For Life",https://www.discogs.com/release/533838,1977,"7"" - Playlist - 03 [G-L...]"
"Iggy Pop","Iggy Pop","Real Wild Child (Wild One)",https://www.discogs.com/release/572718,1986,"7"" - Playlist - 03 [G-L...]"
"Iggy Pop","Iggy Pop","Wild America E.P.",https://www.discogs.com/release/563388,1993,"7"" - Playlist - 03 [G-L...]"
"Ike & Tina Turner","Ike & Tina Turner","Nutbush City Limits",https://www.discogs.com/release/6976577,1973,"7"" - Retro - 02 [H-R]"
"Ike & Tina Turner","Ike & Tina Turner","River Deep ...Mountain High",https://www.discogs.com/release/13408259,1981,"7"" - Retro - 02 [H-R]"
Imagination,Imagination,"Body Talk",https://www.discogs.com/release/394195,1981,"7"" - Playlist - 03 [G-L...]"
Imagination,Imagination,Changes,https://www.discogs.com/release/815894,1982,"7"" - Archive 03 - [...E-J...]"
Imagination,Imagination,"In And Out Of Love",https://www.discogs.com/release/815892,1981,"7"" - Archive 03 - [...E-J...]"
Imagination,Imagination,"In The Heat Of The Night",https://www.discogs.com/release/817553,1982,"7"" - Archive 03 - [...E-J...]"
Imagination,Imagination,"Just An Illusion",https://www.discogs.com/release/9585306,1982,"7"" - Playlist - 03 [G-L...]"
Imagination,Imagination,"Music And Lights",https://www.discogs.com/release/9930030,1982,"7"" - Playlist - 03 [G-L...]"
Imagination,Imagination,"State Of Love",https://www.discogs.com/release/817552,1983,"7"" - Archive 03 - [...E-J...]"
Imagination,Imagination,Sunshine,https://www.discogs.com/release/5574716,1986,"7"" - Archive 03 - [...E-J...]"
Imagination,Imagination,"Thank You My Love",https://www.discogs.com/release/817439,1984,"7"" - Archive 03 - [...E-J...]"
"Imca Marina","Imca Marina","Viva España / Los Faroles (En Español)",https://www.discogs.com/release/5188824,1972,"7"" - Archive 03 - [...E-J...]"
"Immaculate Fools","Immaculate Fools","Immaculate Fools",https://www.discogs.com/release/5737283,1984,"7"" - Archive 03 - [...E-J...]"
"Immaculate Fools","Immaculate Fools","Nothing Means Nothing",https://www.discogs.com/release/1411392,1984,"7"" - Archive 03 - [...E-J...]"
Imperials,Imperials,"Who's Gonna Love Me",https://www.discogs.com/release/1159774,1977,"7"" - Archive 03 - [...E-J...]"
Imposter,Imposter,"Peace In Our Time",https://www.discogs.com/release/4091857,1984,"7"" - Playlist - 03 [G-L...]"
Imposter,Imposter,"Pills And Soap",https://www.discogs.com/release/537495,1983,"7"" - Playlist - 03 [G-L...]"
Incantation,Incantation,"Cacharpaya (Andes Pumpsá Dèsi)",https://www.discogs.com/release/1057624,1982,"7"" - Archive 03 - [...E-J...]"
Indeep,Indeep,"Last Night A D.J. Saved My Life",https://www.discogs.com/release/419637,1982,"7"" - Playlist - 03 [G-L...]"
"Ink Spots","Ink Spots","The Ink Spots",https://www.discogs.com/release/14500205,1964,"7"" - Archive 03 - [...E-J...]"
Inmates,Inmates,"The Walk",https://www.discogs.com/release/1729900,1979,"7"" - Playlist - 03 [G-L...]"
"Inner Circle","Inner Circle","Everything Is Great",https://www.discogs.com/release/1411293,1979,"7"" - Archive 03 - [...E-J...]"
"Inner Circle","Inner Circle","Sweat (A La La La La Long)",https://www.discogs.com/release/3798503,1992,"7"" - Playlist - 03 [G-L...]"
"Inner City","Inner City","Ain't Nobody Better",https://www.discogs.com/release/245928,1989,"7"" - Playlist - 03 [G-L...]"
"Inner City","Inner City","Good Life",https://www.discogs.com/release/5175773,1988,"7"" - Playlist - 03 [G-L...]"
"Inner City Featuring Kevin Saunderson","Inner City Featuring Kevin Saunderson","Big Fun",https://www.discogs.com/release/239021,1988,"7"" - Playlist - 03 [G-L...]"
"Inspiral Carpets","Inspiral Carpets","Island Head E.P.",https://www.discogs.com/release/833176,1990,"7"" - Playlist - 03 [G-L...]"
"Intimate Strangers","Intimate Strangers","Raise The Dragon",https://www.discogs.com/release/4909110,1986,"7"" - Archive 03 - [...E-J...]"
Intruders,Intruders,"Win, Place Or Show (She's A Winner)",https://www.discogs.com/release/1193817,1974,"7"" - Retro - 02 [H-R]"
INXS,INXS,"By My Side",https://www.discogs.com/release/2224159,1991,"7"" - Playlist - 03 [G-L...]"
INXS,INXS,Disappear,https://www.discogs.com/release/1508400,1990,"7"" - Playlist - 03 [G-L...]"
INXS,INXS,"Listen Like Thieves",https://www.discogs.com/release/557493,1986,"7"" - Playlist - 03 [G-L...]"
INXS,INXS,Mystify,https://www.discogs.com/release/976217,1989,"7"" - Playlist - 03 [G-L...]"
INXS,INXS,"Need You Tonight",https://www.discogs.com/release/594287,1988,"7"" - Playlist - 03 [G-L...]"
INXS,INXS,"New Sensation",https://www.discogs.com/release/1661033,1987,"7"" - Playlist - 03 [G-L...]"
INXS,INXS,"Suicide Blonde",https://www.discogs.com/release/8410735,1990,"7"" - Playlist - 03 [G-L...]"
"Irene Cara","Irene Cara",Fame,https://www.discogs.com/release/2615679,1982,"7"" - Playlist - 03 [G-L...]"
"Irene Cara","Irene Cara / Paul McCrane","Out Here On My Own / Is It Okay If I Call You Mine?",https://www.discogs.com/release/13431426,1982,"7"" - Archive 03 - [...E-J...]"
"Iris Williams With Neil Richardson And His Orchestra","Iris Williams With Neil Richardson And His Orchestra","He Was Beautiful (Cavatina)",https://www.discogs.com/release/1659183,1979,"7"" - Archive 03 - [...E-J...]"
"Iron Maiden","Iron Maiden","Flight Of Icarus",https://www.discogs.com/release/4322914,1983,"7"" - Playlist - 03 [G-L...]"
"Iron Maiden","Iron Maiden","Run To The Hills",https://www.discogs.com/release/445156,1982,"7"" - Playlist - 03 [G-L...]"
"Iron Maiden","Iron Maiden","The Number Of The Beast",https://www.discogs.com/release/442706,1982,"7"" - Playlist - 03 [G-L...]"
Ironhorse,Ironhorse,"Sweet Lui-Louise",https://www.discogs.com/release/2555798,1979,"7"" - Archive 03 - [...E-J...]"
"Isaac Hayes","Isaac Hayes","Chocolate Chip",https://www.discogs.com/release/1115697,1975,"7"" - Archive 03 - [...E-J...]"
"Isaac Hayes","Isaac Hayes","Theme From Shaft",https://www.discogs.com/release/13507592,1971,"7"" - Retro - 02 [H-R]"
"Isaac Hayes Movement","Isaac Hayes Movement","Disco Connection",https://www.discogs.com/release/346366,1976,"7"" - Archive 03 - [...E-J...]"
"Isley Brothers","Isley Brothers","Behind A Painted Smile ",https://www.discogs.com/release/659021,1969,"7"" - Retro - 02 [H-R]"
"Isley Brothers","Isley Brothers","Harvest For The World",https://www.discogs.com/release/1573992,1976,"7"" - Retro - 02 [H-R]"
"Isley Brothers","Isley Brothers","Highways Of My Life",https://www.discogs.com/release/1958527,1973,"7"" - Archive 03 - [...E-J...]"
"Isley Brothers","Isley Brothers","It's A Disco Night (Rock Don't Stop)",https://www.discogs.com/release/5541615,1979,"7"" - Archive 03 - [...E-J...]"
"Isley Brothers","Isley Brothers","Live It Up",https://www.discogs.com/release/5396665,1974,"7"" - Archive 03 - [...E-J...]"
"Isley Brothers","Isley Brothers","Summer Breeze (Part I)",https://www.discogs.com/release/2164094,1974,"7"" - Retro - 02 [H-R]"
"Isley Brothers","Isley Brothers","Tell Me It's Just A Rumour Baby",https://www.discogs.com/release/659022,1973,"7"" - Archive 03 - [...E-J...]"
"Isley Brothers","Isley Brothers","That Lady / Summer Breeze",https://www.discogs.com/release/2061885,1977,"7"" - Retro - 02 [H-R]"
"Isley Brothers","Isley Brothers","This Old Heart Of Mine (Is Weak For You) / Behind A Painted Smile",https://www.discogs.com/release/3878623,1976,"7"" - Retro - 02 [H-R]"
"Isley Jasper Isley","Isley Jasper Isley","Caravan Of Love",https://www.discogs.com/release/2286664,1985,"7"" - Archive 03 - [...E-J...]"
"It Bites","It Bites","Calling All The Heroes",https://www.discogs.com/release/1531414,1986,"7"" - Playlist - 03 [G-L...]"
"It's Immaterial","It's Immaterial","Driving Away From Home (Jim's Tune)",https://www.discogs.com/release/1059767,1986,"7"" - Playlist - 03 [G-L...]"
"Ivan Rebroff","Ivan Rebroff","Havah Nagila / Perestroika",https://www.discogs.com/release/4281063,1990,"7"" - Archive 03 - [...E-J...]"
"Ivana Spagna","Ivana Spagna","Call Me",https://www.discogs.com/release/13487843,1987,"7"" - Playlist - 03 [G-L...]"
"Ivor Biggun & The Red-Nosed Burglars","Ivor Biggun & The Red-Nosed Burglars","The Winker's Song (Misprint)",https://www.discogs.com/release/4924594,1978,"7"" - Novelty [#,A-Z]"
"Ivy League","Ivy League","Funny How Love Can Be",https://www.discogs.com/release/1458296,1965,"7"" - Archive 03 - [...E-J...]"
"Izhar Cohen And The Alpha-Beta","Izhar Cohen And The Alpha-Beta","A-Ba-Ni-Bi / Illusions",https://www.discogs.com/release/1660789,1978,"7"" - Archive 03 - [...E-J...]"
"J Walter Negro And Loose Jointz","J Walter Negro And Loose Jointz","Shoot The Pump",https://www.discogs.com/release/569102,1981,"7"" - Archive 03 - [...E-J...]"
"J. Geils Band","J. Geils Band",Centerfold,https://www.discogs.com/release/398723,1981,"7"" - Playlist - 03 [G-L...]"
"J. Geils Band","J. Geils Band",Freeze-Frame,https://www.discogs.com/release/1184755,1982,Uncategorized
"J. J. Barrie","J. J. Barrie","No Charge",https://www.discogs.com/release/11512417,1976,"7"" - Novelty [#,A-Z]"
"J. J. Barrie","J. J. Barrie","Top Ten Fool",https://www.discogs.com/release/3334481,1977,"7"" - Archive 03 - [...E-J...]"
"J.A.L.N. Band","J.A.L.N. Band","Disco Music/I Like It",https://www.discogs.com/release/1889764,1976,"7"" - Archive 03 - [...E-J...]"
"J.T. And The Big Family","J.T. And The Big Family","Moments In Soul",https://www.discogs.com/release/686970,1990,"7"" - Playlist - 03 [G-L...]"
Jack,Jack,"White Jazz",https://www.discogs.com/release/30300404,1996,"7"" - Archive 03 - [...E-J...]"
"Jack Barlow","Jack Barlow","Oh Woman / Wake Up Anna",https://www.discogs.com/release/4094233,1973,"7"" - Archive 03 - [...E-J...]"
"Jack Jackson","Jack Jackson","Songs For A Singin' Party",https://www.discogs.com/release/1813875,1962,"7"" - Archive 03 - [...E-J...]"
"Jack Jones","Jack Jones","Once In A While",https://www.discogs.com/release/8819992,1976,"7"" - Archive 03 - [...E-J...]"
"Jack Jones & Susan George","Jack Jones & Susan George","That's The Way I've Always Heard It Should Be",https://www.discogs.com/release/1750260,1972,"7"" - Archive 03 - [...E-J...]"
"Jackie Lee","Jackie Lee",Rupert,https://www.discogs.com/release/1746070,"","7"" - Archive 03 - [...E-J...]"
"Jackie Lee","Jackie Lee","White Horses",https://www.discogs.com/release/4332097,1968,"7"" - Retro - 02 [H-R]"
"Jackie Lynton","Jackie Lynton","Honky-Tonk White",https://www.discogs.com/release/6231496,1980,"7"" - Archive 03 - [...E-J...]"
"Jackie Moore","Jackie Moore","Make Me Feel Like A Woman",https://www.discogs.com/release/2476083,1975,"7"" - Archive 03 - [...E-J...]"
"Jackie Wilson","Jackie Wilson","I Get The Sweetest Feeling",https://www.discogs.com/release/592929,1987,"7"" - Playlist - 03 [G-L...]"
"Jackie Wilson","Jackie Wilson","Reet Petite",https://www.discogs.com/release/612736,1986,"7"" - Playlist - 03 [G-L...]"
"Jackson Browne","Jackson Browne",Stay,https://www.discogs.com/release/1019259,1977,"7"" - Retro - 02 [H-R]"
"Jackson Browne","Jackson Browne","Tender Is The Night",https://www.discogs.com/release/6737001,1983,"7"" - Archive 03 - [...E-J...]"
Jacksons,Jacksons,"Blame It On The Boogie",https://www.discogs.com/release/214593,1978,"7"" - Playlist - 03 [G-L...]"
Jacksons,Jacksons,"Can You Feel It",https://www.discogs.com/release/10636730,1980,"7"" - Playlist - 03 [G-L...]"
Jacksons,Jacksons,"Goin' Places",https://www.discogs.com/release/14571135,1977,"7"" - Playlist - 03 [G-L...]"
Jacksons,Jacksons,"Shake Your Body (Down To The Ground)",https://www.discogs.com/release/297603,1979,"7"" - Playlist - 03 [G-L...]"
Jacksons,Jacksons,"Show You The Way To Go",https://www.discogs.com/release/680616,1977,"7"" - Playlist - 03 [G-L...]"
Jacksons,Jacksons,"State Of Shock",https://www.discogs.com/release/1207096,1984,"7"" - Playlist - 03 [G-L...]"
Jacksons,Jacksons,Torture,https://www.discogs.com/release/6518510,1984,"7"" - Playlist - 03 [G-L...]"
Jacksons,Jacksons,"Walk Right Now",https://www.discogs.com/release/4839480,1981,"7"" - Playlist - 03 [G-L...]"
"Jaki Graham","Jaki Graham","Breaking Away",https://www.discogs.com/release/649576,1986,"7"" - Archive 03 - [...E-J...]"
"Jaki Graham","Jaki Graham","Set Me Free",https://www.discogs.com/release/966039,1986,"7"" - Archive 03 - [...E-J...]"
"Jaki Graham","Jaki Graham","Step Right Up",https://www.discogs.com/release/7202292,1986,"7"" - Archive 03 - [...E-J...]"
Jam,Jam,"Absolute Beginners",https://www.discogs.com/release/397165,1981,"7"" - Playlist - 03 [G-L...]"
Jam,Jam,"Beat Surrender",https://www.discogs.com/release/8886886,1982,"7"" - Playlist - 03 [G-L...]"
Jam,Jam,"David Watts / ""A"" Bomb In Wardour Street",https://www.discogs.com/release/7929453,1978,"7"" - Playlist - 03 [G-L...]"
Jam,Jam,"Going Underground",https://www.discogs.com/release/1578459,1980,"7"" - Playlist - 03 [G-L...]"
Jam,Jam,"In The City",https://www.discogs.com/release/389913,1977,"7"" - Playlist - 03 [G-L...]"
Jam,Jam,"News Of The World",https://www.discogs.com/release/393285,1978,"7"" - Playlist - 03 [G-L...]"
Jam,Jam,Start!,https://www.discogs.com/release/389918,1980,"7"" - Playlist - 03 [G-L...]"
Jam,Jam,"Strange Town",https://www.discogs.com/release/2069155,1979,"7"" - Playlist - 03 [G-L...]"
Jam,Jam,"That's Entertainment",https://www.discogs.com/release/457356,1980,"7"" - Playlist - 03 [G-L...]"
Jam,Jam,"The Bitterest Pill (I Ever Had To Swallow)",https://www.discogs.com/release/389914,1982,"7"" - Playlist - 03 [G-L...]"
Jam,Jam,"The Eton Rifles",https://www.discogs.com/release/393292,1979,"7"" - Playlist - 03 [G-L...]"
Jam,Jam,"Town Called Malice / Precious",https://www.discogs.com/release/7543253,1982,"7"" - Playlist - 03 [G-L...]"
Jam,Jam,"When You're Young c/w Smithers-Jones",https://www.discogs.com/release/393290,1979,"7"" - Playlist - 03 [G-L...]"
James,James,"Sit Down",https://www.discogs.com/release/8914590,1991,"7"" - Playlist - 03 [G-L...]"
"James & Bobby Purify","James & Bobby Purify","Morning Glory",https://www.discogs.com/release/7725794,1976,"7"" - Archive 03 - [...E-J...]"
"James Boys","James Boys","Shoog Shoog (Sugar Baby)",https://www.discogs.com/release/2561332,1973,"7"" - Archive 03 - [...E-J...]"
"James Brown","James Brown",Bodyheat,https://www.discogs.com/release/579806,1976,"7"" - Retro - 02 [H-R]"
"James Brown","James Brown","Get Up I Feel Like Being A Sex Machine",https://www.discogs.com/release/578154,"","7"" - Retro - 02 [H-R]"
"James Brown","James Brown","Get Up Offa That Thing",https://www.discogs.com/release/417007,1976,"7"" - Retro - 02 [H-R]"
"James Brown / Martha Reeves & The Vandellas","James Brown / Martha Reeves & The Vandellas","I Got You (I Feel Good) / Nowhere To Run",https://www.discogs.com/release/12659171,1988,"7"" - Retro - 02 [H-R]"
"James Brown / Vince DiCola","James Brown / Vince DiCola","Living In America / Farewell",https://www.discogs.com/release/1850808,1986,"7"" - Retro - 02 [H-R]"
"James Brown Soul Train","James Brown Soul Train","Honky Tonk",https://www.discogs.com/release/5906377,1972,"7"" - Retro - 02 [H-R]"
"James Cagney","James Cagney","Yankee Doodle Boy",https://www.discogs.com/release/2822975,1978,"7"" - Archive 03 - [...E-J...]"
"James Galway","James Galway","Annie's Song",https://www.discogs.com/release/1497984,1978,"7"" - Archive 03 - [...E-J...]"
"James Ingram","James Ingram","Yah Mo B There",https://www.discogs.com/release/6789967,1983,"7"" - Playlist - 03 [G-L...]"
"James Last Band","James Last Band",Summertime,https://www.discogs.com/release/2971374,1979,"7"" - Archive 03 - [...E-J...]"
"James Taylor","James Taylor","Fire And Rain",https://www.discogs.com/release/6520348,1970,"7"" - Retro - 02 [H-R]"
"James Taylor","James Taylor","Steamroller / You've Got A Friend",https://www.discogs.com/release/3064167,"","7"" - Archive 03 - [...E-J...]"
"James Taylor","James Taylor","You've Got A Friend",https://www.discogs.com/release/1526455,1971,"7"" - Retro - 02 [H-R]"
"Jan Hammer","Jan Hammer","Crockett's Theme",https://www.discogs.com/release/1138870,1986,"7"" - Archive 03 - [...E-J...]"
"Jan Hammer","Jan Hammer","Miami Vice Theme",https://www.discogs.com/release/1319173,1985,"7"" - Playlist - 03 [G-L...]"
"Jane Birkin & Serge Gainsbourg","Jane Birkin & Serge Gainsbourg","Je T'aime. .Moi Non Plus",https://www.discogs.com/release/11916582,"","7"" - Retro - 02 [H-R]"
"Jane Kennaway & Strange Behaviour","Jane Kennaway & Strange Behaviour",IOU,https://www.discogs.com/release/1736397,1980,"7"" - Archive 03 - [...E-J...]"
"Jane Wiedlin","Jane Wiedlin","Rush Hour",https://www.discogs.com/release/2892182,1988,"7"" - Playlist - 03 [G-L...]"
"Janet Jackson","Janet Jackson","Come Back To Me b/w Alright",https://www.discogs.com/release/1489656,1990,"7"" - Playlist - 03 [G-L...]"
"Janet Jackson","Janet Jackson","Let's Wait Awhile",https://www.discogs.com/release/1448315,1987,"7"" - Playlist - 03 [G-L...]"
"Janet Jackson","Janet Jackson",Nasty,https://www.discogs.com/release/1056139,1986,"7"" - Playlist - 03 [G-L...]"
"Janet Jackson","Janet Jackson","That's The Way Love Goes",https://www.discogs.com/release/512139,1993,"7"" - Playlist - 03 [G-L...]"
"Janet Jackson","Janet Jackson","The Pleasure Principle",https://www.discogs.com/release/1146661,1987,"7"" - Playlist - 03 [G-L...]"
"Janet Jackson","Janet Jackson","What Have You Done For Me Lately",https://www.discogs.com/release/516197,1986,"7"" - Playlist - 03 [G-L...]"
"Janet Jackson","Janet Jackson","When I Think Of You",https://www.discogs.com/release/439764,1986,"7"" - Playlist - 03 [G-L...]"
"Janis And The Bumble Bees","Janis And The Bumble Bees","Big Talk / ""B"" Movie",https://www.discogs.com/release/2101614,1979,"7"" - Playlist - 03 [G-L...]"
"Janis Ian","Janis Ian","At Seventeen",https://www.discogs.com/release/1524004,1976,"7"" - Archive 03 - [...E-J...]"
"Janis Ian","Janis Ian","Fly Too High",https://www.discogs.com/release/3254669,1979,"7"" - Archive 03 - [...E-J...]"
"Janis Ian","Janis Ian","In The Winter",https://www.discogs.com/release/5497896,1975,"7"" - Archive 03 - [...E-J...]"
Japan,Japan,"European Son",https://www.discogs.com/release/56297,1982,"7"" - Playlist - 03 [G-L...]"
Japan,Japan,Ghosts,https://www.discogs.com/release/55819,1982,"7"" - Playlist - 03 [G-L...]"
Japan,Japan,"I Second That Emotion",https://www.discogs.com/release/613678,1982,"7"" - Playlist - 03 [G-L...]"
Japan,Japan,"Quiet Life",https://www.discogs.com/release/1270574,1981,"7"" - Playlist - 03 [G-L...]"
"Jason Donovan","Jason Donovan","Any Dream Will Do",https://www.discogs.com/release/1660977,1991,"7"" - Playlist - 03 [G-L...]"
"Jason Donovan","Jason Donovan","Every Day",https://www.discogs.com/release/1499203,1989,"7"" - Playlist - 03 [G-L...]"
"Jason Donovan","Jason Donovan","Hang On To Your Love",https://www.discogs.com/release/1697045,1990,"7"" - Playlist - 03 [G-L...]"
"Jason Donovan","Jason Donovan","Rhythm Of The Rain",https://www.discogs.com/release/1266942,1990,"7"" - Playlist - 03 [G-L...]"
"Jason Donovan","Jason Donovan","Sealed With A Kiss",https://www.discogs.com/release/1761518,1989,"7"" - Playlist - 03 [G-L...]"
"Jason Donovan","Jason Donovan","Too Many Broken Hearts",https://www.discogs.com/release/834057,1989,"7"" - Playlist - 03 [G-L...]"
"Jason Donovan","Jason Donovan","When You Come Back To Me",https://www.discogs.com/release/907445,1989,"7"" - Playlist - 03 [G-L...]"
"Jason Knight","Jason Knight","Love Is Getting Stronger / Standing In My Shoes",https://www.discogs.com/release/4122218,1973,"7"" - Archive 03 - [...E-J...]"
"Jasper Carrott","Jasper Carrott","Funky Moped / Magic Roundabout",https://www.discogs.com/release/17117436,"","7"" - Novelty [#,A-Z]"
Jay-Z,Jay-Z,"Empire State Of Mind",https://www.discogs.com/release/18390751,2021,"7"" - Playlist - 03 [G-L...]"
"Jean Campbell","Jean Campbell","Paper Roses / Train Of Love",https://www.discogs.com/release/3934413,1960,"7"" - Archive 03 - [...E-J...]"
"Jean Campbell / James Wright & His Orchestra","Jean Campbell / James Wright & His Orchestra","You'll Answer To Me / Sucu Sucu",https://www.discogs.com/release/3925614,1961,"7"" - Archive 03 - [...E-J...]"
"Jean Gruyer","Jean Gruyer","Mood Embassy",https://www.discogs.com/release/4542120,1965,"7"" - Archive 03 - [...E-J...]"
"Jean Shepard","Jean Shepard","The Tips Of My Fingers",https://www.discogs.com/release/20199583,1975,"7"" - Archive 03 - [...E-J...]"
"Jean-Michel Jarre","Jean-Michel Jarre","Equinoxe Part 5",https://www.discogs.com/release/3355122,1978,"7"" - Archive 03 - [...E-J...]"
"Jean-Michel Jarre","Jean-Michel Jarre","Oxygene (Part 4)",https://www.discogs.com/release/3324383,1977,"7"" - Playlist - 03 [G-L...]"
"Jeanne Mas","Jeanne Mas","Sauvez Moi",https://www.discogs.com/release/731794,1987,"7"" - Archive 03 - [...E-J...]"
"Jeanne Pruett","Jeanne Pruett","Please Sing Satin Sheets For Me / Love All The Leavin Out Of You",https://www.discogs.com/release/13021788,1979,"7"" - Archive 03 - [...E-J...]"
"Jeff Beck","Jeff Beck","Hi Ho Silver Lining",https://www.discogs.com/release/6953542,1972,"7"" - Retro - 02 [H-R]"
"Jeff Perry","Jeff Perry","Unforgettable Person",https://www.discogs.com/release/3172293,1976,"7"" - Archive 03 - [...E-J...]"
"Jeff Wayne","Jeff Wayne","The Eve Of The War",https://www.discogs.com/release/10204954,1978,"7"" - Archive 03 - [...E-J...]"
"Jeff Wayne Feat. Justin Hayward","Jeff Wayne Feat. Justin Hayward","Forever Autumn (From ""War Of The Worlds"")",https://www.discogs.com/release/2428029,1978,"7"" - Playlist - 03 [G-L...]"
"Jefferson Airplane","Jefferson Airplane","White Rabbit / Somebody To Love",https://www.discogs.com/release/3981169,"","7"" - Retro - 02 [H-R]"
"Jeffrey Osborne","Jeffrey Osborne","On The Wings Of Love",https://www.discogs.com/release/432002,1984,"7"" - Archive 03 - [...E-J...]"
"Jeffrey Osborne","Jeffrey Osborne",Soweto,https://www.discogs.com/release/2031175,1986,"7"" - Archive 03 - [...E-J...]"
"Jennifer Rush","Jennifer Rush","Ring Of Ice",https://www.discogs.com/release/1827345,1985,"7"" - Archive 03 - [...E-J...]"
"Jennifer Rush","Jennifer Rush","The Power Of Love (Remix)",https://www.discogs.com/release/554104,1985,"7"" - Playlist - 03 [G-L...]"
"Jennifer Warnes","Jennifer Warnes","First We Take Manhattan",https://www.discogs.com/release/6876563,1987,"7"" - Archive 03 - [...E-J...]"
"Jenny Darren","Jenny Darren",Lover,https://www.discogs.com/release/3907781,1980,"7"" - Archive 03 - [...E-J...]"
"Jermaine Jackson","Jermaine Jackson","Do What You Do",https://www.discogs.com/release/7959043,1985,"7"" - Playlist - 03 [G-L...]"
"Jermaine Jackson","Jermaine Jackson","Let's Get Serious",https://www.discogs.com/release/896705,1980,"7"" - Playlist - 03 [G-L...]"
"Jermaine Jackson","Jermaine Jackson","You Like Me Don't You",https://www.discogs.com/release/700598,1981,"7"" - Archive 03 - [...E-J...]"
"Jermaine Stewart","Jermaine Stewart",Jody,https://www.discogs.com/release/3201265,1986,"7"" - Archive 03 - [...E-J...]"
"Jermaine Stewart","Jermaine Stewart","Say It Again",https://www.discogs.com/release/13034230,1987,"7"" - Playlist - 03 [G-L...]"
"Jermaine Stewart","Jermaine Stewart","We Don't Have To...",https://www.discogs.com/release/746849,1986,"7"" - Playlist - 03 [G-L...]"
"Jerry Lee Lewis","Jerry Lee Lewis","Great Balls Of Fire",https://www.discogs.com/release/5630099,1976,"7"" - Retro - 02 [H-R]"
"Jerry Lee Lewis","Jerry Lee Lewis","High School Confidential",https://www.discogs.com/release/4687512,1958,"7"" - Archive 03 - [...E-J...]"
"Jerry Lee Lewis","Jerry Lee Lewis","Think About It Darlin' / Chantilly Lace",https://www.discogs.com/release/530410,1972,"7"" - Archive 03 - [...E-J...]"
"Jesse Green","Jesse Green","Come With Me",https://www.discogs.com/release/1899820,1977,"7"" - Archive 03 - [...E-J...]"
"Jesse Green","Jesse Green",Flip,https://www.discogs.com/release/1627242,1976,"7"" - Archive 03 - [...E-J...]"
"Jesse Green","Jesse Green","Nice & Slow",https://www.discogs.com/release/800187,1976,"7"" - Archive 03 - [...E-J...]"
"Jesse Powell","Jesse Powell",You,https://www.discogs.com/release/3094543,1998,"7"" - Archive 03 - [...E-J...]"
Jesters,Jesters,"Little Girl",https://www.discogs.com/release/3750289,1962,"7"" - Archive 03 - [...E-J...]"
"Jesus And Mary Chain","Jesus And Mary Chain","April Skies",https://www.discogs.com/release/10543951,1987,"7"" - Playlist - 03 [G-L...]"
"Jesus And Mary Chain","Jesus And Mary Chain",Sidewalking,https://www.discogs.com/release/598146,1988,"7"" - Playlist - 03 [G-L...]"
"Jesus Jones","Jesus Jones","The Devil You Know",https://www.discogs.com/release/560107,1993,"7"" - Playlist - 03 [G-L...]"
"Jesus Jones","Jesus Jones","Who? Where? Why? (The Crisis Mix)",https://www.discogs.com/release/560054,1991,"7"" - Playlist - 03 [G-L...]"
"Jet Harris And Tony Meehan","Jet Harris And Tony Meehan","Scarlet O'Hara",https://www.discogs.com/release/2849953,1963,"7"" - Archive 03 - [...E-J...]"
"Jethro Tull","Jethro Tull","A Stitch In Time",https://www.discogs.com/release/1716438,1978,"7"" - Retro - 02 [H-R]"
"Jethro Tull","Jethro Tull","Life Is A Long Song",https://www.discogs.com/release/475092,1971,"7"" - Retro - 02 [H-R]"
"Jethro Tull","Jethro Tull","Living In The Past",https://www.discogs.com/release/1884095,1976,"7"" - Retro - 02 [H-R]"
"Jethro Tull","Jethro Tull","Sweet Dream",https://www.discogs.com/release/477749,1969,"7"" - Retro - 02 [H-R]"
"Jethro Tull","Jethro Tull","The Witch's Promise / Teacher",https://www.discogs.com/release/3254395,1970,"7"" - Retro - 02 [H-R]"
"Jethro Tull","Jethro Tull","The Witch's Promise / Teacher",https://www.discogs.com/release/18025717,1970,"7"" - Retro - 02 [H-R]"
Jets,Jets,"Crush On You",https://www.discogs.com/release/13077895,1986,"7"" - Archive 03 - [...E-J...]"
"Jewel Akens","Jewel Akens","The Birds And The Bees",https://www.discogs.com/release/1465610,1965,"7"" - Archive 03 - [...E-J...]"
Jigsaw,Jigsaw,"If I Have To Go Away",https://www.discogs.com/release/5258772,1977,"7"" - Archive 03 - [...E-J...]"
Jigsaw,Jigsaw,"Sky High",https://www.discogs.com/release/800167,1975,"7"" - Archive 03 - [...E-J...]"
"Jilted John","Jilted John","Jilted John",https://www.discogs.com/release/6632178,1978,"7"" - Novelty [#,A-Z]"
"Jim Capaldi","Jim Capaldi","Love Hurts",https://www.discogs.com/release/1517165,1975,"7"" - Retro - 02 [H-R]"
"Jim Diamond","Jim Diamond","Hi Ho Silver",https://www.discogs.com/release/1028756,1986,"7"" - Archive 03 - [...E-J...]"
"Jim Diamond","Jim Diamond","I Should Have Known Better",https://www.discogs.com/release/710716,1984,"7"" - Archive 03 - [...E-J...]"
"Jim Fagan","Jim Fagan","The Last Encore / The Night My Lady Learned To Love",https://www.discogs.com/release/2961964,"","7"" - Archive 03 - [...E-J...]"
"Jim MacLeod & His Band","Jim MacLeod & His Band","Forty Shades Of Green",https://www.discogs.com/release/4799117,1964,"7"" - Archive 03 - [...E-J...]"
"Jim Rafferty","Jim Rafferty","The Bogeyman",https://www.discogs.com/release/1932111,1980,"7"" - Archive 03 - [...E-J...]"
"Jim Reeves","Jim Reeves"," He'll Have To Go / In A Mansion Stands My Love ",https://www.discogs.com/release/17613376,1959,"7"" - Archive 04 - [...J-M...]"
"Jim Reeves","Jim Reeves","Adios Amigo",https://www.discogs.com/release/7329696,1962,"7"" - Archive 04 - [...J-M...]"
"Jim Reeves","Jim Reeves","Distant Drums",https://www.discogs.com/release/11803453,1966,"7"" - Archive 04 - [...J-M...]"
"Jim Reeves","Jim Reeves","From The Heart Vol. 2",https://www.discogs.com/release/10717761,1961,"7"" - Archive 04 - [...J-M...]"
"Jim Reeves","Jim Reeves","How Long Has It Been",https://www.discogs.com/release/14855250,1965,"7"" - Archive 04 - [...J-M...]"
"Jim Reeves","Jim Reeves","I Love You Because",https://www.discogs.com/release/11079169,1963,"7"" - Archive 04 - [...J-M...]"
"Jim Reeves","Jim Reeves","I Won't Come In While He's There / Maureen",https://www.discogs.com/release/18921415,1966,"7"" - Archive 04 - [...J-M...]"
"Jim Reeves","Jim Reeves","I Won't Forget You",https://www.discogs.com/release/11706824,1964,"7"" - Archive 04 - [...J-M...]"
"Jim Reeves","Jim Reeves","It Hurts So Much (To See You Go)",https://www.discogs.com/release/1221844,1965,"7"" - Archive 04 - [...J-M...]"
"Jim Reeves","Jim Reeves","Not Until The Next Time",https://www.discogs.com/release/5921829,1965,"7"" - Archive 04 - [...J-M...]"
"Jim Reeves","Jim Reeves","There's A Heartache Following Me",https://www.discogs.com/release/2227077,1964,"7"" - Archive 04 - [...J-M...]"
"Jim Reeves","Jim Reeves","This World Is Not My Home",https://www.discogs.com/release/7457811,1962,"7"" - Archive 04 - [...J-M...]"
"Jim Reeves","Jim Reeves","Welcome To My World / My Juanita",https://www.discogs.com/release/11899056,1962,"7"" - Archive 04 - [...J-M...]"
"Jim Reeves","Jim Reeves","When Two Worlds Collide / Could I Be Falling In Love",https://www.discogs.com/release/2466632,1969,"7"" - Archive 04 - [...J-M...]"
"Jim Stafford","Jim Stafford","My Girl Bill",https://www.discogs.com/release/1445697,1974,"7"" - Novelty [#,A-Z]"
"Jim Stafford","Jim Stafford","Spiders & Snakes",https://www.discogs.com/release/1637611,1974,"7"" - Archive 04 - [...J-M...]"
"Jim Steinman","Jim Steinman","Bad For Good",https://www.discogs.com/release/1583126,1981,"7"" - Playlist - 03 [G-L...]"
"Jimi Hendrix Experience","Jimi Hendrix Experience","All Along The Watchtower",https://www.discogs.com/release/1149618,1990,"7"" - Retro - 02 [H-R]"
"Jimi Hendrix Experience","Jimi Hendrix Experience","Burning Of The Midnight Lamp",https://www.discogs.com/release/3257228,1980,"7"" - Retro - 02 [H-R]"
"Jimi Hendrix Experience","Jimi Hendrix Experience","Purple Haze ",https://www.discogs.com/release/2374440,1967,"7"" - Retro - 02 [H-R]"
"Jimi Hendrix Experience","Jimi Hendrix Experience","The Wind Cries Mary",https://www.discogs.com/release/2419549,1967,"7"" - Retro - 02 [H-R]"
"Jimmie Rodgers","Jimmie Rodgers","English Country Garden",https://www.discogs.com/release/4712478,1961,"7"" - Archive 04 - [...J-M...]"
"Jimmy Chambers","Jimmy Chambers","Love Don't Come Easily Girl",https://www.discogs.com/release/4904454,1977,"7"" - Archive 04 - [...J-M...]"
"Jimmy Dean","Jimmy Dean","Big Bad John",https://www.discogs.com/release/474841,1961,"7"" - Novelty [#,A-Z]"
"Jimmy Fontana","Jimmy Fontana","Il Mondo",https://www.discogs.com/release/1201737,1965,"7"" - Archive 04 - [...J-M...]"
"Jimmy Helms","Jimmy Helms","Gonna Make You An Offer You Can't Refuse",https://www.discogs.com/release/5071269,1973,"7"" - Archive 04 - [...J-M...]"
"Jimmy James & The Vagabonds","Jimmy James & The Vagabonds","I'll Go Where Your Music Takes Me",https://www.discogs.com/release/514389,1976,"7"" - Retro - 02 [H-R]"
"Jimmy James & The Vagabonds","Jimmy James & The Vagabonds","Now Is The Time",https://www.discogs.com/release/2436610,1976,"7"" - Retro - 02 [H-R]"
"Jimmy Justice","Jimmy Justice","When My Little Girl Is Smiling",https://www.discogs.com/release/530541,1962,"7"" - Archive 04 - [...J-M...]"
"Jimmy Nail","Jimmy Nail","Ain't No Doubt",https://www.discogs.com/release/1672802,1992,"7"" - Archive 04 - [...J-M...]"
"Jimmy Nail","Jimmy Nail","Love Don't Live Here Anymore",https://www.discogs.com/release/1517454,1985,"7"" - Archive 04 - [...J-M...]"
"Jimmy Ondo","Jimmy Ondo","Faisons L'Amour / Quand Tu Ris",https://www.discogs.com/release/6632372,1977,"7"" - Archive 04 - [...J-M...]"
"Jimmy Osmond","Jimmy Osmond","I'm Gonna Knock On Your Door",https://www.discogs.com/release/2227877,1974,"7"" - Archive 04 - [...J-M...]"
"Jimmy Osmond","Jimmy Osmond","Mother Of Mine / Long Haired Lover From Liverpool",https://www.discogs.com/release/2317519,1972,"7"" - Retro - 02 [H-R]"
"Jimmy Powell","Jimmy Powell","Tom Hark",https://www.discogs.com/release/2286772,1962,"7"" - Archive 04 - [...J-M...]"
"Jimmy Powell And The 5 Dimensions","Jimmy Powell And The 5 Dimensions","That's Alright ",https://www.discogs.com/release/5043342,1964,"7"" - Archive 04 - [...J-M...]"
"Jimmy Ruffin","Jimmy Ruffin","Hold On To My Love",https://www.discogs.com/release/1247094,1980,"7"" - Retro - 02 [H-R]"
"Jimmy Ruffin","Jimmy Ruffin","What Becomes Of The Broken Hearted",https://www.discogs.com/release/436621,1974,"7"" - Retro - 02 [H-R]"
"Jimmy Shand","Jimmy Shand","Lily Of Laguna / Lilliburlero",https://www.discogs.com/release/8163253,1961,"7"" - Archive 04 - [...J-M...]"
"Jimmy Shand","Jimmy Shand","The Bonnie Strathyre Waltz",https://www.discogs.com/release/4332628,1962,"7"" - Archive 04 - [...J-M...]"
"Jimmy Shand And His Band","Jimmy Shand And His Band","Sing With Jimmy Shand",https://www.discogs.com/release/6874980,"","7"" - Archive 04 - [...J-M...]"
"Jimmy Somerville","Jimmy Somerville","Mighty Real",https://www.discogs.com/release/2289300,1989,"7"" - Playlist - 03 [G-L...]"
"Jimmy Somerville","Jimmy Somerville","To Love Somebody",https://www.discogs.com/release/453100,1990,"7"" - Playlist - 03 [G-L...]"
"Jimmy Somerville","Jimmy Somerville Featuring June Miles-Kingston","Comment Te Dire Adieu",https://www.discogs.com/release/3779786,1989,"7"" - Playlist - 03 [G-L...]"
"Jimmy The Hoover","Jimmy The Hoover","Tantalise (Wo Wo Ee Yeh Yeh)",https://www.discogs.com/release/6088674,1983,"7"" - Archive 04 - [...J-M...]"
"Jimmy The Hoover","Jimmy The Hoover","Tantalise (Wo Wo Ee Yeh Yeh)",https://www.discogs.com/release/2034461,1983,"7"" - Archive 04 - [...J-M...]"
"Jimmy Young","Jimmy Young","Miss You ",https://www.discogs.com/release/1728154,1963,"7"" - Archive 04 - [...J-M...]"
"Jimmy Young","Jimmy Young","Silver And Blue",https://www.discogs.com/release/3277611,1968,"7"" - Archive 04 - [...J-M...]"
"Jive Bunny And The Mastermixers","Jive Bunny And The Mastermixers","Can Can You Party",https://www.discogs.com/release/530488,1990,"7"" - Archive 04 - [...J-M...]"
"Jive Bunny And The Mastermixers","Jive Bunny And The Mastermixers","Let's Swing Again",https://www.discogs.com/release/641485,1990,"7"" - Archive 04 - [...J-M...]"
"Jive Bunny And The Mastermixers","Jive Bunny And The Mastermixers","Swing The Mood",https://www.discogs.com/release/616675,1989,"7"" - Archive 04 - [...J-M...]"
"Jive Bunny And The Mastermixers","Jive Bunny And The Mastermixers","That Sounds Good To Me",https://www.discogs.com/release/1288464,1990,"7"" - Archive 04 - [...J-M...]"
"Jive Bunny And The Mastermixers","Jive Bunny And The Mastermixers","That's What I Like",https://www.discogs.com/release/686963,1989,"7"" - Archive 04 - [...J-M...]"
"Jive Bunny And The Mastermixers","Jive Bunny And The Mastermixers","The Crazy Party Mixes",https://www.discogs.com/release/5558876,1990,"7"" - Archive 04 - [...J-M...]"
"JKD Band","JKD Band","Let Your Body Do The Talking",https://www.discogs.com/release/1945096,1979,"7"" - Archive 04 - [...J-M...]"
"Jo Jo Gunne","Jo Jo Gunne","Run Run Run",https://www.discogs.com/release/2575998,1972,"7"" - Retro - 02 [H-R]"
"Joan Armatrading","Joan Armatrading","All The Way From America",https://www.discogs.com/release/2066188,1980,"7"" - Playlist - 03 [G-L...]"
"Joan Armatrading","Joan Armatrading","Down To Zero",https://www.discogs.com/release/1422921,1977,"7"" - Archive 04 - [...J-M...]"
"Joan Armatrading","Joan Armatrading","Drop The Pilot",https://www.discogs.com/release/6260403,1983,"7"" - Playlist - 03 [G-L...]"
"Joan Armatrading","Joan Armatrading","I'm Lucky",https://www.discogs.com/release/3659930,1981,"7"" - Archive 04 - [...J-M...]"
"Joan Armatrading","Joan Armatrading","Lonely Lady",https://www.discogs.com/release/3659988,1973,"7"" - Archive 04 - [...J-M...]"
"Joan Armatrading","Joan Armatrading","Love And Affection",https://www.discogs.com/release/1740703,1976,"7"" - Playlist - 03 [G-L...]"
"Joan Armatrading","Joan Armatrading","Me Myself I",https://www.discogs.com/release/5858376,1980,"7"" - Playlist - 03 [G-L...]"
"Joan Armatrading","Joan Armatrading","Rosie / How Cruel",https://www.discogs.com/release/2257334,1980,"7"" - Playlist - 03 [G-L...]"
"Joan Armatrading","Joan Armatrading",Temptation,https://www.discogs.com/release/1835276,1985,"7"" - Archive 04 - [...J-M...]"
"Joan Armatrading","Joan Armatrading","Willow (Edit)",https://www.discogs.com/release/1909884,1977,"7"" - Archive 04 - [...J-M...]"
"Joan Baez","Joan Baez","The Night They Drove Old Dixie Down",https://www.discogs.com/release/10835885,1971,"7"" - Retro - 02 [H-R]"
"Joan Baez","Joan Baez","We Shall Overcome",https://www.discogs.com/release/2719552,1965,"7"" - Retro - 02 [H-R]"
"Joan Collins' Fan Club","Joan Collins' Fan Club","Leader Of The Pack",https://www.discogs.com/release/497701,1988,"7"" - Novelty [#,A-Z]"
"Joan Jett & The Blackhearts","Joan Jett & The Blackhearts","I Hate Myself For Loving You",https://www.discogs.com/release/5649144,1988,"7"" - Playlist - 03 [G-L...]"
"Joan Jett & The Blackhearts","Joan Jett & The Blackhearts","I Love Rock-N-Roll",https://www.discogs.com/release/5448982,1982,"7"" - Playlist - 03 [G-L...]"
JoBoxers,JoBoxers,Boxerbeat,https://www.discogs.com/release/846742,1983,"7"" - Playlist - 03 [G-L...]"
"Jocelyn Brown","Jocelyn Brown","I Wish You Would",https://www.discogs.com/release/2855833,1984,"7"" - Archive 04 - [...J-M...]"
Joe,Joe,"How Can I Resist",https://www.discogs.com/release/2874158,1977,"7"" - Archive 04 - [...J-M...]"
"Joe ""Mr Piano"" Henderson","Joe ""Mr Piano"" Henderson",Trudie,https://www.discogs.com/release/11023811,1958,"7"" - Archive 04 - [...J-M...]"
"Joe Brown And The Bruvvers","Joe Brown And The Bruvvers","Sally Ann",https://www.discogs.com/release/2402517,1963,"7"" - Archive 04 - [...J-M...]"
"Joe Brown And The Bruvvers","Joe Brown And The Bruvvers","Your Tender Look",https://www.discogs.com/release/2402541,1962,"7"" - Archive 04 - [...J-M...]"
"Joe Cocker","Joe Cocker","With A Little Help From My Friends",https://www.discogs.com/release/1874643,1988,"7"" - Playlist - 03 [G-L...]"
"Joe Cocker","Joe Cocker, Jennifer Warnes","Up Where We Belong",https://www.discogs.com/release/6230261,1982,"7"" - Playlist - 03 [G-L...]"
"Joe Dassin","Joe Dassin","Dans Les Yeux D'Emilie / Maria",https://www.discogs.com/release/14869540,1977,"7"" - Archive 04 - [...J-M...]"
"Joe Dassin","Joe Dassin","Et L'amour S'en Va / Le Château De Sable",https://www.discogs.com/release/4370083,1977,"7"" - Archive 04 - [...J-M...]"
"Joe Dolan","Joe Dolan","I Need You",https://www.discogs.com/release/6090900,1977,"7"" - Archive 04 - [...J-M...]"
"Joe Dolan","Joe Dolan","Make Me An Island",https://www.discogs.com/release/5646468,1969,"7"" - Archive 04 - [...J-M...]"
"Joe Dolce Music Theatre","Joe Dolce Music Theatre","Shaddap You Face",https://www.discogs.com/release/1563860,1980,"7"" - Novelty [#,A-Z]"
"Joe Fagin","Joe Fagin","Back With The Boys Again / Get It Right",https://www.discogs.com/release/2982609,1986,"7"" - Archive 04 - [...J-M...]"
"Joe Fagin","Joe Fagin","Breakin' Away / That's Livin' Alright",https://www.discogs.com/release/8596611,1983,"7"" - Archive 04 - [...J-M...]"
"Joe Jackson","Joe Jackson","Is She Really Going Out With Him?",https://www.discogs.com/release/571146,1979,"7"" - Playlist - 03 [G-L...]"
"Joe Jackson","Joe Jackson","It's Different For Girls",https://www.discogs.com/release/12418911,1979,"7"" - Playlist - 03 [G-L...]"
"Joe Jackson","Joe Jackson","Steppin' Out",https://www.discogs.com/release/5930528,1982,"7"" - Playlist - 03 [G-L...]"
"Joe Loss & His Orchestra","Joe Loss & His Orchestra","Latin Style",https://www.discogs.com/release/12318911,1961,"7"" - Archive 04 - [...J-M...]"
"Joe Loss & His Orchestra","Joe Loss & His Orchestra","Must Be Madison ",https://www.discogs.com/release/1685650,1962,"7"" - Archive 04 - [...J-M...]"
"Joe Loss & His Orchestra","Joe Loss & His Orchestra","Steptoe And Son",https://www.discogs.com/release/3277744,1963,"7"" - Archive 04 - [...J-M...]"
"Joe Loss & His Orchestra","Joe Loss & His Orchestra","Wheels - Cha Cha",https://www.discogs.com/release/7325607,"","7"" - Archive 04 - [...J-M...]"
"Joe Matthews","Joe Matthews","You Better Mend Your Ways / Sorry Ain't Good Enough",https://www.discogs.com/release/3910285,1967,"7"" - Archive 04 - [...J-M...]"
"Joe Simon","Joe Simon","Carry Me",https://www.discogs.com/release/2669397,1974,"7"" - Archive 04 - [...J-M...]"
"Joe Tex","Joe Tex","Ain't Gonna Bump No More (With No Big Fat Woman)",https://www.discogs.com/release/1334933,1976,"7"" - Archive 04 - [...J-M...]"
"Joe Walsh","Joe Walsh","Life's Been Good",https://www.discogs.com/release/5513054,1978,"7"" - Retro - 02 [H-R]"
"John ""Jellybean"" Benitez","John ""Jellybean"" Benitez",Jingo,https://www.discogs.com/release/644122,1987,"7"" - Playlist - 03 [G-L...]"
"John Asher / The Ashers","John Asher / The Ashers","Let's Twist Again / Twister",https://www.discogs.com/release/1553793,1975,"7"" - Archive 04 - [...J-M...]"
"John Barry","John Barry","Theme From ""The Persuaders""",https://www.discogs.com/release/4901755,1971,"7"" - Archive 04 - [...J-M...]"
"John Cooper Clarke","John Cooper Clarke",Splat/Twat,https://www.discogs.com/release/2028746,1979,"7"" - Playlist - 03 [G-L...]"
"John Cougar Mellencamp","John Cougar Mellencamp","Hand To Hold On To / Hurts So Good",https://www.discogs.com/release/2630135,1982,"7"" - Playlist - 03 [G-L...]"
"John Cougar Mellencamp","John Cougar Mellencamp","Jack And Diane",https://www.discogs.com/release/1682010,1982,"7"" - Playlist - 03 [G-L...]"
"John Cougar Mellencamp","John Cougar Mellencamp","R.O.C.K. In The U.S.A.",https://www.discogs.com/release/4648805,1986,"7"" - Playlist - 03 [G-L...]"
"John Cougar Mellencamp","John Cougar Mellencamp","Small Town",https://www.discogs.com/release/2201383,1985,"7"" - Playlist - 03 [G-L...]"
"John Davidson","John Davidson","Everytime I Sing A Love Song",https://www.discogs.com/release/4057170,1976,"7"" - Archive 04 - [...J-M...]"
"John Denver","John Denver","Annie's Song",https://www.discogs.com/release/8254540,1974,"7"" - Archive 04 - [...J-M...]"
"John Denver With Fat City","John Denver With Fat City","Take Me Home, Country Roads / Poems, Prayers And Promises",https://www.discogs.com/release/4078816,"","7"" - Retro - 02 [H-R]"
"John Farnham","John Farnham","You're The Voice",https://www.discogs.com/release/14316612,1986,"7"" - Playlist - 03 [G-L...]"
"John Foxx","John Foxx","No-One Driving",https://www.discogs.com/release/93289,1980,"7"" - Playlist - 03 [G-L...]"
"John Foxx","John Foxx","Underpass / Film 1",https://www.discogs.com/release/33385,1980,"7"" - Playlist - 03 [G-L...]"
"John Fraser","John Fraser","Bye Bye Baby Goodbye",https://www.discogs.com/release/4827095,1959,"7"" - Archive 04 - [...J-M...]"
"John Fred & His Playboy Band","John Fred & His Playboy Band","Judy In Disguise With Glasses/When The Lights Go Out",https://www.discogs.com/release/6511708,"","7"" - Novelty [#,A-Z]"
"John Glover","John Glover","The American Way",https://www.discogs.com/release/6331303,1979,"7"" - Archive 04 - [...J-M...]"
"John Glover","John Glover","Tired Of Being Alone",https://www.discogs.com/release/9506313,1979,"7"" - Archive 04 - [...J-M...]"
"John Gregory And His Orchestra with Doreen Hume, Mike Sammes Singers The Michael Sammes Singers John Harvey","John Gregory And His Orchestra with Doreen Hume, Mike Sammes Singers The Michael Sammes Singers John Harvey","The Four From 'My Fair Lady'",https://www.discogs.com/release/20293210,1958,"7"" - Archive 04 - [...J-M...]"
"John Handy","John Handy","Hard Work",https://www.discogs.com/release/1185867,1976,"7"" - Retro - 02 [H-R]"
"John Holt","John Holt",Brandy,https://www.discogs.com/release/9207253,1978,"7"" - Archive 04 - [...J-M...]"
"John Holt","John Holt","Help Me Make It Through The Night",https://www.discogs.com/release/6999900,1974,"7"" - Archive 04 - [...J-M...]"
"John Kerr","John Kerr","Tonight In Camden Town",https://www.discogs.com/release/5069553,1976,"7"" - Archive 04 - [...J-M...]"
"John Kongos","John Kongos","He's Gonna Step On You Again",https://www.discogs.com/release/6094235,1971,"7"" - Archive 04 - [...J-M...]"
"John Kongos","John Kongos","Tokoloshe Man",https://www.discogs.com/release/6100929,1971,"7"" - Archive 04 - [...J-M...]"
"John Lennon","John Lennon","Nobody Told Me",https://www.discogs.com/release/1979705,1984,"7"" - Playlist - 03 [G-L...]"
"John Lennon","John Lennon","Watching The Wheels",https://www.discogs.com/release/13829907,1981,"7"" - Playlist - 03 [G-L...]"
"John Lennon / Yoko Ono, The Plastic Ono Band","John Lennon","(Just Like) Starting Over",https://www.discogs.com/release/419124,1980,"7"" - Playlist - 03 [G-L...]"
"John Lennon / Yoko Ono, The Plastic Ono Band","John Lennon",Imagine,https://www.discogs.com/release/2916667,1975,"7"" - Playlist - 03 [G-L...]"
"John Lennon / Yoko Ono, The Plastic Ono Band","John Lennon",Woman,https://www.discogs.com/release/2001814,1981,"7"" - Playlist - 03 [G-L...]"
"John Lennon / Yoko Ono, The Plastic Ono Band","John Lennon & Yoko Ono / The Plastic Ono Band","Happy Xmas (War Is Over) ",https://www.discogs.com/release/6756961,1980,"7"" - Holiday [#,A-Z]"
"John Lennon / Yoko Ono, The Plastic Ono Band","John Lennon / Yoko Ono, The Plastic Ono Band","Power To The People",https://www.discogs.com/release/7080934,1971,"7"" - Playlist - 03 [G-L...]"
"John Lennon / Yoko Ono, The Plastic Ono Band","Plastic Ono Band","Give Peace A Chance",https://www.discogs.com/release/3221772,1969,"7"" - Playlist - 03 [G-L...]"
"John Lennon / Yoko Ono, The Plastic Ono Band","Yoko Ono","Walking On Thin Ice",https://www.discogs.com/release/1861979,1981,"7"" - Playlist - 03 [G-L...]"
"John Leyton","John Leyton","Johnny Remember Me",https://www.discogs.com/release/530417,1961,"7"" - Retro - 02 [H-R]"
"John McCormack","John McCormack","Songs From The Emerald Isle",https://www.discogs.com/release/1518005,1957,"7"" - Archive 04 - [...J-M...]"
"John McCormack","John McCormack","The Star Of The County Down / I'll Walk Beside You",https://www.discogs.com/release/11570325,1959,"7"" - Archive 04 - [...J-M...]"
"John Miles","John Miles","Can't Keep A Good Man Down",https://www.discogs.com/release/3299161,1979,"7"" - Archive 04 - [...J-M...]"
"John Miles","John Miles","Highfly / There's A Man Behind The Guitar",https://www.discogs.com/release/1857769,1975,"7"" - Archive 04 - [...J-M...]"
"John Miles","John Miles",Music,https://www.discogs.com/release/1743861,1976,"7"" - Retro - 02 [H-R]"
"John Miles","John Miles","Slow Down",https://www.discogs.com/release/1520034,1976,"7"" - Archive 04 - [...J-M...]"
"John Parr","John Parr","St. Elmo's Fire (Man In Motion)",https://www.discogs.com/release/11312554,1985,"7"" - Playlist - 03 [G-L...]"
"John Paul Joans","John Paul Joans","The Man From Nazareth",https://www.discogs.com/release/1337376,1970,"7"" - Archive 04 - [...J-M...]"
"John Paul Young","John Paul Young","Love Is In The Air",https://www.discogs.com/release/2582869,1977,"7"" - Retro - 02 [H-R]"
"John Paul Young","John Paul Young","The Day That My Heart Caught Fire",https://www.discogs.com/release/5460132,1978,"7"" - Archive 04 - [...J-M...]"
"John Rowles","John Rowles","If I Only Had Time",https://www.discogs.com/release/11965093,1968,"7"" - Archive 04 - [...J-M...]"
"John Rowles","John Rowles",Tania,https://www.discogs.com/release/13238065,1979,"7"" - Archive 04 - [...J-M...]"
"John Stewart","John Stewart",Gold,https://www.discogs.com/release/2151334,1979,"7"" - Archive 04 - [...J-M...]"
"John Waite","John Waite","Missing You",https://www.discogs.com/release/4904711,1984,"7"" - Playlist - 03 [G-L...]"
"John Williams","John Williams","Theme From ""Close Encounters Of The Third Kind""",https://www.discogs.com/release/1622822,1977,"7"" - Archive 04 - [...J-M...]"
"John Williams","John Williams","Theme From E.T. (The Extra-Terrestrial)",https://www.discogs.com/release/4390735,1982,"7"" - Archive 04 - [...J-M...]"
"John Williams","John Williams","Air On The 'G' String",https://www.discogs.com/release/4980757,1979,"7"" - Archive 04 - [...J-M...]"
"John Williams","John Williams",Romanza,https://www.discogs.com/release/5605807,1978,"7"" - Archive 04 - [...J-M...]"
"Johnnie Taylor","Johnnie Taylor","Disco Lady",https://www.discogs.com/release/1356312,1976,"7"" - Archive 04 - [...J-M...]"
"Johnny Bristol","Johnny Bristol","Hang On In There Baby",https://www.discogs.com/release/550015,1974,"7"" - Retro - 02 [H-R]"
"Johnny Burnette","Johnny Burnette","You're Sixteen",https://www.discogs.com/release/6023560,1960,"7"" - Retro - 02 [H-R]"
"Johnny Cash & The Evangel Temple Choir / Johnny Cash","Johnny Cash & The Evangel Temple Choir / Johnny Cash","A Thing Called Love ",https://www.discogs.com/release/5252020,1972,"7"" - Archive 04 - [...J-M...]"
"Johnny Cash And The Tennessee Three","Johnny Cash And The Tennessee Three","One Piece At A Time ",https://www.discogs.com/release/5711801,1976,"7"" - Archive 04 - [...J-M...]"
"Johnny Guitar Watson","Johnny Guitar Watson","I Need It",https://www.discogs.com/release/990645,1976,"7"" - Archive 04 - [...J-M...]"
"Johnny Hallyday En Duo Avec Carmel","Johnny Hallyday En Duo Avec Carmel","J'oublierai Ton Nom",https://www.discogs.com/release/3346871,1987,"7"" - Archive 04 - [...J-M...]"
"Johnny Hates Jazz","Johnny Hates Jazz","I Don't Want To Be A Hero",https://www.discogs.com/release/2358071,1987,"7"" - Playlist - 03 [G-L...]"
"Johnny Hates Jazz","Johnny Hates Jazz","Shattered Dreams",https://www.discogs.com/release/1681992,1987,"7"" - Playlist - 03 [G-L...]"
"Johnny Hates Jazz","Johnny Hates Jazz","Turn Back The Clock",https://www.discogs.com/release/949598,1987,Uncategorized
"Johnny Johnson And The Bandwagon","Johnny Johnson And The Bandwagon","(Blame It) On The Pony Express",https://www.discogs.com/release/1388618,1970,"7"" - Archive 04 - [...J-M...]"
"Johnny Larkin","Johnny Larkin",Fraulein,https://www.discogs.com/release/14686036,1976,"7"" - Archive 04 - [...J-M...]"
"Johnny Logan","Johnny Logan","Hold Me Now",https://www.discogs.com/release/1570967,1987,"7"" - Archive 04 - [...J-M...]"
"Johnny Logan","Johnny Logan","What's Another Year",https://www.discogs.com/release/5783258,1980,"7"" - Archive 04 - [...J-M...]"
"Johnny M","Johnny M","Introducing Johnny M",https://www.discogs.com/release/15854392,"","7"" - Archive 04 - [...J-M...]"
"Johnny Mathis","Johnny Mathis","Call Me / Stairway To The Sea",https://www.discogs.com/release/5348333,1958,"7"" - Archive 04 - [...J-M...]"
"Johnny Mathis","Johnny Mathis","Feel Like Makin' Love",https://www.discogs.com/release/15917905,1974,"7"" - Archive 04 - [...J-M...]"
"Johnny Mathis","Johnny Mathis","Gone, Gone, Gone",https://www.discogs.com/release/2159980,1979,"7"" - Archive 04 - [...J-M...]"
"Johnny Mathis","Johnny Mathis","I'm Coming Home",https://www.discogs.com/release/973418,1973,"7"" - Archive 04 - [...J-M...]"
"Johnny Mathis","Johnny Mathis","I'm Stone In Love With You",https://www.discogs.com/release/2896729,1974,"7"" - Archive 04 - [...J-M...]"
"Johnny Mathis","Johnny Mathis","Loving You, Losing You",https://www.discogs.com/release/23940836,1977,"7"" - Archive 04 - [...J-M...]"
"Johnny Mathis","Johnny Mathis","My Love For You / Oh That Feeling ",https://www.discogs.com/release/1671247,1960,"7"" - Archive 04 - [...J-M...]"
"Johnny Mathis","Johnny Mathis","Someone / They Say It's Wonderful",https://www.discogs.com/release/1776641,1959,"7"" - Archive 04 - [...J-M...]"
"Johnny Mathis","Johnny Mathis","Sweetheart Tree",https://www.discogs.com/release/4560468,1965,"7"" - Archive 04 - [...J-M...]"
"Johnny Mathis","Johnny Mathis","When A Child Is Born (Soleado)",https://www.discogs.com/release/8343380,"","7"" - Holiday [#,A-Z]"
"Johnny Mathis / Deniece Williams","Johnny Mathis / Deniece Williams","Too Much, Too Little, Too Late",https://www.discogs.com/release/3918576,1978,"7"" - Archive 04 - [...J-M...]"
"Johnny McEvoy","Johnny McEvoy","Christmas With Johnny McEvoy ",https://www.discogs.com/release/8042159,1974,"7"" - Holiday [#,A-Z]"
"Johnny Nash","Johnny Nash","Hold Me Tight",https://www.discogs.com/release/16141534,1968,"7"" - Retro - 02 [H-R]"
"Johnny Nash","Johnny Nash","I Can See Clearly Now",https://www.discogs.com/release/3793351,1972,"7"" - Retro - 02 [H-R]"
"Johnny Nash","Johnny Nash","Let's Be Friends",https://www.discogs.com/release/2185893,1975,"7"" - Archive 04 - [...J-M...]"
"Johnny Nash","Johnny Nash","Stir It Up / Cream Puff",https://www.discogs.com/release/8791247,"","7"" - Retro - 02 [H-R]"
"Johnny Pearson & His Orchestra","Johnny Pearson & His Orchestra","Sleepy Shores",https://www.discogs.com/release/9355283,1971,"7"" - Archive 04 - [...J-M...]"
"Johnny Pearson & His Orchestra","Johnny Pearson & His Orchestra","The Rat Catchers",https://www.discogs.com/release/4876864,1966,"7"" - Archive 04 - [...J-M...]"
"Johnny Tillotson","Johnny Tillotson","Poetry In Motion",https://www.discogs.com/release/15050710,1960,"7"" - Retro - 02 [H-R]"
"Johnny Wakelin","Johnny Wakelin","Africa Man ",https://www.discogs.com/release/1040094,1976,"7"" - Archive 04 - [...J-M...]"
"Johnny Wakelin","Johnny Wakelin","In Zaire",https://www.discogs.com/release/4243727,1976,"7"" - Archive 04 - [...J-M...]"
"Johnny Wakelin","Johnny Wakelin","Reggae-Soul-And Rock'N'Roll",https://www.discogs.com/release/2314008,1976,"7"" - Archive 04 - [...J-M...]"
"Johnny Wakelin & The Kinshasa Band","Johnny Wakelin & The Kinshasa Band","Black Superman (Muhammad Ali)",https://www.discogs.com/release/6139591,1974,"7"" - Archive 04 - [...J-M...]"
Jojo,Jojo,"Woman's Touch",https://www.discogs.com/release/4322045,1988,"7"" - Archive 04 - [...J-M...]"
"Jon & Vangelis","Jon & Vangelis","I Hear You Now",https://www.discogs.com/release/478473,1979,"7"" - Playlist - 03 [G-L...]"
"Jon & Vangelis","Jon & Vangelis","I'll Find My Way Home",https://www.discogs.com/release/557939,1981,"7"" - Playlist - 03 [G-L...]"
"Jon Anderson","Jon Anderson","Take Your Time",https://www.discogs.com/release/2066062,1980,"7"" - Archive 04 - [...J-M...]"
"Jon Bon Jovi","Jon Bon Jovi","Blaze Of Glory",https://www.discogs.com/release/7180688,1990,"7"" - Archive 04 - [...J-M...]"
"Jon Pertwee","Jon Pertwee","Worzel's Song",https://www.discogs.com/release/1604974,1980,"7"" - Novelty [#,A-Z]"
"Jon Pertwee / Jessie Matthews","Jon Pertwee / Jessie Matthews","The Runaway Train / The Ugly Duckling",https://www.discogs.com/release/13862647,"","7"" - Novelty [#,A-Z]"
"Jona Lewie","Jona Lewie","Stop The Cavalry",https://www.discogs.com/release/219445,1980,"7"" - Holiday [#,A-Z]"
"Jona Lewie","Jona Lewie","You'll Always Find Me In The Kitchen At Parties",https://www.discogs.com/release/10841021,1980,"7"" - Playlist - 03 [G-L...]"
"Jonathan Butler","Jonathan Butler",Lies,https://www.discogs.com/release/1738984,1987,"7"" - Archive 04 - [...J-M...]"
"Jonathan King","Jonathan King",Flirt!,https://www.discogs.com/release/1549100,1972,"7"" - Archive 04 - [...J-M...]"
"Jonathan King","Jonathan King","Green Is The Grass",https://www.discogs.com/release/2159008,1965,"7"" - Archive 04 - [...J-M...]"
"Jonathan King","Jonathan King","Let It All Hang Out",https://www.discogs.com/release/1568982,1969,"7"" - Archive 04 - [...J-M...]"
"Jonathan King","Jonathan King","Una Paloma Blanca (White Dove)",https://www.discogs.com/release/1569201,1975,"7"" - Archive 04 - [...J-M...]"
"Jonathan Richman & The Modern Lovers","Jonathan Richman & The Modern Lovers","Egyptian Reggae",https://www.discogs.com/release/9784557,1977,"7"" - Playlist - 03 [G-L...]"
"Jonathan Richman & The Modern Lovers","Jonathan Richman & The Modern Lovers","The Morning Of Our Lives / Roadrunner (Thrice)",https://www.discogs.com/release/753330,1977,"7"" - Archive 04 - [...J-M...]"
"Jonathan Richman / The Modern Lovers","Jonathan Richman / The Modern Lovers",Roadrunner,https://www.discogs.com/release/7414932,1977,"7"" - Archive 04 - [...J-M...]"
"Joni Mitchell","Joni Mitchell","Big Yellow Taxi",https://www.discogs.com/release/1997471,1970,"7"" - Retro - 02 [H-R]"
"Joni Mitchell","Joni Mitchell",Coyote,https://www.discogs.com/release/3769886,1976,"7"" - Archive 04 - [...J-M...]"
"José","José","I Will Follow Him",https://www.discogs.com/release/5308142,1982,"7"" - Archive 04 - [...J-M...]"
"José Feliciano","José Feliciano","And The Sun Will Shine",https://www.discogs.com/release/2126191,1969,"7"" - Archive 04 - [...J-M...]"
"José Feliciano","José Feliciano","I Like What You Give",https://www.discogs.com/release/9302907,1974,"7"" - Archive 04 - [...J-M...]"
"José Feliciano","José Feliciano","I Wanna Be Where You Are",https://www.discogs.com/release/4349253,1981,"7"" - Archive 04 - [...J-M...]"
"Joy Division","Joy Division",Atmosphere,https://www.discogs.com/release/505332,1988,"7"" - Playlist - 03 [G-L...]"
"Joy Division","Joy Division","Love Will Tear Us Apart",https://www.discogs.com/release/28027,1980,"7"" - Playlist - 03 [G-L...]"
"Joy Fleming","Joy Fleming","A Bridge Of Love",https://www.discogs.com/release/4739933,1975,"7"" - Archive 04 - [...J-M...]"
"Joy Sarney / Friends Of Joy","Joy Sarney / Friends Of Joy","Naughty Naughty Naughty / Letters Of Love",https://www.discogs.com/release/2138697,1977,"7"" - Novelty [#,A-Z]"
"Joy Strings","Joy Strings","It's An Open Secret",https://www.discogs.com/release/15122038,1964,"7"" - Archive 04 - [...J-M...]"
"Joyce Sims","Joyce Sims","All And All",https://www.discogs.com/release/15558941,1986,"7"" - Archive 04 - [...J-M...]"
"Joyce Sims","Joyce Sims","Come Into My Life",https://www.discogs.com/release/2622522,1987,"7"" - Archive 04 - [...J-M...]"
"Juan Martin","Juan Martin","Flight To Paradise",https://www.discogs.com/release/3397655,1984,"7"" - Archive 04 - [...J-M...]"
"Judas Priest","Judas Priest","Breaking The Law",https://www.discogs.com/release/12537511,1980,"7"" - Playlist - 03 [G-L...]"
"Judas Priest","Judas Priest","Living After Midnight",https://www.discogs.com/release/9370466,1980,"7"" - Playlist - 03 [G-L...]"
"Judas Priest","Judas Priest","Take On The World",https://www.discogs.com/release/1182503,1979,"7"" - Playlist - 03 [G-L...]"
"Judge Dread","Judge Dread","Big Seven",https://www.discogs.com/release/302296,1972,"7"" - Archive 04 - [...J-M...]"
"Judge Dread","Judge Dread","Dread Rock",https://www.discogs.com/release/2631774,1978,"7"" - Archive 04 - [...J-M...]"
"Judge Dread","Judge Dread","Jingle Bells / The Hokey Cokey",https://www.discogs.com/release/1261189,1978,"7"" - Holiday [#,A-Z]"
"Judie Tzuke","Judie Tzuke","Stay With Me Till Dawn",https://www.discogs.com/release/868786,1979,"7"" - Playlist - 03 [G-L...]"
"Judith Durham And The Hottest Band In Town","Judith Durham And The Hottest Band In Town","I Wanna Dance To Your Music",https://www.discogs.com/release/3201972,1974,"7"" - Archive 04 - [...J-M...]"
"Judy Boucher","Judy Boucher","Can't Be With You Tonight",https://www.discogs.com/release/1512548,1986,"7"" - Archive 04 - [...J-M...]"
"Judy Collins","Judy Collins","Amazing Grace",https://www.discogs.com/release/9315234,1970,"7"" - Archive 04 - [...J-M...]"
"Judy Collins","Judy Collins","Both Sides Now",https://www.discogs.com/release/6031909,1967,"7"" - Archive 04 - [...J-M...]"
"Judy Collins","Judy Collins","Send In The Clowns",https://www.discogs.com/release/748424,1975,"7"" - Archive 04 - [...J-M...]"
"Judy Stone","Judy Stone","Hasta Manana",https://www.discogs.com/release/3991387,1976,"7"" - Archive 04 - [...J-M...]"
"Julia And Company","Julia And Company","Breakin' Down (Sugar Samba)",https://www.discogs.com/release/14066464,1984,"7"" - Archive 04 - [...J-M...]"
"Julian Cope","Julian Cope","Charlotte Anne",https://www.discogs.com/release/1336289,1988,"7"" - Archive 04 - [...J-M...]"
"Julian Cope","Julian Cope",Trampolene,https://www.discogs.com/release/1727119,1987,"7"" - Archive 04 - [...J-M...]"
"Julian Cope","Julian Cope","World Shut Your Mouth",https://www.discogs.com/release/3066587,1992,"7"" - Playlist - 03 [G-L...]"
"Julian Lennon","Julian Lennon","Too Late For Goodbyes",https://www.discogs.com/release/1338292,1984,"7"" - Playlist - 03 [G-L...]"
"Julian Lloyd Webber","Julian Lloyd Webber","Ritual Fire Dance",https://www.discogs.com/release/3087295,1981,"7"" - Archive 04 - [...J-M...]"
"Julie Andrews / Johnny Mathis","Julie Andrews / Johnny Mathis","2 Hit Songs From West Side Story",https://www.discogs.com/release/2459288,1966,"7"" - Archive 04 - [...J-M...]"
"Julie Andrews, Dick Van Dyke","Julie Andrews, Dick Van Dyke","Walt Disney's Mary Poppins (Original Cast Soundtrack)",https://www.discogs.com/release/8558315,1964,"7"" - Archive 04 - [...J-M...]"
"Julie Covington","Julie Covington","Don't Cry For Me Argentina",https://www.discogs.com/release/6139557,1976,"7"" - Retro - 02 [H-R]"
"Julie Covington","Julie Covington","Only Women Bleed",https://www.discogs.com/release/6797453,1977,"7"" - Retro - 02 [H-R]"
"Julie Covington, Charlotte Cornwell, Rula Lenska, Sue Jones-Davies","Julie Covington, Charlotte Cornwell, Rula Lenska, Sue Jones-Davies",O.K.?,https://www.discogs.com/release/5569833,1977,"7"" - Archive 04 - [...J-M...]"
"Julie Driscoll, Brian Auger & The Trinity","Julie Driscoll, Brian Auger & The Trinity","This Wheel's On Fire",https://www.discogs.com/release/7148442,1968,"7"" - Retro - 02 [H-R]"
"Julie Rogers","Julie Rogers","The Wedding (La Novia)",https://www.discogs.com/release/9330102,1964,"7"" - Archive 04 - [...J-M...]"
"Julio Iglesias","Julio Iglesias","Begin The Beguine",https://www.discogs.com/release/1448305,1981,"7"" - Archive 04 - [...J-M...]"
"Julio Iglesias","Julio Iglesias","Forever And Ever",https://www.discogs.com/release/2986140,1983,"7"" - Archive 04 - [...J-M...]"
"Julio Iglesias","Julio Iglesias",Hey!,https://www.discogs.com/release/3882263,1980,"7"" - Archive 04 - [...J-M...]"
"Julio Iglesias","Julio Iglesias","Love Is On Our Side Again",https://www.discogs.com/release/3074715,1988,"7"" - Archive 04 - [...J-M...]"
"Julio Iglesias","Julio Iglesias","Quiereme Mucho (Yours)",https://www.discogs.com/release/26431262,1981,"7"" - Archive 04 - [...J-M...]"
"Julio Iglesias","Julio Iglesias","Un Canto A Galicia",https://www.discogs.com/release/1318870,1972,"7"" - Archive 04 - [...J-M...]"
"Julio Iglesias & Willie Nelson","Julio Iglesias & Willie Nelson","To All The Girls I've Loved Before",https://www.discogs.com/release/530463,1984,"7"" - Archive 04 - [...J-M...]"
"Julio Iglesias Featuring Stevie Wonder","Julio Iglesias Featuring Stevie Wonder","My Love",https://www.discogs.com/release/530456,1988,"7"" - Archive 04 - [...J-M...]"
"Jungle Book Groove","Jungle Book Groove","The Jungle Book Groove",https://www.discogs.com/release/1647153,1993,"7"" - Novelty [#,A-Z]"
Junior,Junior,"Mama Used To Say (American Remix)",https://www.discogs.com/release/1582906,1981,"7"" - Playlist - 03 [G-L...]"
"Junior Campbell","Junior Campbell","Sweet Illusion",https://www.discogs.com/release/1469765,1973,"7"" - Archive 04 - [...J-M...]"
"Junior Murvin / Jah Lion","Junior Murvin / Jah Lion","Police And Thieves / Soldier And Police War",https://www.discogs.com/release/400691,1979,"7"" - Playlist - 03 [G-L...]"
"Junior Walker & The All Stars","Junior Walker & The All Stars","Walk In The Night",https://www.discogs.com/release/10073025,1972,"7"" - Retro - 02 [H-R]"
"Justin Hayward & John Lodge","Justin Hayward & John Lodge","Blue Guitar / When You Wake Up",https://www.discogs.com/release/4269368,1975,"7"" - Archive 04 - [...J-M...]"
"Justin Hayward & John Lodge","Justin Hayward & John Lodge","I Dreamed Last Night",https://www.discogs.com/release/4545543,1975,"7"" - Archive 04 - [...J-M...]"
"k.d. lang","k.d. lang","Constant Craving",https://www.discogs.com/release/3011761,1993,"7"" - Playlist - 03 [G-L...]"
K.W.S.,K.W.S.,"Please Don't Go",https://www.discogs.com/release/11362701,1992,"7"" - Archive 04 - [...J-M...]"
K7,K7,"Come Baby Come",https://www.discogs.com/release/1606630,1993,"7"" - Playlist - 03 [G-L...]"
"Kaiser Chiefs","Kaiser Chiefs","I Predict A Riot / Sink That Ship",https://www.discogs.com/release/507870,2005,"7"" - Playlist - 03 [G-L...]"
Kajagoogoo,Kajagoogoo,"Big Apple",https://www.discogs.com/release/644778,1983,"7"" - Playlist - 03 [G-L...]"
Kajagoogoo,Kajagoogoo,"Hang On Now",https://www.discogs.com/release/196612,1983,"7"" - Playlist - 03 [G-L...]"
Kajagoogoo,Kajagoogoo,"Too Shy",https://www.discogs.com/release/163706,1983,"7"" - Playlist - 03 [G-L...]"
"Kalin Twins","Kalin Twins","When / Three O'Clock Thrill",https://www.discogs.com/release/500069,1958,"7"" - Retro - 02 [H-R]"
Kandidate,Kandidate,"Girls Girls Girls",https://www.discogs.com/release/800008,1979,"7"" - Archive 04 - [...J-M...]"
Kandidate,Kandidate,"I Don't Wanna Lose You",https://www.discogs.com/release/6513725,1979,"7"" - Archive 04 - [...J-M...]"
"Kandidate Featuring Viscount Oliver","Kandidate Featuring Viscount Oliver","Can't Say 'Bye",https://www.discogs.com/release/5249916,1982,"7"" - Archive 04 - [...J-M...]"
"Kane Gang","Kane Gang","Closest Thing To Heaven",https://www.discogs.com/release/1505241,1984,"7"" - Playlist - 03 [G-L...]"
"Kane Gang","Kane Gang","Gun Law",https://www.discogs.com/release/5008322,1985,"7"" - Playlist - 03 [G-L...]"
"Kane Gang","Kane Gang","Respect Yourself",https://www.discogs.com/release/1170866,1984,"7"" - Playlist - 03 [G-L...]"
Kaoma,Kaoma,Lambada,https://www.discogs.com/release/13693290,1989,"7"" - Playlist - 03 [G-L...]"
"Karel Fialka","Karel Fialka","Hey Matthew",https://www.discogs.com/release/13929664,1987,"7"" - Playlist - 03 [G-L...]"
"Karl Denver","Karl Denver","Blue Week-end / My Mother's Eyes",https://www.discogs.com/release/10236023,1962,"7"" - Archive 04 - [...J-M...]"
"Karl Denver","Karl Denver","Indian Love Call / My Melancholy Baby",https://www.discogs.com/release/8141994,1963,"7"" - Archive 04 - [...J-M...]"
"Karl Denver","Karl Denver","Mexicali Rose / Bonny Scotland",https://www.discogs.com/release/14316875,1961,"7"" - Archive 04 - [...J-M...]"
"Karl Denver","Karl Denver","Never Goodbye",https://www.discogs.com/release/10765376,1962,"7"" - Archive 04 - [...J-M...]"
"Karl Denver","Karl Denver",Wimoweh,https://www.discogs.com/release/16019952,1962,"7"" - Retro - 02 [H-R]"
"Karyn White","Karyn White",Superwoman,https://www.discogs.com/release/879002,1989,"7"" - Archive 04 - [...J-M...]"
"Kasenetz-Katz Singing Orchestral Circus","Kasenetz-Katz Singing Orchestral Circus","Quick Joey Small (Run Joey Run)",https://www.discogs.com/release/12225335,1975,"7"" - Archive 04 - [...J-M...]"
"Kate Bush","Kate Bush","Army Dreamers",https://www.discogs.com/release/459106,1980,"7"" - Playlist - 03 [G-L...]"
"Kate Bush","Kate Bush",Babooshka,https://www.discogs.com/release/459095,1980,"7"" - Playlist - 03 [G-L...]"
"Kate Bush","Kate Bush",Cloudbusting,https://www.discogs.com/release/16043244,1985,"7"" - Playlist - 03 [G-L...]"
"Kate Bush","Kate Bush","December Will Be Magic Again",https://www.discogs.com/release/483941,1980,"7"" - Holiday [#,A-Z]"
"Kate Bush","Kate Bush","Hammer Horror",https://www.discogs.com/release/823030,1978,"7"" - Playlist - 03 [G-L...]"
"Kate Bush","Kate Bush","Hounds Of Love",https://www.discogs.com/release/778788,1986,"7"" - Playlist - 03 [G-L...]"
"Kate Bush","Kate Bush","Man With The Child In His Eyes",https://www.discogs.com/release/584684,1978,"7"" - Playlist - 03 [G-L...]"
"Kate Bush","Kate Bush","On Stage",https://www.discogs.com/release/1936900,1979,"7"" - Playlist - 03 [G-L...]"
"Kate Bush","Kate Bush","Running Up That Hill",https://www.discogs.com/release/584710,1985,"7"" - Playlist - 03 [G-L...]"
"Kate Bush","Kate Bush",Wow,https://www.discogs.com/release/4671215,1979,"7"" - Playlist - 03 [G-L...]"
"Kate Bush","Kate Bush","Wuthering Heights",https://www.discogs.com/release/2338334,1978,"7"" - Playlist - 03 [G-L...]"
"Kate Robbins","Kate Robbins","More Than In Love",https://www.discogs.com/release/872648,1981,"7"" - Archive 04 - [...J-M...]"
"Kate Robbins And Beyond","Kate Robbins And Beyond","More Than In Love",https://www.discogs.com/release/2922816,1981,"7"" - Archive 04 - [...J-M...]"
"Kathie Kay","Kathie Kay","Come Home, My Darling",https://www.discogs.com/release/9691820,1961,"7"" - Archive 04 - [...J-M...]"
"Kathy Kirby","Kathy Kirby","Dance On",https://www.discogs.com/release/6447454,1963,"7"" - Archive 04 - [...J-M...]"
"Kathy Kirby","Kathy Kirby","Secret Love",https://www.discogs.com/release/10351495,1963,"7"" - Archive 04 - [...J-M...]"
"Katrina And The Waves","Katrina And The Waves","Sun Street",https://www.discogs.com/release/665617,1986,"7"" - Playlist - 03 [G-L...]"
"Katrina And The Waves","Katrina And The Waves","Walking On Sunshine",https://www.discogs.com/release/5252509,1985,"7"" - Playlist - 03 [G-L...]"
"Kaye Sisters","Kaye Sisters","Paper Roses / If Only You'd Be Mine",https://www.discogs.com/release/1743263,1960,"7"" - Archive 04 - [...J-M...]"
"KC & The Sunshine Band","KC & The Sunshine Band","Boogie Shoes",https://www.discogs.com/release/1103709,1978,"7"" - Playlist - 03 [G-L...]"
"KC & The Sunshine Band","KC & The Sunshine Band","Get Down Tonight",https://www.discogs.com/release/7686532,1975,"7"" - Playlist - 03 [G-L...]"
"KC & The Sunshine Band","KC & The Sunshine Band","Give It Up",https://www.discogs.com/release/1499101,1982,"7"" - Playlist - 03 [G-L...]"
"KC & The Sunshine Band","KC & The Sunshine Band","I'm So Crazy (Bout You)",https://www.discogs.com/release/1737675,1975,"7"" - Archive 04 - [...J-M...]"
"KC & The Sunshine Band","KC & The Sunshine Band","Keep It Comin' Love",https://www.discogs.com/release/715445,1976,"7"" - Archive 04 - [...J-M...]"
"KC & The Sunshine Band","KC & The Sunshine Band","Let's Go Rock And Roll / I've Got The Feeling",https://www.discogs.com/release/3173519,1980,"7"" - Archive 04 - [...J-M...]"
"KC & The Sunshine Band","KC & The Sunshine Band","Please Don't Go",https://www.discogs.com/release/416931,1979,"7"" - Playlist - 03 [G-L...]"
"KC & The Sunshine Band","KC & The Sunshine Band","Queen Of Clubs",https://www.discogs.com/release/11031005,1974,"7"" - Archive 04 - [...J-M...]"
"KC & The Sunshine Band","KC & The Sunshine Band","Sound Your Funky Horn",https://www.discogs.com/release/758080,1974,"7"" - Archive 04 - [...J-M...]"
"KC & The Sunshine Band","KC & The Sunshine Band","That's The Way (I Like It)",https://www.discogs.com/release/691070,1975,"7"" - Playlist - 03 [G-L...]"
"Keith Christmas","Keith Christmas","The Dancer",https://www.discogs.com/release/4100545,1976,"7"" - Archive 04 - [...J-M...]"
"Keith Harris","Keith Harris","Orville's Song",https://www.discogs.com/release/1096737,1982,"7"" - Novelty [#,A-Z]"
"Keith Marshall","Keith Marshall","Only Crying",https://www.discogs.com/release/1325992,1981,"7"" - Archive 04 - [...J-M...]"
"Keith Michell","Keith Michell","I'll Give You The Earth (Tous Les Bateaux, Tous Les Oiseaux)",https://www.discogs.com/release/5755992,1970,"7"" - Archive 04 - [...J-M...]"
"Keith Michell, Captain Beaky And His Band","Keith Michell, Captain Beaky And His Band","Captain Beaky",https://www.discogs.com/release/1469833,1977,"7"" - Novelty [#,A-Z]"
"Keith Michell, Captain Beaky And His Band","Keith Michell, Captain Beaky And His Band","The Trial Of Hissing Sid",https://www.discogs.com/release/2578181,1980,"7"" - Novelty [#,A-Z]"
"Keith Sweat","Keith Sweat","I Want Her",https://www.discogs.com/release/1696473,1987,Uncategorized
"Keith West / Mark Wirtz Orchestra","Keith West / Mark Wirtz Orchestra","Excerpt From ""A Teenage Opera"" / Theme From ""A Teenage Opera""",https://www.discogs.com/release/5407295,1967,"7"" - Archive 04 - [...J-M...]"
"Kelly Marie","Kelly Marie","Feels Like I'm In Love",https://www.discogs.com/release/1620878,1980,"7"" - Playlist - 03 [G-L...]"
"Kelly Marie","Kelly Marie","Hot Love",https://www.discogs.com/release/1090495,1981,"7"" - Archive 04 - [...J-M...]"
"Ken Boothe","Ken Boothe","Everything I Own",https://www.discogs.com/release/1949388,1974,"7"" - Retro - 02 [H-R]"
"Ken Dodd","Ken Dodd","Azzurro (Blue Skies)",https://www.discogs.com/release/3928590,1970,"7"" - Archive 04 - [...J-M...]"
"Ken Dodd","Ken Dodd","Dream That I Love You",https://www.discogs.com/release/1998424,1960,"7"" - Archive 04 - [...J-M...]"
"Ken Dodd","Ken Dodd","Eight By Ten",https://www.discogs.com/release/3928599,1964,"7"" - Archive 04 - [...J-M...]"
"Ken Dodd","Ken Dodd",Happiness,https://www.discogs.com/release/18715228,1964,"7"" - Archive 04 - [...J-M...]"
"Ken Dodd","Ken Dodd","Love Is Like A Violin",https://www.discogs.com/release/13144472,1960,"7"" - Archive 04 - [...J-M...]"
"Ken Dodd","Ken Dodd","Once In Every Lifetime",https://www.discogs.com/release/13325431,1961,"7"" - Archive 04 - [...J-M...]"
"Ken Dodd","Ken Dodd",Pianissimo,https://www.discogs.com/release/13325410,1962,"7"" - Archive 04 - [...J-M...]"
"Ken Dodd","Ken Dodd",Still,https://www.discogs.com/release/3093255,1963,"7"" - Archive 04 - [...J-M...]"
"Ken Dodd","Ken Dodd","The Same Mistakes",https://www.discogs.com/release/13345379,1967,"7"" - Archive 04 - [...J-M...]"
"Ken Dodd / Dana","Ken Dodd / Dana","It's No Secret (What God Can Do) / When A Child Is Born",https://www.discogs.com/release/3247045,1980,"7"" - Archive 04 - [...J-M...]"
"Ken Dodd And The Diddymen","Ken Dodd And The Diddymen","The Song Of The Diddymen & Doddy's Diddy Party",https://www.discogs.com/release/2687306,1970,"7"" - Novelty [#,A-Z]"
"Ken Dodd With Geoff Love & His Orchestra","Ken Dodd With Geoff Love & His Orchestra",Tears,https://www.discogs.com/release/12574285,1965,"7"" - Archive 04 - [...J-M...]"
"Ken Dodd With Geoff Love & His Orchestra","Ken Dodd With Geoff Love & His Orchestra","The River (Le Colline Sono In Fiore)",https://www.discogs.com/release/4388164,1965,"7"" - Archive 04 - [...J-M...]"
"Ken Leray","Ken Leray","I Would Do It All Again",https://www.discogs.com/release/3601288,1980,"7"" - Archive 04 - [...J-M...]"
"Kenneth McKellar","Kenneth McKellar","A Man Without Love",https://www.discogs.com/release/2094057,1966,"7"" - Archive 04 - [...J-M...]"
"Kenneth McKellar","Kenneth McKellar","No. 1",https://www.discogs.com/release/15012289,1963,"7"" - Archive 04 - [...J-M...]"
"Kenneth McKellar","Kenneth McKellar","No. 2",https://www.discogs.com/release/10455486,1960,"7"" - Archive 04 - [...J-M...]"
"Kennie Delt And Prana","Kennie Delt And Prana","Conquer All",https://www.discogs.com/release/4369555,1978,"7"" - Archive 04 - [...J-M...]"
Kenny,Kenny,"Baby I Love You, OK!",https://www.discogs.com/release/1406434,1975,"7"" - Archive 04 - [...J-M...]"
Kenny,Kenny,"Hot Lips",https://www.discogs.com/release/2694125,1976,"7"" - Archive 04 - [...J-M...]"
Kenny,Kenny,"The Bump",https://www.discogs.com/release/20206609,1974,"7"" - Archive 04 - [...J-M...]"
"Kenny Ball And His Jazzmen","Kenny Ball And His Jazzmen","March Of The Siamese Children",https://www.discogs.com/release/762661,1962,"7"" - Archive 04 - [...J-M...]"
"Kenny Dukayne","Kenny Dukayne","Soft Spot (Doop Doop Be Roop Doop)",https://www.discogs.com/release/12723085,1979,"7"" - Archive 04 - [...J-M...]"
"Kenny Everett","Kenny Everett","Snot Rap",https://www.discogs.com/release/11828909,1983,"7"" - Novelty [#,A-Z]"
"Kenny Everett & Mike Vickers","Kenny Everett & Mike Vickers","""Captain Kremmen"" (Retribution)",https://www.discogs.com/release/1284462,1977,"7"" - Novelty [#,A-Z]"
"Kenny G","Kenny G",Songbird,https://www.discogs.com/release/649435,1987,"7"" - Archive 04 - [...J-M...]"
"Kenny Loggins","Kenny Loggins","Danger Zone",https://www.discogs.com/release/1570533,1986,"7"" - Archive 04 - [...J-M...]"
"Kenny Lynch","Kenny Lynch","Nothing But The Real Thing",https://www.discogs.com/release/4894860,1965,"7"" - Archive 04 - [...J-M...]"
"Kenny Lynch","Kenny Lynch","Up On The Roof",https://www.discogs.com/release/2159309,1962,"7"" - Retro - 02 [H-R]"
"Kenny Lynch","Kenny Lynch","You Can Never Stop Me Loving You",https://www.discogs.com/release/4012218,1963,"7"" - Archive 04 - [...J-M...]"
"Kenny Rogers","Kenny Rogers","Coward Of The County",https://www.discogs.com/release/710385,1980,"7"" - Retro - 02 [H-R]"
"Kenny Rogers","Kenny Rogers","Eyes That See In The Dark",https://www.discogs.com/release/5078188,1983,"7"" - Archive 04 - [...J-M...]"
"Kenny Rogers","Kenny Rogers",Lady,https://www.discogs.com/release/15899888,1980,"7"" - Archive 04 - [...J-M...]"
"Kenny Rogers","Kenny Rogers",Lucille,https://www.discogs.com/release/1707739,1976,"7"" - Retro - 02 [H-R]"
"Kenny Rogers","Kenny Rogers","The Gambler",https://www.discogs.com/release/2233561,1979,"7"" - Retro - 02 [H-R]"
"Kenny Rogers & Sheena Easton","Kenny Rogers & Sheena Easton","We've Got Tonight",https://www.discogs.com/release/2151434,1983,"7"" - Retro - 02 [H-R]"
"Kenny Rogers & The First Edition","Kenny Rogers & The First Edition","Ruby, Don't Take Your Love To Town",https://www.discogs.com/release/1830783,1969,"7"" - Retro - 02 [H-R]"
"Kenny Rogers And Dolly Parton","Kenny Rogers And Dolly Parton","Islands In The Stream",https://www.discogs.com/release/11674791,1983,"7"" - Retro - 02 [H-R]"
"Kenny Thomas","Kenny Thomas",Outstanding,https://www.discogs.com/release/4652832,1990,"7"" - Archive 04 - [...J-M...]"
"Kenny Thomas","Kenny Thomas","Tender Love",https://www.discogs.com/release/1855149,1991,"7"" - Archive 04 - [...J-M...]"
"Kenny Thomas","Kenny Thomas","Thinking About Your Love",https://www.discogs.com/release/5723705,1991,"7"" - Archive 04 - [...J-M...]"
"Ketty Lester","Ketty Lester","Love Letters",https://www.discogs.com/release/530409,1962,"7"" - Retro - 02 [H-R]"
"Kevin Keegan","Kevin Keegan","Head Over Heels In Love",https://www.discogs.com/release/2835962,1979,"7"" - Archive 04 - [...J-M...]"
"Kevin Neill","Kevin Neill","The Harry Lime Theme",https://www.discogs.com/release/3264306,1974,"7"" - Novelty [#,A-Z]"
"Kid Can't Dance","Kid Can't Dance","Up On The Roof Top",https://www.discogs.com/release/6450630,1988,"7"" - Archive 04 - [...J-M...]"
"Kid Creole And The Coconuts","Kid Creole And The Coconuts","Annie, I'm Not Your Daddy",https://www.discogs.com/release/1011712,1982,"7"" - Playlist - 03 [G-L...]"
"Kid Creole And The Coconuts","Kid Creole And The Coconuts","Christmas In B'Dilli Bay",https://www.discogs.com/release/1572006,1982,"7"" - Holiday [#,A-Z]"
"Kid Creole And The Coconuts","Kid Creole And The Coconuts","I'm A Wonderful Thing",https://www.discogs.com/release/133187,1982,"7"" - Archive 04 - [...J-M...]"
"Kid Creole And The Coconuts","Kid Creole And The Coconuts","Stool Pigeon",https://www.discogs.com/release/98848,1982,"7"" - Playlist - 03 [G-L...]"
"Kids From Fame","Kids From Fame",Starmaker,https://www.discogs.com/release/6927955,1982,"7"" - Archive 04 - [...J-M...]"
"Kiki Dee","Kiki Dee",Amoureuse,https://www.discogs.com/release/2050159,1984,"7"" - Archive 04 - [...J-M...]"
"Kiki Dee","Kiki Dee","First Thing In The Morning",https://www.discogs.com/release/2107527,1977,"7"" - Archive 04 - [...J-M...]"
"Kiki Dee","Kiki Dee","Night Hours",https://www.discogs.com/release/3357326,1977,"7"" - Archive 04 - [...J-M...]"
"Kiki Dee","Kiki Dee",Star,https://www.discogs.com/release/9493947,1981,"7"" - Playlist - 03 [G-L...]"
"Kiki Dee","Kiki Dee","The Loser Gets To Win",https://www.discogs.com/release/2107569,1983,"7"" - Archive 04 - [...J-M...]"
"Kiki Dee","Kiki Dee Band","I've Got The Music In Me",https://www.discogs.com/release/703641,1974,"7"" - Playlist - 03 [G-L...]"
"Killing Joke","Killing Joke",Eighties,https://www.discogs.com/release/11726046,1984,"7"" - Playlist - 03 [G-L...]"
"Killing Joke","Killing Joke","Love Like Blood",https://www.discogs.com/release/606002,1985,"7"" - Playlist - 03 [G-L...]"
"Killing Joke","Killing Joke",Sanity,https://www.discogs.com/release/867416,1986,"7"" - Playlist - 03 [G-L...]"
"Kim Appleby","Kim Appleby","Don't Worry",https://www.discogs.com/release/564857,1990,"7"" - Playlist - 03 [G-L...]"
"Kim Carnes","Kim Carnes","Bette Davis Eyes",https://www.discogs.com/release/12818492,1981,"7"" - Playlist - 03 [G-L...]"
"Kim Wilde","Kim Wilde",Cambodia,https://www.discogs.com/release/5734681,1981,"7"" - Playlist - 03 [G-L...]"
"Kim Wilde","Kim Wilde","Chequered Love",https://www.discogs.com/release/230797,1981,"7"" - Playlist - 03 [G-L...]"
"Kim Wilde","Kim Wilde","Four Letter Word",https://www.discogs.com/release/649569,1988,"7"" - Archive 04 - [...J-M...]"
"Kim Wilde","Kim Wilde","Hey Mister Heartache",https://www.discogs.com/release/7713954,1988,"7"" - Archive 04 - [...J-M...]"
"Kim Wilde","Kim Wilde","Kids In America",https://www.discogs.com/release/230985,1981,"7"" - Playlist - 03 [G-L...]"
"Kim Wilde","Kim Wilde","Never Trust A Stranger",https://www.discogs.com/release/1370715,1988,"7"" - Playlist - 03 [G-L...]"
"Kim Wilde","Kim Wilde","Water On Glass / Boys",https://www.discogs.com/release/823724,1981,"7"" - Archive 04 - [...J-M...]"
"Kim Wilde","Kim Wilde","You Came",https://www.discogs.com/release/1493967,1988,"7"" - Playlist - 03 [G-L...]"
"Kim Wilde","Kim Wilde","You Keep Me Hangin' On",https://www.discogs.com/release/11298013,1986,"7"" - Playlist - 03 [G-L...]"
King,King,"Alone Without You",https://www.discogs.com/release/19362304,1985,"7"" - Playlist - 03 [G-L...]"
King,King,"Love & Pride",https://www.discogs.com/release/876681,1984,"7"" - Playlist - 03 [G-L...]"
King,King,Torture,https://www.discogs.com/release/1695786,1985,"7"" - Playlist - 03 [G-L...]"
"King Brothers With The Rita Williams Singers And Geoff Love & His Orchestra","King Brothers With The Rita Williams Singers And Geoff Love & His Orchestra","Seventy-Six Trombones / I Like Everybody",https://www.discogs.com/release/2721698,1961,"7"" - Archive 04 - [...J-M...]"
"King Crimson","King Crimson","Matte Kudasai",https://www.discogs.com/release/2309465,1981,"7"" - Archive 04 - [...J-M...]"
Kinks,Kinks,Lola,https://www.discogs.com/release/15684016,1970,"7"" - Retro - 02 [H-R]"
Kinks,Kinks,"Sunny Afternoon / Tired Of Waiting For You",https://www.discogs.com/release/3927572,1986,"7"" - Retro - 02 [H-R]"
Kinks,Kinks,"Tired Of Waiting For You",https://www.discogs.com/release/571557,1965,"7"" - Retro - 02 [H-R]"
Kinks,Kinks,"You Really Got Me",https://www.discogs.com/release/14338357,1982,"7"" - Retro - 02 [H-R]"
"Kiri Te Kanawa","Kiri Te Kanawa","World In Union",https://www.discogs.com/release/1764766,1991,"7"" - Playlist - 03 [G-L...]"
"Kirsty MacColl","Kirsty MacColl","A New England",https://www.discogs.com/release/476067,1984,"7"" - Playlist - 03 [G-L...]"
"Kirsty MacColl","Kirsty MacColl",Days,https://www.discogs.com/release/6250267,1989,"7"" - Playlist - 03 [G-L...]"
"Kirsty MacColl","Kirsty MacColl","There's A Guy Works Down The Chip Shop Swears He's Elvis",https://www.discogs.com/release/12904817,1981,"7"" - Playlist - 03 [G-L...]"
"Kirsty MacColl","Kirsty MacColl","They Don't Know",https://www.discogs.com/release/1697354,1979,"7"" - Playlist - 03 [G-L...]"
Kiss,Kiss,"Crazy Crazy Nights",https://www.discogs.com/release/1518807,1987,"7"" - Playlist - 03 [G-L...]"
Kiss,Kiss,"I Was Made For Lovin' You",https://www.discogs.com/release/1794410,1979,"7"" - Playlist - 03 [G-L...]"
Kiss,"Kiss, Gene Simmons",Radioactive,https://www.discogs.com/release/4078887,1979,"7"" - Playlist - 03 [G-L...]"
"Kiss AMC","Kiss AMC","A Bit Of..",https://www.discogs.com/release/2910588,1989,"7"" - Archive 04 - [...J-M...]"
"Kiss That","Kiss That","March Out",https://www.discogs.com/release/1879235,1986,"7"" - Archive 04 - [...J-M...]"
"Kiss The Sky","Kiss The Sky","Livin For You",https://www.discogs.com/release/1888949,1990,"7"" - Archive 04 - [...J-M...]"
"Kit Rolfe","Kit Rolfe","The Wizard",https://www.discogs.com/release/15553194,1980,"7"" - Archive 04 - [...J-M...]"
"Klark Kent","Klark Kent","Don't Care",https://www.discogs.com/release/9838986,1978,"7"" - Playlist - 03 [G-L...]"
"Klark Kent","Klark Kent","Rich In A Ditch",https://www.discogs.com/release/2792745,1980,"7"" - Playlist - 03 [G-L...]"
Klaxons,Klaxons,"Clap Clap Sound",https://www.discogs.com/release/1386528,1983,"7"" - Archive 04 - [...J-M...]"
KLF,KLF,"3 A.M. Eternal (Live At The S.S.L.)",https://www.discogs.com/release/56885,1991,"7"" - Playlist - 03 [G-L...]"
KLF,KLF,"Justified & Ancient",https://www.discogs.com/release/102967,1991,"7"" - Playlist - 03 [G-L...]"
KLF,KLF,"Last Train To Trancentral (Live From The Lost Continent)",https://www.discogs.com/release/173443,1991,"7"" - Playlist - 03 [G-L...]"
Klymaxx,Klymaxx,"I Miss You",https://www.discogs.com/release/7290778,1986,"7"" - Archive 04 - [...J-M...]"
Knack,Knack,"Good Girls Don't",https://www.discogs.com/release/1786323,1979,"7"" - Playlist - 03 [G-L...]"
Knack,Knack,"My Sharona",https://www.discogs.com/release/1001175,1979,"7"" - Playlist - 03 [G-L...]"
"Knightsbridge Chorale","Knightsbridge Chorale","Eton Boating Song",https://www.discogs.com/release/2344419,1959,"7"" - Archive 04 - [...J-M...]"
Kokomo,Kokomo,"A Little Bit Further Away",https://www.discogs.com/release/1879830,1982,"7"" - Archive 04 - [...J-M...]"
Kookies,Kookies,"Johnny Angel Wings",https://www.discogs.com/release/11224459,1974,"7"" - Archive 04 - [...J-M...]"
"Kool & The Gang","Kool & The Gang","(When You Say You Love Somebody) In The Heart",https://www.discogs.com/release/2163777,1984,"7"" - Archive 04 - [...J-M...]"
"Kool & The Gang","Kool & The Gang",Celebration,https://www.discogs.com/release/265408,1980,"7"" - Playlist - 03 [G-L...]"
"Kool & The Gang","Kool & The Gang","Cherish / Celebration",https://www.discogs.com/release/1355237,1985,"7"" - Playlist - 03 [G-L...]"
"Kool & The Gang","Kool & The Gang",Fresh,https://www.discogs.com/release/811498,1984,"7"" - Playlist - 03 [G-L...]"
"Kool & The Gang","Kool & The Gang","Get Down On It",https://www.discogs.com/release/9464436,1981,"7"" - Playlist - 03 [G-L...]"
"Kool & The Gang","Kool & The Gang","Hangin' Out (Remix)",https://www.discogs.com/release/2163726,1980,"7"" - Archive 04 - [...J-M...]"
"Kool & The Gang","Kool & The Gang","Hi De Hi, Hi De Ho",https://www.discogs.com/release/2202052,1982,"7"" - Archive 04 - [...J-M...]"
"Kool & The Gang","Kool & The Gang","Joanna / Tonight",https://www.discogs.com/release/478374,1984,"7"" - Playlist - 03 [G-L...]"
"Kool & The Gang","Kool & The Gang","Jones Vs Jones / Summer Madness / Funky Stuff / Hollywood Swinging",https://www.discogs.com/release/2142301,1980,"7"" - Archive 04 - [...J-M...]"
"Kool & The Gang","Kool & The Gang","Ladies Night",https://www.discogs.com/release/701526,1979,"7"" - Playlist - 03 [G-L...]"
"Kool & The Gang","Kool & The Gang","Ooh La La La (Let's Go Dancin')",https://www.discogs.com/release/12278685,1982,"7"" - Archive 04 - [...J-M...]"
"Kool & The Gang","Kool & The Gang","Steppin' Out",https://www.discogs.com/release/11562841,1981,"7"" - Archive 04 - [...J-M...]"
"Kool & The Gang","Kool & The Gang","Take It To The Top (Climbing)",https://www.discogs.com/release/1564596,1981,"7"" - Archive 04 - [...J-M...]"
"Kool & The Gang","Kool & The Gang","Take My Heart (You Can Have It If You Want It)",https://www.discogs.com/release/1740355,1982,"7"" - Playlist - 03 [G-L...]"
Korgis,Korgis,"Everybody's Got To Learn Sometime",https://www.discogs.com/release/5741203,1980,"7"" - Playlist - 03 [G-L...]"
Korgis,Korgis,"If I Had You",https://www.discogs.com/release/1865640,1979,"7"" - Archive 04 - [...J-M...]"
Kraftwerk,Kraftwerk,"Musique Non Stop",https://www.discogs.com/release/217353,1986,"7"" - Playlist - 03 [G-L...]"
Kraftwerk,Kraftwerk,"The Model / Computer Love",https://www.discogs.com/release/46275,1981,"7"" - Playlist - 03 [G-L...]"
Kraftwerk,Kraftwerk,"Tour De France",https://www.discogs.com/release/57523,1983,"7"" - Playlist - 03 [G-L...]"
"Kris Kristofferson","Kris Kristofferson","Watch Closely Now",https://www.discogs.com/release/6348610,1976,"7"" - Archive 04 - [...J-M...]"
"Kursaal Flyers","Kursaal Flyers","Little Does She Know",https://www.discogs.com/release/477365,1976,"7"" - Playlist - 03 [G-L...]"
"Kurtis Blow","Kurtis Blow","Christmas Rappin'",https://www.discogs.com/release/257722,1979,"7"" - Holiday [#,A-Z]"
"Kylie Minogue","Kylie Minogue","Better The Devil You Know",https://www.discogs.com/release/9012234,1990,"7"" - Playlist - 03 [G-L...]"
"Kylie Minogue","Kylie Minogue","Give Me Just A Little More Time",https://www.discogs.com/release/2396932,1992,"7"" - Playlist - 03 [G-L...]"
"Kylie Minogue","Kylie Minogue","Got To Be Certain",https://www.discogs.com/release/5501332,1988,"7"" - Playlist - 03 [G-L...]"
"Kylie Minogue","Kylie Minogue","Hand On Your Heart",https://www.discogs.com/release/15364103,1989,"7"" - Playlist - 03 [G-L...]"
"Kylie Minogue","Kylie Minogue","I Should Be So Lucky",https://www.discogs.com/release/255886,1987,"7"" - Playlist - 03 [G-L...]"
"Kylie Minogue","Kylie Minogue","Je Ne Sais Pas Pourquoi / Made In Heaven",https://www.discogs.com/release/1049712,1988,"7"" - Playlist - 03 [G-L...]"
"Kylie Minogue","Kylie Minogue","Never Too Late",https://www.discogs.com/release/6113129,1989,"7"" - Playlist - 03 [G-L...]"
"Kylie Minogue","Kylie Minogue","Step Back In Time",https://www.discogs.com/release/1450849,1990,"7"" - Playlist - 03 [G-L...]"
"Kylie Minogue","Kylie Minogue","Tears On My Pillow",https://www.discogs.com/release/2178027,1990,"7"" - Playlist - 03 [G-L...]"
"Kylie Minogue","Kylie Minogue","The Loco-Motion",https://www.discogs.com/release/540597,1988,"7"" - Playlist - 03 [G-L...]"
"Kylie Minogue","Kylie Minogue","Wouldn't Change A Thing",https://www.discogs.com/release/257589,1989,"7"" - Playlist - 03 [G-L...]"
"Kylie Minogue","Kylie Minogue And Jason Donovan","Especially For You",https://www.discogs.com/release/591278,1988,"7"" - Playlist - 03 [G-L...]"
"Kym Sims","Kym Sims","Too Blind To See It",https://www.discogs.com/release/506629,1991,"7"" - Playlist - 03 [G-L...]"
"L'Affaire Louis Trio","L'Affaire Louis Trio","Tout Mais Pas Ça",https://www.discogs.com/release/685932,1987,"7"" - Archive 04 - [...J-M...]"
"La La","La La","We'll Keep Striving",https://www.discogs.com/release/4456191,1987,"7"" - Archive 04 - [...J-M...]"
Labelle,Labelle,"Lady Marmalade",https://www.discogs.com/release/5646198,1977,"7"" - Playlist - 03 [G-L...]"
"Labi Siffre","Labi Siffre","(Something Inside) So Strong",https://www.discogs.com/release/4549167,1987,"7"" - Playlist - 03 [G-L...]"
"Labi Siffre","Labi Siffre","Crying, Laughing, Loving, Lying",https://www.discogs.com/release/2062965,1972,"7"" - Retro - 02 [H-R]"
"Labi Siffre","Labi Siffre","It Must Be Love ",https://www.discogs.com/release/5951922,1971,"7"" - Retro - 02 [H-R]"
Laceybuttonpoppers,Laceybuttonpoppers,"Jungle Ted And The Laceybuttonpoppers",https://www.discogs.com/release/16123199,1974,"7"" - Archive 04 - [...J-M...]"
"Lalo Schifrin","Lalo Schifrin",Jaws,https://www.discogs.com/release/4691881,1976,"7"" - Archive 04 - [...J-M...]"
Lambrettas,Lambrettas,"Poison Ivy",https://www.discogs.com/release/570008,1980,"7"" - Playlist - 03 [G-L...]"
Landscape,Landscape,"Einstein A Go-Go",https://www.discogs.com/release/4804467,1981,"7"" - Playlist - 03 [G-L...]"
"Larry Hagman","Larry Hagman","Ballad Of The Good Luck Charm",https://www.discogs.com/release/3184313,1980,"7"" - Archive 04 - [...J-M...]"
"Larry McCray","Larry McCray",Ambition,https://www.discogs.com/release/6058819,1990,"7"" - Archive 04 - [...J-M...]"
"Late Show","Late Show","Bristol Stomp",https://www.discogs.com/release/1455623,1979,"7"" - Retro - 02 [H-R]"
"Laura Branigan","Laura Branigan",Gloria,https://www.discogs.com/release/15159525,1982,"7"" - Playlist - 03 [G-L...]"
"Laura Branigan","Laura Branigan","Self Control",https://www.discogs.com/release/4107523,1984,"7"" - Playlist - 03 [G-L...]"
"Laurel & Hardy","Laurel & Hardy","The Trail Of The Lonesome Pine",https://www.discogs.com/release/1220741,1975,"7"" - Archive 04 - [...J-M...]"
"Laurel Aitken","Laurel Aitken","Why Can't I Touch You?",https://www.discogs.com/release/10860511,1970,"7"" - Archive 04 - [...J-M...]"
"Laurie Anderson","Laurie Anderson","O Superman",https://www.discogs.com/release/139190,1981,"7"" - Playlist - 03 [G-L...]"
"Laxton Ford","Laxton Ford","Dont Know Why",https://www.discogs.com/release/7414216,1978,"7"" - Archive 04 - [...J-M...]"
"Leapy Lee","Leapy Lee","Good Morning",https://www.discogs.com/release/3556389,1969,"7"" - Archive 04 - [...J-M...]"
"Leapy Lee","Leapy Lee","Little Yellow Aeroplane",https://www.discogs.com/release/10557154,1969,"7"" - Archive 04 - [...J-M...]"
"Led Zeppelin","Led Zeppelin","Black Dog",https://www.discogs.com/release/2802279,1975,"7"" - Archive 04 - [...J-M...]"
"Led Zeppelin","Led Zeppelin","Candy Store Rock  /  Royal Orleans ",https://www.discogs.com/release/2306270,1976,"7"" - Archive 04 - [...J-M...]"
"Led Zeppelin","Led Zeppelin","D'Yer Maker",https://www.discogs.com/release/3100325,1976,"7"" - Archive 04 - [...J-M...]"
"Led Zeppelin","Led Zeppelin","Immigrant Song",https://www.discogs.com/release/654356,1974,"7"" - Retro - 02 [H-R]"
"Led Zeppelin","Led Zeppelin","Rock And Roll / Four Sticks",https://www.discogs.com/release/12709322,"","7"" - Archive 04 - [...J-M...]"
"Led Zeppelin","Led Zeppelin","Trampled Under Foot",https://www.discogs.com/release/4022944,1975,"7"" - Archive 04 - [...J-M...]"
"Led Zeppelin","Led Zeppelin","Whole Lotta Love / Living Loving Maid (She's Just A Woman)",https://www.discogs.com/release/6156881,1973,"7"" - Retro - 02 [H-R]"
"Lee Dorsey","Lee Dorsey","Ride Your Pony ",https://www.discogs.com/release/2309496,1965,"7"" - Archive 04 - [...J-M...]"
"Lee Garrett","Lee Garrett","You're My Everything",https://www.discogs.com/release/1297091,1976,"7"" - Archive 04 - [...J-M...]"
"Lee Majors","Lee Majors","Unknown Stuntman",https://www.discogs.com/release/3122475,1982,"7"" - Archive 04 - [...J-M...]"
"Lee Marvin / Clint Eastwood","Lee Marvin / Clint Eastwood","Wand'rin' Star / I Talk To The Trees",https://www.discogs.com/release/1782107,1969,"7"" - Retro - 02 [H-R]"
"Leif Garrett","Leif Garrett","I Was Made For Dancin'",https://www.discogs.com/release/2940431,1978,"7"" - Archive 04 - [...J-M...]"
"Lemon Pipers","Lemon Pipers","Green Tambourine",https://www.discogs.com/release/7011608,1974,"7"" - Retro - 02 [H-R]"
"Lena Martell","Lena Martell","After All Is Said And Done",https://www.discogs.com/release/2631760,1975,"7"" - Archive 04 - [...J-M...]"
"Lena Martell","Lena Martell","One Day At A Time",https://www.discogs.com/release/4506068,1977,"7"" - Archive 04 - [...J-M...]"
"Lena Zavaroni","Lena Zavaroni","Ma! (He's Making Eyes At Me)",https://www.discogs.com/release/3420952,1974,"7"" - Archive 04 - [...J-M...]"
"Lene Lovich","Lene Lovich",Angels,https://www.discogs.com/release/440734,1980,"7"" - Playlist - 03 [G-L...]"
"Lene Lovich","Lene Lovich","Bird Song",https://www.discogs.com/release/5747427,1979,"7"" - Playlist - 03 [G-L...]"
"Lene Lovich","Lene Lovich","Lucky Number",https://www.discogs.com/release/141196,1978,"7"" - Playlist - 03 [G-L...]"
"Lene Lovich","Lene Lovich","Say When",https://www.discogs.com/release/3134695,1979,"7"" - Playlist - 03 [G-L...]"
"Lenny Kravitz","Lenny Kravitz","It Ain’t Over ’Til It’s Over",https://www.discogs.com/release/1902835,1991,"7"" - Playlist - 04 [...L-P...]"
"Leo Sayer","Leo Sayer","Have You Ever Been In Love",https://www.discogs.com/release/8763180,1982,"7"" - Archive 04 - [...J-M...]"
"Leo Sayer","Leo Sayer","Heart (Stop Beating In Time)",https://www.discogs.com/release/5577354,1982,"7"" - Archive 04 - [...J-M...]"
"Leo Sayer","Leo Sayer","How Much Love",https://www.discogs.com/release/2071158,1977,"7"" - Archive 04 - [...J-M...]"
"Leo Sayer","Leo Sayer","I Can't Stop Loving You (Though I Try)",https://www.discogs.com/release/3016112,1978,"7"" - Archive 04 - [...J-M...]"
"Leo Sayer","Leo Sayer","Long Tall Glasses",https://www.discogs.com/release/479261,1974,"7"" - Archive 04 - [...J-M...]"
"Leo Sayer","Leo Sayer",Moonlighting,https://www.discogs.com/release/1434233,1975,"7"" - Archive 04 - [...J-M...]"
"Leo Sayer","Leo Sayer","More Than I Can Say",https://www.discogs.com/release/4793986,1980,"7"" - Archive 04 - [...J-M...]"
"Leo Sayer","Leo Sayer","One Man Band",https://www.discogs.com/release/8540170,1974,"7"" - Archive 04 - [...J-M...]"
"Leo Sayer","Leo Sayer","Orchard Road",https://www.discogs.com/release/524400,1983,"7"" - Archive 04 - [...J-M...]"
"Leo Sayer","Leo Sayer","The Show Must Go On",https://www.discogs.com/release/3220044,1973,"7"" - Archive 04 - [...J-M...]"
"Leo Sayer","Leo Sayer","Thunder In My Heart",https://www.discogs.com/release/1434228,1977,"7"" - Archive 04 - [...J-M...]"
"Leo Sayer","Leo Sayer","Unchained Melody",https://www.discogs.com/release/2470914,1986,"7"" - Archive 04 - [...J-M...]"
"Leo Sayer","Leo Sayer","When I Need You",https://www.discogs.com/release/14986906,1976,"7"" - Retro - 02 [H-R]"
"Leo Sayer","Leo Sayer","You Make Me Feel Like Dancing",https://www.discogs.com/release/1667030,1976,"7"" - Retro - 02 [H-R]"
"Leroy Brown","Leroy Brown","One Woman Man",https://www.discogs.com/release/2420315,1975,"7"" - Archive 04 - [...J-M...]"
"Les Dawson","Les Dawson","Send Her Roses / I'm Just Another Sweetheart",https://www.discogs.com/release/7664069,1969,"7"" - Archive 04 - [...J-M...]"
"Les Humphries Singers","Les Humphries Singers","Mama Loo / I'm From The South, I'm From Ge-o-orgia",https://www.discogs.com/release/965681,1973,"7"" - Archive 04 - [...J-M...]"
"Les Malcolm","Les Malcolm","Help Me Make It Through The Night",https://www.discogs.com/release/6936188,1978,"7"" - Archive 04 - [...J-M...]"
"Lesley Duncan","Lesley Duncan","Could've Been A Winner",https://www.discogs.com/release/6136550,1975,"7"" - Archive 04 - [...J-M...]"
"Letitia Dean And Paul Medford","Letitia Dean And Paul Medford","Something Outa Nothing",https://www.discogs.com/release/1142593,1986,"7"" - Archive 04 - [...J-M...]"
"Level 42","Level 42","(Flying On The) Wings Of Love",https://www.discogs.com/release/6043906,1980,"7"" - Archive 04 - [...J-M...]"
"Level 42","Level 42","Are You Hearing (What I Hear)?",https://www.discogs.com/release/936510,1982,"7"" - Archive 04 - [...J-M...]"
"Level 42","Level 42","Children Say",https://www.discogs.com/release/937935,1987,"7"" - Archive 04 - [...J-M...]"
"Level 42","Level 42","Hot Water",https://www.discogs.com/release/937186,1984,"7"" - Playlist - 04 [...L-P...]"
"Level 42","Level 42","Lessons In Love",https://www.discogs.com/release/1389671,1986,"7"" - Playlist - 04 [...L-P...]"
"Level 42","Level 42","Lessons In Love / Something About You",https://www.discogs.com/release/937202,1986,"7"" - Archive 04 - [...J-M...]"
"Level 42","Level 42","Love Meeting Love",https://www.discogs.com/release/1793845,1980,"7"" - Archive 04 - [...J-M...]"
"Level 42","Level 42","Running In The Family",https://www.discogs.com/release/1389752,1987,"7"" - Playlist - 04 [...L-P...]"
"Level 42","Level 42","Something About You",https://www.discogs.com/release/937192,1985,"7"" - Playlist - 04 [...L-P...]"
"Level 42","Level 42","The Sun Goes Down (Living It Up)",https://www.discogs.com/release/936999,1983,"7"" - Playlist - 04 [...L-P...]"
"Level 42","Level 42","To Be With You Again",https://www.discogs.com/release/5129620,1987,"7"" - Playlist - 04 [...L-P...]"
"Leyton Buzzards","Leyton Buzzards","Saturday Night Beneath The Plastic Palm Trees",https://www.discogs.com/release/702659,1979,"7"" - Playlist - 04 [...L-P...]"
"Lieutenant Pigeon","Lieutenant Pigeon","Mouldy Old Dough",https://www.discogs.com/release/530421,1972,"7"" - Retro - 02 [H-R]"
"Light Of The World","Light Of The World","Ride The Love Train",https://www.discogs.com/release/985884,1981,"7"" - Archive 04 - [...J-M...]"
Limahl,Limahl,"Only For Love",https://www.discogs.com/release/1415104,1983,"7"" - Archive 04 - [...J-M...]"
Limahl,Limahl,"The Never Ending Story",https://www.discogs.com/release/141193,1984,"7"" - Playlist - 04 [...L-P...]"
"Limmie & Family Cookin'","Limmie & Family Cookin'","You Can Do Magic",https://www.discogs.com/release/3253279,1973,"7"" - Retro - 02 [H-R]"
"Linda Carr & The Love Squad","Linda Carr & The Love Squad",Highwire,https://www.discogs.com/release/1755373,1975,"7"" - Archive 04 - [...J-M...]"
"Linda Clifford","Linda Clifford","Bridge Over Troubled Water",https://www.discogs.com/release/3750535,1979,"7"" - Archive 04 - [...J-M...]"
"Linda Fields & The Funky Boys","Linda Fields & The Funky Boys","Climbing The Steps Of Love",https://www.discogs.com/release/2156706,1976,"7"" - Archive 04 - [...J-M...]"
"Linda Fields & The Funky Boys","Linda Fields & The Funky Boys","Sold My Rock 'n' Roll (Gave It For Funky Soul)",https://www.discogs.com/release/1505066,1976,"7"" - Archive 04 - [...J-M...]"
"Linda Lewis","Linda Lewis","Baby I'm Yours ",https://www.discogs.com/release/1258938,1976,"7"" - Archive 04 - [...J-M...]"
"Linda Lewis","Linda Lewis","It's In His Kiss",https://www.discogs.com/release/1265230,1975,"7"" - Archive 04 - [...J-M...]"
"Linda Lewis","Linda Lewis","This Time I'll Be Sweeter",https://www.discogs.com/release/1997683,1976,"7"" - Archive 04 - [...J-M...]"
"Linda Lewis","Linda Lewis","Winter Wonderland",https://www.discogs.com/release/1969618,1976,"7"" - Archive 04 - [...J-M...]"
"Linda Ronstadt And James Ingram","Linda Ronstadt And James Ingram","Somewhere Out There",https://www.discogs.com/release/1140376,1987,"7"" - Archive 04 - [...J-M...]"
"Linda Ronstadt Featuring Aaron Neville","Linda Ronstadt Featuring Aaron Neville","Don't Know Much",https://www.discogs.com/release/5645611,1989,"7"" - Archive 04 - [...J-M...]"
Lindisfarne,Lindisfarne,"Brand New Day",https://www.discogs.com/release/2179802,1978,"7"" - Retro - 02 [H-R]"
Lindisfarne,Lindisfarne,"Fog On The Tyne",https://www.discogs.com/release/2165441,1974,"7"" - Retro - 02 [H-R]"
Lindisfarne,Lindisfarne,"Juke Box Gypsy",https://www.discogs.com/release/9209786,1978,"7"" - Retro - 02 [H-R]"
Lindisfarne,Lindisfarne,"Lady Eleanor / Fog On The Tyne",https://www.discogs.com/release/6431436,1975,"7"" - Retro - 02 [H-R]"
Lindisfarne,Lindisfarne,"Meet Me On The Corner",https://www.discogs.com/release/7208994,1972,"7"" - Retro - 02 [H-R]"
Lindisfarne,Lindisfarne,"Run For Home",https://www.discogs.com/release/4257090,1978,"7"" - Retro - 02 [H-R]"
"Linton Kwesi Johnson","Linton Kwesi Johnson","Sonny's Lettah",https://www.discogs.com/release/4071758,1979,"7"" - Playlist - 04 [...L-P...]"
"Linval Thompson","Linval Thompson","La La Means I Love You",https://www.discogs.com/release/4936467,1980,"7"" - Archive 04 - [...J-M...]"
Linx,Linx,Intuition,https://www.discogs.com/release/817429,1981,"7"" - Archive 04 - [...J-M...]"
Linx,Linx,"So This Is Romance",https://www.discogs.com/release/12734194,1981,"7"" - Archive 04 - [...J-M...]"
Linx,Linx,"You're Lying",https://www.discogs.com/release/222563,1980,"7"" - Archive 04 - [...J-M...]"
"Lionel Richie","Lionel Richie","All Night Long (All Night)",https://www.discogs.com/release/4829325,1983,"7"" - Playlist - 04 [...L-P...]"
"Lionel Richie","Lionel Richie","Dancing On The Ceiling",https://www.discogs.com/release/2110236,1986,"7"" - Playlist - 04 [...L-P...]"
"Lionel Richie","Lionel Richie",Hello,https://www.discogs.com/release/6870399,1983,"7"" - Playlist - 04 [...L-P...]"
"Lionel Richie","Lionel Richie","Running With The Night (Special Remix)",https://www.discogs.com/release/9148539,1983,"7"" - Playlist - 04 [...L-P...]"
"Lionel Richie","Lionel Richie","Say You, Say Me",https://www.discogs.com/release/11673034,1985,"7"" - Playlist - 04 [...L-P...]"
"Lionel Richie","Lionel Richie","Stuck On You",https://www.discogs.com/release/2101405,1984,"7"" - Playlist - 04 [...L-P...]"
"Lipps, Inc.","Lipps, Inc.",Funkytown,https://www.discogs.com/release/141200,1980,"7"" - Playlist - 04 [...L-P...]"
"Liquid Gold","Liquid Gold","Anyway You Do It",https://www.discogs.com/release/2333675,1978,"7"" - Archive 04 - [...J-M...]"
"Liquid Gold","Liquid Gold","Dance Yourself Dizzy",https://www.discogs.com/release/876703,1980,"7"" - Playlist - 04 [...L-P...]"
"Liquid Gold","Liquid Gold",Substitute,https://www.discogs.com/release/10328155,1980,"7"" - Playlist - 04 [...L-P...]"
"Lisa Lisa & Cult Jam With Full Force","Lisa Lisa & Cult Jam With Full Force","I Wonder If I Take You Home",https://www.discogs.com/release/730685,1985,"7"" - Archive 04 - [...J-M...]"
"Lisa Stansfield","Lisa Stansfield","All Around The World",https://www.discogs.com/release/7058695,1989,"7"" - Playlist - 04 [...L-P...]"
"Lisa Stansfield","Lisa Stansfield",Change,https://www.discogs.com/release/453104,1991,"7"" - Playlist - 04 [...L-P...]"
"Lisa Stansfield","Lisa Stansfield","Live Together",https://www.discogs.com/release/12621366,1990,"7"" - Playlist - 04 [...L-P...]"
"Lisa Stansfield","Lisa Stansfield","So Natural",https://www.discogs.com/release/2467796,1993,"7"" - Playlist - 04 [...L-P...]"
"Lisa Stansfield","Lisa Stansfield","Someday (I'm Coming Back)",https://www.discogs.com/release/5315058,1992,"7"" - Playlist - 04 [...L-P...]"
"Lisa Stansfield","Lisa Stansfield","The Only Way",https://www.discogs.com/release/1755213,1982,"7"" - Playlist - 04 [...L-P...]"
"Lisa Stansfield","Lisa Stansfield","This Is The Right Time",https://www.discogs.com/release/7082171,1989,"7"" - Playlist - 04 [...L-P...]"
"Little Beaver","Little Beaver","Party Down",https://www.discogs.com/release/2271588,1974,"7"" - Archive 04 - [...J-M...]"
"Little Eva","Little Eva","Let's Turkey Trot / Old Smokey Locomotion",https://www.discogs.com/release/7904443,1963,"7"" - Retro - 02 [H-R]"
"Little Eva","Little Eva","The Loco-Motion",https://www.discogs.com/release/12755018,1962,"7"" - Retro - 02 [H-R]"
"Little Richard","Little Richard","Baby Face",https://www.discogs.com/release/586719,1958,"7"" - Retro - 02 [H-R]"
"Little Richard And His Band","Little Richard And His Band","Jenny, Jenny / Miss Ann",https://www.discogs.com/release/10413032,1957,"7"" - Retro - 02 [H-R]"
"Little Richard And His Band","Little Richard And His Band","Little Richard And His Band",https://www.discogs.com/release/3264880,1962,"7"" - Retro - 02 [H-R]"
"Liverpool Express","Liverpool Express","Dreamin'",https://www.discogs.com/release/12676355,1977,"7"" - Archive 04 - [...J-M...]"
"Liverpool Express","Liverpool Express","Every Man Must Have A Dream",https://www.discogs.com/release/1297067,1976,"7"" - Archive 04 - [...J-M...]"
"Liverpool Express","Liverpool Express","Hold Tight",https://www.discogs.com/release/2018901,1976,"7"" - Archive 04 - [...J-M...]"
"Liverpool Express","Liverpool Express","You Are My Love",https://www.discogs.com/release/9056895,1976,"7"" - Archive 04 - [...J-M...]"
"Living Colour","Living Colour","Love Rears Its Ugly Head",https://www.discogs.com/release/7839934,1991,"7"" - Archive 04 - [...J-M...]"
"Living In A Box","Living In A Box","Blow The House Down",https://www.discogs.com/release/1510161,1989,"7"" - Playlist - 04 [...L-P...]"
"Living In A Box","Living In A Box","Living In A Box",https://www.discogs.com/release/1415136,1987,"7"" - Playlist - 04 [...L-P...]"
"Living In A Box","Living In A Box","Room In Your Heart",https://www.discogs.com/release/676275,1989,"7"" - Playlist - 04 [...L-P...]"
"Living Strings / Noel Edmonds","Living Strings / Noel Edmonds","Lara's Theme / Noel Edmonds Introduces Record Year And 'The Day They Remembered'",https://www.discogs.com/release/3291516,1980,"7"" - Archive 04 - [...J-M...]"
"Liza Minnelli","Liza Minnelli","Losing My Mind",https://www.discogs.com/release/151545,1989,"7"" - Playlist - 04 [...L-P...]"
"Lloyd Cole & The Commotions","Lloyd Cole & The Commotions","Brand New Friend",https://www.discogs.com/release/8870896,1985,Uncategorized
"Lloyd Cole & The Commotions","Lloyd Cole & The Commotions","Lost Weekend",https://www.discogs.com/release/6973680,1985,"7"" - Playlist - 04 [...L-P...]"
"Lloyd Cole & The Commotions","Lloyd Cole & The Commotions","Perfect Skin",https://www.discogs.com/release/418540,1984,Uncategorized
Lobo,Lobo,"The Caribbean Disco Show",https://www.discogs.com/release/3146401,1981,"7"" - Archive 04 - [...J-M...]"
Lobo,Lobo,"At First Sight",https://www.discogs.com/release/10243396,1977,"7"" - Archive 04 - [...J-M...]"
Lobo,Lobo,"I'd Love You To Want Me",https://www.discogs.com/release/1470018,1974,"7"" - Archive 04 - [...J-M...]"
Lobo,Lobo,"Me And You And A Dog Named Boo",https://www.discogs.com/release/10120781,1971,"7"" - Retro - 02 [H-R]"
"Lon Dhoo Choir & The Lon Vane Choir","Lon Dhoo Choir & The Lon Vane Choir","Ellan Vannin",https://www.discogs.com/release/19127521,"","7"" - Archive 04 - [...J-M...]"
"London Boys","London Boys","Harlem Desire",https://www.discogs.com/release/174451,1989,"7"" - Playlist - 04 [...L-P...]"
"London Boys","London Boys","London Nights",https://www.discogs.com/release/234629,1989,"7"" - Playlist - 04 [...L-P...]"
"London Boys","London Boys",Requiem,https://www.discogs.com/release/9771827,1988,"7"" - Playlist - 04 [...L-P...]"
"London Pipes And Choir","London Pipes And Choir",Arrival,https://www.discogs.com/release/1469928,1977,"7"" - Archive 04 - [...J-M...]"
"London String Chorale","London String Chorale","Galloping Home",https://www.discogs.com/release/1905526,1972,"7"" - Archive 04 - [...J-M...]"
"London Symphony Orchestra","London Symphony Orchestra","Theme From Superman (Main Title)",https://www.discogs.com/release/1386207,1978,"7"" - Archive 04 - [...J-M...]"
Londonbeat,Londonbeat,"9 A.M.",https://www.discogs.com/release/5741842,1988,"7"" - Playlist - 04 [...L-P...]"
Londonbeat,Londonbeat,"A Better Love",https://www.discogs.com/release/1893582,1991,"7"" - Playlist - 04 [...L-P...]"
Londonbeat,Londonbeat,"I've Been Thinking About You",https://www.discogs.com/release/2857209,1990,"7"" - Playlist - 04 [...L-P...]"
"Long John Baldry","Long John Baldry","Let The Heartaches Begin",https://www.discogs.com/release/3676697,1967,"7"" - Archive 04 - [...J-M...]"
"Long John Baldry","Long John Baldry","This Boy's In Love Again",https://www.discogs.com/release/2976179,1976,"7"" - Archive 04 - [...J-M...]"
"Lonnie Donegan","Lonnie Donegan","The Comancheros",https://www.discogs.com/release/8293162,1962,"7"" - Archive 04 - [...J-M...]"
"Lonnie Donegan","Lonnie Donegan","The Party's Over",https://www.discogs.com/release/8231829,1962,"7"" - Archive 04 - [...J-M...]"
"Lonnie Donegan","Lonnie Donegan","Virgin Mary",https://www.discogs.com/release/785866,1960,"7"" - Archive 04 - [...J-M...]"
"Lonnie Donegan's Skiffle Group","Lonnie Donegan's Skiffle Group","My Old Man's A Dustman",https://www.discogs.com/release/4852027,1960,"7"" - Novelty [#,A-Z]"
"Lonnie Donegan's Skiffle Group","Lonnie Donegan's Skiffle Group","Tom Dooley",https://www.discogs.com/release/8229409,1958,"7"" - Archive 04 - [...J-M...]"
"Lonnie Gordon","Lonnie Gordon","Happenin' All Over Again",https://www.discogs.com/release/178915,1990,"7"" - Playlist - 04 [...L-P...]"
Look,Look,"I Am The Beat",https://www.discogs.com/release/18202741,1980,"7"" - Playlist - 04 [...L-P...]"
"Loose Ends","Loose Ends","Golden Years",https://www.discogs.com/release/821109,1985,"7"" - Archive 04 - [...J-M...]"
"Loose Ends","Loose Ends","Hangin' On A String (Contemplating)",https://www.discogs.com/release/259024,1985,"7"" - Archive 04 - [...J-M...]"
"Loose Ends","Loose Ends","Slow Down",https://www.discogs.com/release/1079347,1986,"7"" - Archive 04 - [...J-M...]"
"Lord Creator","Lord Creator","Big Bamboo",https://www.discogs.com/release/6435395,1964,"7"" - Archive 04 - [...J-M...]"
"Loredana Bertè","Loredana Bertè","E La Luna Bussò",https://www.discogs.com/release/1767504,1979,"7"" - Playlist - 04 [...L-P...]"
"Lori & The Chameleons","Lori & The Chameleons",Touch,https://www.discogs.com/release/361961,1979,"7"" - Playlist - 04 [...L-P...]"
"Lorne Gibson Trio","Lorne Gibson Trio","Some Do, Some Don't (Some Will, Some Won't)",https://www.discogs.com/release/1990362,1963,"7"" - Archive 04 - [...J-M...]"
"Lorrie Morgan","Lorrie Morgan","Hand Over Your Heart",https://www.discogs.com/release/30058102,1990,"7"" - Archive 04 - [...J-M...]"
"Los Diablos","Los Diablos","Un Rayo De Sol",https://www.discogs.com/release/5169959,1970,"7"" - Archive 04 - [...J-M...]"
"Los Indios Tabajaras","Los Indios Tabajaras","Maria Elena",https://www.discogs.com/release/7065793,"","7"" - Archive 04 - [...J-M...]"
"Los Indios Tabajaras","Los Indios Tabajaras","Maria Elena",https://www.discogs.com/release/8319392,1963,"7"" - Archive 04 - [...J-M...]"
"Los Lobos","Los Lobos","Come On, Let's Go",https://www.discogs.com/release/2230151,1987,"7"" - Archive 04 - [...J-M...]"
"Los Lobos","Los Lobos","La Bamba",https://www.discogs.com/release/594252,1987,"7"" - Playlist - 04 [...L-P...]"
"Los Machucambos","Los Machucambos",Pepito,https://www.discogs.com/release/1479870,1961,"7"" - Archive 04 - [...J-M...]"
"Lotus Eaters","Lotus Eaters","The First Picture Of You",https://www.discogs.com/release/1024844,1983,"7"" - Playlist - 04 [...L-P...]"
"Lou Rawls","Lou Rawls","What's The Matter With The World",https://www.discogs.com/release/14995345,1979,"7"" - Archive 04 - [...J-M...]"
"Lou Reed","Lou Reed","Walk On The Wild Side",https://www.discogs.com/release/5036448,1972,"7"" - Playlist - 04 [...L-P...]"
"Louis Armstrong And His All-Stars","Louis Armstrong And His All-Stars","The Sunshine Of Love",https://www.discogs.com/release/8520214,1968,"7"" - Retro - 02 [H-R]"
"Louis Armstrong Orchestra & Chorus / Louis Armstrong And His All-Stars","Louis Armstrong Orchestra & Chorus / Louis Armstrong And His All-Stars","What A Wonderful World / Cabaret",https://www.discogs.com/release/4224699,1967,"7"" - Retro - 02 [H-R]"
"Louis Clark Conducting The Royal Philharmonic Orchestra","Louis Clark Conducting The Royal Philharmonic Orchestra","Hooked On A Can Can",https://www.discogs.com/release/22345537,1981,"7"" - Archive 04 - [...J-M...]"
"Louis Jordan And His Tympany Five","Louis Jordan And His Tympany Five","Saturday Night Fish Fry",https://www.discogs.com/release/11227650,1980,"7"" - Archive 04 - [...J-M...]"
"Louise Goffin","Louise Goffin","Remember (Walking In The Sand)",https://www.discogs.com/release/7973996,1979,"7"" - Archive 04 - [...J-M...]"
"Love Affair","Love Affair","Everlasting Love",https://www.discogs.com/release/1135854,1967,"7"" - Retro - 02 [H-R]"
"Love And Money","Love And Money","Jocelyn Square",https://www.discogs.com/release/2803475,1989,"7"" - Archive 04 - [...J-M...]"
"Love Bite","Love Bite","Killer Jaws",https://www.discogs.com/release/3355298,1976,"7"" - Archive 04 - [...J-M...]"
"Love Unlimited","Love Unlimited","Walkin' In The Rain With The One I Love",https://www.discogs.com/release/727400,1972,"7"" - Retro - 02 [H-R]"
"Love Unlimited Orchestra","Love Unlimited Orchestra","Love's Theme",https://www.discogs.com/release/4370488,1973,"7"" - Retro - 02 [H-R]"
"Love Unlimited Orchestra","Love Unlimited Orchestra","My Sweet Summer Suite",https://www.discogs.com/release/3338992,1976,"7"" - Archive 04 - [...J-M...]"
"Lovebug Starski","Lovebug Starski","Amityville (The House On The Hill)",https://www.discogs.com/release/1186967,1986,"7"" - Playlist - 04 [...L-P...]"
"Lovely Previn","Lovely Previn","From A To B",https://www.discogs.com/release/1841885,1981,"7"" - Archive 04 - [...J-M...]"
Lovers,Lovers,Discomania,https://www.discogs.com/release/3757514,1977,"7"" - Archive 04 - [...J-M...]"
"Lovin' Spoonful","Lovin' Spoonful","Rain On The Roof",https://www.discogs.com/release/5873914,1966,"7"" - Archive 04 - [...J-M...]"
"Luciano Pavarotti","Luciano Pavarotti","Nessun Dorma",https://www.discogs.com/release/712529,1990,"7"" - Playlist - 04 [...L-P...]"
"Luis Alberto Del Parana y Los Paraguayos","Luis Alberto Del Parana y Los Paraguayos","Buenas Noches Mi Amor",https://www.discogs.com/release/17580703,"","7"" - Archive 04 - [...J-M...]"
"Luis Alberto del Parana y Los Paraguayos","Luis Alberto del Parana y Los Paraguayos","Los Paraguayos Extraordinaire",https://www.discogs.com/release/4522867,1972,"7"" - Archive 04 - [...J-M...]"
Lulu,Lulu,Boy,https://www.discogs.com/release/7211068,1968,"7"" - Archive 04 - [...J-M...]"
Lulu,Lulu,"Take Your Mama For A Ride (Part 1)",https://www.discogs.com/release/1612989,1975,"7"" - Archive 04 - [...J-M...]"
Lulu,Lulu,"The Man Who Sold The World",https://www.discogs.com/release/11469427,1974,"7"" - Retro - 02 [H-R]"
Lulu,Lulu,"The Man With The Golden Gun",https://www.discogs.com/release/6211143,1974,"7"" - Retro - 02 [H-R]"
"Lulu And The Luvvers","Lulu And The Luvvers",Shout,https://www.discogs.com/release/1627444,1986,"7"" - Retro - 02 [H-R]"
"Luna Twist","Luna Twist","Look Out (You're Falling In Love Again)",https://www.discogs.com/release/2319631,1982,"7"" - Archive 04 - [...J-M...]"
Lurkers,Lurkers,"Just Thirteen",https://www.discogs.com/release/658184,1979,"7"" - Playlist - 04 [...L-P...]"
Lurkers,Lurkers,"Out In The Dark",https://www.discogs.com/release/1964292,1979,"7"" - Playlist - 04 [...L-P...]"
"Luther Vandross","Luther Vandross","I Really Didn't Mean It",https://www.discogs.com/release/649988,1987,"7"" - Archive 04 - [...J-M...]"
"Luther Vandross","Luther Vandross","So Amazing",https://www.discogs.com/release/3670813,1987,"7"" - Archive 04 - [...J-M...]"
"Luv'","Luv'","Trojan Horse",https://www.discogs.com/release/13495994,1979,"7"" - Archive 04 - [...J-M...]"
"Lydia Murdock","Lydia Murdock","Love On The Line",https://www.discogs.com/release/7613825,1984,"7"" - Archive 04 - [...J-M...]"
"Lyn Paul","Lyn Paul","Here Comes That Wonderful Feeling",https://www.discogs.com/release/2470513,1975,"7"" - Archive 04 - [...J-M...]"
"Lyn Paul","Lyn Paul","Sail The Summer Winds",https://www.discogs.com/release/2470424,1974,"7"" - Archive 04 - [...J-M...]"
"Lynn Anderson","Lynn Anderson","Rose Garden",https://www.discogs.com/release/4222286,1971,"7"" - Retro - 02 [H-R]"
"Lynn Anderson","Lynn Anderson","You're My Man",https://www.discogs.com/release/6437310,1971,"7"" - Archive 04 - [...J-M...]"
"Lynn Cornell","Lynn Cornell","Never On Sunday",https://www.discogs.com/release/8134067,1960,"7"" - Retro - 02 [H-R]"
"Lynne Hamilton","Lynne Hamilton","On The Inside (The Original TV Theme From ""Prisoner Cell Block H"")",https://www.discogs.com/release/2350115,1989,"7"" - Archive 04 - [...J-M...]"
"Lynsey De Paul","Lynsey De Paul","No Honestly",https://www.discogs.com/release/652771,1974,"7"" - Archive 04 - [...J-M...]"
"Lynsey De Paul","Lynsey De Paul","Rhythm And Blue Jean Baby",https://www.discogs.com/release/2107918,1975,"7"" - Archive 04 - [...J-M...]"
"Lynsey De Paul","Lynsey De Paul","Sugar Me",https://www.discogs.com/release/1856249,1972,"7"" - Archive 04 - [...J-M...]"
"Lynsey De Paul","Lynsey De Paul","Won't Somebody Dance With Me",https://www.discogs.com/release/966354,1973,"7"" - Archive 04 - [...J-M...]"
"Lynyrd Skynyrd","Lynyrd Skynyrd","Free Bird",https://www.discogs.com/release/6750686,1979,"7"" - Playlist - 04 [...L-P...]"
M,M,"Pop Muzik",https://www.discogs.com/release/1936329,1979,"7"" - Playlist - 04 [...L-P...]"
"M & O Band","M & O Band","Let's Do The Latin Hustle",https://www.discogs.com/release/1742104,1976,"7"" - Archive 04 - [...J-M...]"
"M + M","M + M","Black Stations / White Stations",https://www.discogs.com/release/80109,1984,"7"" - Archive 04 - [...J-M...]"
"Mac And Katie Kissoon","Mac And Katie Kissoon","I'm Just Dreaming",https://www.discogs.com/release/3561854,1975,"7"" - Archive 04 - [...J-M...]"
"Mac And Katie Kissoon","Mac And Katie Kissoon","Sugar Candy Kisses",https://www.discogs.com/release/3121213,1974,"7"" - Archive 04 - [...J-M...]"
"Mac Davis","Mac Davis","Baby Don't Get Hooked On Me",https://www.discogs.com/release/2012467,1972,"7"" - Archive 04 - [...J-M...]"
"Mac Davis","Mac Davis","It's Hard To Be Humble",https://www.discogs.com/release/2471057,1980,"7"" - Archive 04 - [...J-M...]"
Machine,Machine,"Power And Reason / Thunder, Lightning And Rain",https://www.discogs.com/release/4822905,1980,"7"" - Archive 04 - [...J-M...]"
"Maclean And Maclean","Maclean And Maclean","Dolli Parten's Tits",https://www.discogs.com/release/2704041,1981,"7"" - Novelty [#,A-Z]"
"Made In England Featuring Ray Dorset","Made In England Featuring Ray Dorset",Prospects,https://www.discogs.com/release/673417,1986,"7"" - Archive 04 - [...J-M...]"
Madness,Madness,"Baggy Trousers",https://www.discogs.com/release/370489,1980,"7"" - Playlist - 04 [...L-P...]"
Madness,Madness,"Cardiac Arrest",https://www.discogs.com/release/1823019,1982,"7"" - Playlist - 04 [...L-P...]"
Madness,Madness,"Driving In My Car",https://www.discogs.com/release/7349117,1982,"7"" - Playlist - 04 [...L-P...]"
Madness,Madness,Embarrassment,https://www.discogs.com/release/401157,1980,"7"" - Playlist - 04 [...L-P...]"
Madness,Madness,"Grey Day",https://www.discogs.com/release/401158,1981,"7"" - Playlist - 04 [...L-P...]"
Madness,Madness,"House Of Fun",https://www.discogs.com/release/401155,1982,"7"" - Playlist - 04 [...L-P...]"
Madness,Madness,"It Must Be Love",https://www.discogs.com/release/396586,1981,"7"" - Playlist - 04 [...L-P...]"
Madness,Madness,"Michael Caine",https://www.discogs.com/release/1306527,1984,"7"" - Playlist - 04 [...L-P...]"
Madness,Madness,"My Girl",https://www.discogs.com/release/412941,1979,"7"" - Playlist - 04 [...L-P...]"
Madness,Madness,"One Step Beyond...",https://www.discogs.com/release/384982,1979,"7"" - Playlist - 04 [...L-P...]"
Madness,Madness,"Our House",https://www.discogs.com/release/389856,1982,"7"" - Playlist - 04 [...L-P...]"
Madness,Madness,"The Prince",https://www.discogs.com/release/1491844,1979,"7"" - Playlist - 04 [...L-P...]"
Madness,Madness,"The Return Of The Los Palmas 7",https://www.discogs.com/release/1919795,1981,"7"" - Playlist - 04 [...L-P...]"
Madness,Madness,"The Sun And The Rain",https://www.discogs.com/release/427354,1983,"7"" - Playlist - 04 [...L-P...]"
Madness,Madness,"Tomorrow's (Just Another Day) / Madness (Is All In The Mind)",https://www.discogs.com/release/6673335,1983,"7"" - Playlist - 04 [...L-P...]"
Madness,Madness,"Wings Of A Dove",https://www.discogs.com/release/404890,1983,"7"" - Playlist - 04 [...L-P...]"
Madness,Madness,"Work Rest & Play",https://www.discogs.com/release/478091,1980,"7"" - Playlist - 04 [...L-P...]"
Madonna,Madonna,Angel,https://www.discogs.com/release/4454750,1985,"7"" - Playlist - 04 [...L-P...]"
Madonna,Madonna,Borderline,https://www.discogs.com/release/7728051,1984,"7"" - Playlist - 04 [...L-P...]"
Madonna,Madonna,"Causing A Commotion",https://www.discogs.com/release/141558,1987,"7"" - Playlist - 04 [...L-P...]"
Madonna,Madonna,Cherish,https://www.discogs.com/release/1985811,1989,Uncategorized
Madonna,Madonna,"Crazy For You",https://www.discogs.com/release/707137,1985,"7"" - Playlist - 04 [...L-P...]"
Madonna,Madonna,"Dear Jessie",https://www.discogs.com/release/347728,1989,"7"" - Playlist - 04 [...L-P...]"
Madonna,Madonna,"Dress You Up",https://www.discogs.com/release/4454710,1985,"7"" - Playlist - 04 [...L-P...]"
Madonna,Madonna,"Express Yourself",https://www.discogs.com/release/1836947,1989,"7"" - Playlist - 04 [...L-P...]"
Madonna,Madonna,Gambler,https://www.discogs.com/release/141556,1985,"7"" - Playlist - 04 [...L-P...]"
Madonna,Madonna,"Hanky Panky",https://www.discogs.com/release/551819,1990,"7"" - Playlist - 04 [...L-P...]"
Madonna,Madonna,Holiday,https://www.discogs.com/release/14716744,1983,"7"" - Playlist - 04 [...L-P...]"
Madonna,Madonna,"Into The Groove",https://www.discogs.com/release/253791,1985,"7"" - Playlist - 04 [...L-P...]"
Madonna,Madonna,"Justify My Love",https://www.discogs.com/release/14896439,1990,"7"" - Playlist - 04 [...L-P...]"
Madonna,Madonna,"La Isla Bonita (Remix)",https://www.discogs.com/release/3714178,1987,"7"" - Playlist - 04 [...L-P...]"
Madonna,Madonna,"Like A Prayer",https://www.discogs.com/release/931654,1989,"7"" - Playlist - 04 [...L-P...]"
Madonna,Madonna,"Like A Virgin / Stay",https://www.discogs.com/release/141550,1984,"7"" - Playlist - 04 [...L-P...]"
Madonna,Madonna,"Live To Tell",https://www.discogs.com/release/3502230,1986,"7"" - Playlist - 04 [...L-P...]"
Madonna,Madonna,"Lucky Star (Edit.)",https://www.discogs.com/release/7480001,1983,"7"" - Playlist - 04 [...L-P...]"
Madonna,Madonna,"Material Girl",https://www.discogs.com/release/707134,1985,"7"" - Playlist - 04 [...L-P...]"
Madonna,Madonna,"Open Your Heart (Remix)",https://www.discogs.com/release/19022800,1986,Uncategorized
Madonna,Madonna,"Open Your Heart (Remix)",https://www.discogs.com/release/707017,1986,"7"" - Playlist - 04 [...L-P...]"
Madonna,Madonna,"Papa Don't Preach",https://www.discogs.com/release/14697731,1986,"7"" - Playlist - 04 [...L-P...]"
Madonna,Madonna,"Rescue Me",https://www.discogs.com/release/2447044,1991,"7"" - Playlist - 04 [...L-P...]"
Madonna,Madonna,"The Look Of Love",https://www.discogs.com/release/11735316,1987,"7"" - Playlist - 04 [...L-P...]"
Madonna,Madonna,"This Used To Be My Playground",https://www.discogs.com/release/225309,1992,"7"" - Playlist - 04 [...L-P...]"
Madonna,Madonna,"True Blue (Remix)",https://www.discogs.com/release/141197,1986,"7"" - Playlist - 04 [...L-P...]"
Madonna,Madonna,Vogue,https://www.discogs.com/release/121734,1990,"7"" - Playlist - 04 [...L-P...]"
Madonna,Madonna,"Who's That Girl",https://www.discogs.com/release/2559122,1987,"7"" - Playlist - 04 [...L-P...]"
"Maggie Bell","Maggie Bell",Hazell,https://www.discogs.com/release/1663068,1978,"7"" - Archive 04 - [...J-M...]"
"Maggie Reilly","Maggie Reilly","Everytime We Touch",https://www.discogs.com/release/4060495,1993,"7"" - Archive 04 - [...J-M...]"
"Magna Carta","Magna Carta","Highway To Spain",https://www.discogs.com/release/3668516,1981,"7"" - Archive 04 - [...J-M...]"
Magnum,Magnum,"Start Talking Love",https://www.discogs.com/release/4509314,1988,"7"" - Archive 04 - [...J-M...]"
"Mai Tai","Mai Tai","Body & Soul",https://www.discogs.com/release/1415175,1985,"7"" - Playlist - 04 [...L-P...]"
"Mai Tai","Mai Tai",History,https://www.discogs.com/release/815940,1985,"7"" - Playlist - 04 [...L-P...]"
Maisonettes,Maisonettes,"Heartache Avenue",https://www.discogs.com/release/418356,1982,"7"" - Playlist - 04 [...L-P...]"
"Malcolm McLaren","Malcolm McLaren",Carmen,https://www.discogs.com/release/385680,1984,"7"" - Archive 04 - [...J-M...]"
"Malcolm McLaren","Malcolm McLaren","Double Dutch",https://www.discogs.com/release/219785,1983,"7"" - Playlist - 04 [...L-P...]"
"Malcolm McLaren","Malcolm McLaren","Duck For The Oyster",https://www.discogs.com/release/13795833,1983,"7"" - Archive 04 - [...J-M...]"
"Malcolm McLaren","Malcolm McLaren","Madam Butterfly",https://www.discogs.com/release/141201,1984,"7"" - Archive 04 - [...J-M...]"
"Malcolm McLaren","Malcolm McLaren","You Need Hands",https://www.discogs.com/release/2062590,1979,"7"" - Playlist - 04 [...L-P...]"
"Malcolm McLaren","Malcolm McLaren And World's Famous Supreme Team","Buffalo Gals",https://www.discogs.com/release/141194,1982,"7"" - Playlist - 04 [...L-P...]"
"Malcolm Roberts","Malcolm Roberts","Eva Magdalena / Love Is All",https://www.discogs.com/release/18848404,1969,"7"" - Archive 04 - [...J-M...]"
"Malcolm Vaughan","Malcolm Vaughan","More Than Ever",https://www.discogs.com/release/763751,1958,"7"" - Archive 04 - [...J-M...]"
Mallard,Mallard,"Harvest / Green Coyote",https://www.discogs.com/release/1456839,1976,"7"" - Archive 04 - [...J-M...]"
"Mamas & The Papas","Mamas & The Papas","California Dreamin' / Twelve Thirty",https://www.discogs.com/release/4389912,"","7"" - Retro - 02 [H-R]"
"Mamas & The Papas","Mamas & The Papas","Monday Monday ",https://www.discogs.com/release/570014,1966,"7"" - Retro - 02 [H-R]"
"Man 2 Man Meets Man Parrish","Man 2 Man Meets Man Parrish","Male Stripper (Special U.K. Mixes)",https://www.discogs.com/release/150411,1986,"7"" - Archive 04 - [...J-M...]"
"Manfred Mann","Manfred Mann",5-4-3-2-1,https://www.discogs.com/release/5710152,1964,"7"" - Retro - 02 [H-R]"
"Manfred Mann","Manfred Mann","Come Tomorrow",https://www.discogs.com/release/2019242,1965,"7"" - Archive 04 - [...J-M...]"
"Manfred Mann","Manfred Mann","Fox On The Run",https://www.discogs.com/release/8410524,1968,"7"" - Retro - 02 [H-R]"
"Manfred Mann","Manfred Mann","Sha La La",https://www.discogs.com/release/763608,1964,"7"" - Retro - 02 [H-R]"
"Manfred Mann's Earth Band","Manfred Mann's Earth Band","Blinded By The Light",https://www.discogs.com/release/536955,1976,"7"" - Retro - 02 [H-R]"
"Manfred Mann's Earth Band","Manfred Mann's Earth Band",California,https://www.discogs.com/release/2958465,1977,"7"" - Archive 04 - [...J-M...]"
"Manfred Mann's Earth Band","Manfred Mann's Earth Band","Davy's On The Road Again",https://www.discogs.com/release/1195214,1978,"7"" - Retro - 02 [H-R]"
"Manfred Mann's Earth Band","Manfred Mann's Earth Band","Don't Kill It Carol",https://www.discogs.com/release/3215080,1979,"7"" - Retro - 02 [H-R]"
"Manfred Mann's Earth Band","Manfred Mann's Earth Band",Joybringer,https://www.discogs.com/release/729272,1973,"7"" - Retro - 02 [H-R]"
"Manfred Mann's Earth Band","Manfred Mann's Earth Band","Spirits In The Night",https://www.discogs.com/release/3634589,1977,"7"" - Archive 04 - [...J-M...]"
"Manhattan Transfer","Manhattan Transfer",Birdland,https://www.discogs.com/release/1857615,1979,"7"" - Retro - 02 [H-R]"
"Manhattan Transfer","Manhattan Transfer","Chanson D'Amour",https://www.discogs.com/release/4074028,1976,"7"" - Retro - 02 [H-R]"
"Manhattan Transfer","Manhattan Transfer","Don't Let Go",https://www.discogs.com/release/1965540,1977,"7"" - Archive 04 - [...J-M...]"
"Manhattan Transfer","Manhattan Transfer","Java Jive",https://www.discogs.com/release/9824424,1975,"7"" - Retro - 02 [H-R]"
"Manhattan Transfer","Manhattan Transfer","On A Little Street In Singapore",https://www.discogs.com/release/2054822,1978,"7"" - Retro - 02 [H-R]"
"Manhattan Transfer","Manhattan Transfer","Soul Food To Go",https://www.discogs.com/release/5736968,1988,"7"" - Archive 04 - [...J-M...]"
"Manhattan Transfer","Manhattan Transfer","Spice Of Life",https://www.discogs.com/release/7521789,1983,"7"" - Archive 04 - [...J-M...]"
"Manhattan Transfer","Manhattan Transfer","Tuxedo Junction",https://www.discogs.com/release/2135419,1975,"7"" - Retro - 02 [H-R]"
"Manhattan Transfer","Manhattan Transfer","Walk In Love",https://www.discogs.com/release/11117923,1978,"7"" - Archive 04 - [...J-M...]"
"Manhattan Transfer","Manhattan Transfer","Where Did Our Love Go",https://www.discogs.com/release/1480773,1978,"7"" - Archive 04 - [...J-M...]"
"Manhattan Transfer","Manhattan Transfer","Who, What, When, Where, Why",https://www.discogs.com/release/2103572,1978,"7"" - Archive 04 - [...J-M...]"
Manhattans,Manhattans,Hurt,https://www.discogs.com/release/1830540,1976,"7"" - Archive 04 - [...J-M...]"
Manhattans,Manhattans,"I Kinda Miss You",https://www.discogs.com/release/2174730,1977,"7"" - Archive 04 - [...J-M...]"
Manhattans,Manhattans,"Kiss And Say Goodbye",https://www.discogs.com/release/2029863,1976,"7"" - Archive 04 - [...J-M...]"
Manhattans,Manhattans,"Shining Star",https://www.discogs.com/release/2028474,1980,"7"" - Archive 04 - [...J-M...]"
"Mantovani And His Orchestra","Mantovani And His Orchestra","Mantovani's Big Four",https://www.discogs.com/release/10913422,1962,"7"" - Archive 04 - [...J-M...]"
"Mantovani And His Orchestra With Rawicz & Landauer","Mantovani And His Orchestra With Rawicz & Landauer","The Legend Of The Glass Mountain",https://www.discogs.com/release/12319281,1958,"7"" - Archive 04 - [...J-M...]"
Mantronix,Mantronix,"Don't Go Messin' With My Heart",https://www.discogs.com/release/10523322,1991,"7"" - Archive 04 - [...J-M...]"
"Mantronix Featuring Wondress Hutchinson","Mantronix Featuring Wondress Hutchinson","Got To Have Your Love",https://www.discogs.com/release/5044832,1989,"7"" - Playlist - 04 [...L-P...]"
"Mantronix Featuring Wondress Hutchinson","Mantronix Featuring Wondress Hutchinson","Take Your Time",https://www.discogs.com/release/1983320,1990,"7"" - Playlist - 04 [...L-P...]"
"Manuel And His Music Of The Mountains","Manuel And His Music Of The Mountains","Rodrigo's Guitar Concerto De Aranjuez (Theme From 2nd Movement)",https://www.discogs.com/release/800177,1975,"7"" - Archive 04 - [...J-M...]"
Marbles,Marbles,"Only One Woman",https://www.discogs.com/release/697919,1968,"7"" - Retro - 02 [H-R]"
"Marc Almond","Marc Almond",Jacky,https://www.discogs.com/release/518465,1991,"7"" - Playlist - 04 [...L-P...]"
"Marc Almond","Marc Almond","Tears Run Rings",https://www.discogs.com/release/10315970,1988,"7"" - Playlist - 04 [...L-P...]"
"Marc Almond","Marc Almond","The Days Of Pearly Spencer",https://www.discogs.com/release/659536,1992,"7"" - Playlist - 04 [...L-P...]"
"Marc Almond","Marc Almond","You Have",https://www.discogs.com/release/1618924,1984,"7"" - Playlist - 04 [...L-P...]"
"Marc Almond","Marc Almond Featuring Special Guest Star Gene Pitney","Something's Gotten Hold Of My Heart",https://www.discogs.com/release/259261,1989,"7"" - Playlist - 04 [...L-P...]"
"Marcello Minerbi E La Sua Orchestra","Marcello Minerbi E La Sua Orchestra","Zorba's Dance",https://www.discogs.com/release/1659193,1965,"7"" - Archive 04 - [...J-M...]"
"Marcia Barrett","Marcia Barrett","You ",https://www.discogs.com/release/2689266,1981,"7"" - Archive 04 - [...J-M...]"
"Marcy Levy And Robin Gibb","Marcy Levy And Robin Gibb","Help Me",https://www.discogs.com/release/1553535,1980,"7"" - Archive 04 - [...J-M...]"
Margo,Margo,"Lonely Hearts Club",https://www.discogs.com/release/12641572,1978,"7"" - Archive 04 - [...J-M...]"
"Mari Wilson","Mari Wilson","Beware Boyfriend",https://www.discogs.com/release/12468398,1982,"7"" - Archive 04 - [...J-M...]"
"Mari Wilson","Mari Wilson","Just What I Always Wanted",https://www.discogs.com/release/2389962,1982,"7"" - Playlist - 04 [...L-P...]"
"Maria McKee","Maria McKee","Show Me Heaven",https://www.discogs.com/release/420706,1990,"7"" - Archive 04 - [...J-M...]"
"Maria Muldaur","Maria Muldaur","Midnight At The Oasis",https://www.discogs.com/release/5480670,1974,"7"" - Retro - 02 [H-R]"
"Maria Panchoo","Maria Panchoo",Everytime,https://www.discogs.com/release/4668719,1989,"7"" - Archive 04 - [...J-M...]"
"Maria Vidal","Maria Vidal","Body Rock",https://www.discogs.com/release/11855454,1984,"7"" - Playlist - 04 [...L-P...]"
"Mariah Carey","Mariah Carey","Vision Of Love",https://www.discogs.com/release/755906,1990,"7"" - Archive 04 - [...J-M...]"
"Mariah Carey","Mariah Carey","Without You & Never Forget You",https://www.discogs.com/release/1503669,1994,"7"" - Archive 04 - [...J-M...]"
"Marianne Faithfull","Marianne Faithfull","The Ballad Of Lucy Jordan",https://www.discogs.com/release/8336558,1979,"7"" - Playlist - 04 [...L-P...]"
"Marianne Faithfull","Marianne Faithfull","This Little Bird",https://www.discogs.com/release/1414122,1965,"7"" - Retro - 02 [H-R]"
"Marie Myriam","Marie Myriam","L'oiseau Et L'enfant",https://www.discogs.com/release/2175462,1977,"7"" - Archive 04 - [...J-M...]"
"Marie Osmond","Marie Osmond","Paper Roses",https://www.discogs.com/release/2097856,1973,"7"" - Retro - 02 [H-R]"
"Marillion & Fish",Fish,"A Gentleman's Excuse Me",https://www.discogs.com/release/2860933,1990,"7"" - Archive 03 - [...E-J...]"
"Marillion & Fish",Marillion,Incommunicado,https://www.discogs.com/release/5338178,1987,"7"" - Playlist - 04 [...L-P...]"
"Marillion & Fish",Marillion,Kayleigh,https://www.discogs.com/release/1319020,1985,"7"" - Playlist - 04 [...L-P...]"
"Marillion & Fish",Marillion,Lavender,https://www.discogs.com/release/384985,1985,"7"" - Playlist - 04 [...L-P...]"
"Marillion & Fish",Marillion,"Punch And Judy",https://www.discogs.com/release/2128746,1984,"7"" - Playlist - 04 [...L-P...]"
"Marillion & Fish",Marillion,"Warm Wet Circles (Remix)",https://www.discogs.com/release/2178000,1987,"7"" - Playlist - 04 [...L-P...]"
Marilyn,Marilyn,"Calling Your Name",https://www.discogs.com/release/198663,1983,"7"" - Playlist - 04 [...L-P...]"
Marilyn,Marilyn,"Cry And Be Free",https://www.discogs.com/release/473745,1984,"7"" - Playlist - 04 [...L-P...]"
"Marilyn McCoo & Billy Davis Jr.","Marilyn McCoo & Billy Davis Jr.","Look What You've Done To My Heart",https://www.discogs.com/release/3279032,1977,"7"" - Archive 04 - [...J-M...]"
"Marilyn McCoo & Billy Davis Jr.","Marilyn McCoo & Billy Davis Jr.","You Don't Have To Be A Star (To Be In My Show)",https://www.discogs.com/release/691187,1976,"7"" - Archive 04 - [...J-M...]"
"Marina Van-Rooy","Marina Van-Rooy","Let You Go",https://www.discogs.com/release/657076,1991,"7"" - Archive 04 - [...J-M...]"
"Mario Lanza","Mario Lanza","Ave Maria",https://www.discogs.com/release/6447569,1959,"7"" - Archive 04 - [...J-M...]"
"Mark Wynter","Mark Wynter","It's Almost Tomorrow",https://www.discogs.com/release/568452,1963,"7"" - Archive 04 - [...J-M...]"
Marmalade,Marmalade,"Back On The Road",https://www.discogs.com/release/2013618,1971,"7"" - Archive 04 - [...J-M...]"
Marmalade,Marmalade,"Falling Apart At The Seams ",https://www.discogs.com/release/1470550,1976,"7"" - Archive 04 - [...J-M...]"
Marmalade,Marmalade,"Ob-La-Di Ob-La-Da",https://www.discogs.com/release/8909803,1968,"7"" - Retro - 02 [H-R]"
Marmalade,Marmalade,Radancer,https://www.discogs.com/release/1396939,1972,"7"" - Archive 04 - [...J-M...]"
Marmalade,Marmalade,Rainbow,https://www.discogs.com/release/5384954,1970,"7"" - Archive 04 - [...J-M...]"
Marmalade,Marmalade,"Reflections Of My Life",https://www.discogs.com/release/15525311,1969,"7"" - Archive 04 - [...J-M...]"
MARRS,M|A|R|R|S,"Pump Up The Volume",https://www.discogs.com/release/5879976,1987,"7"" - Playlist - 04 [...L-P...]"
"Marshall Hain","Marshall Hain","Dancing In The City",https://www.discogs.com/release/15394790,1978,"7"" - Playlist - 04 [...L-P...]"
"Martha And The Muffins","Martha And The Muffins","Echo Beach",https://www.discogs.com/release/8098442,1980,"7"" - Playlist - 04 [...L-P...]"
"Martha And The Muffins","Martha And The Muffins","Trance And Dance",https://www.discogs.com/release/186223,1980,"7"" - Archive 04 - [...J-M...]"
"Martha Reeves","Martha Reeves","Power Of Love",https://www.discogs.com/release/3865297,1974,"7"" - Archive 04 - [...J-M...]"
"Martha Reeves & The Vandellas","Martha Reeves & The Vandellas","Dancing In The Street",https://www.discogs.com/release/790111,1969,"7"" - Retro - 02 [H-R]"
"Martha Smith","Martha Smith","Open Up Your Heart",https://www.discogs.com/release/4030103,1976,"7"" - Archive 04 - [...J-M...]"
"Marti Webb","Marti Webb",Ben,https://www.discogs.com/release/7293934,1985,"7"" - Archive 04 - [...J-M...]"
"Marti Webb","Marti Webb","Take That Look Off Your Face",https://www.discogs.com/release/6698999,1980,"7"" - Archive 04 - [...J-M...]"
"Marti Webb","Marti Webb","Tell Me On A Sunday / You Made Me Think You Were In Love",https://www.discogs.com/release/2322220,1980,"7"" - Archive 04 - [...J-M...]"
Martika,Martika,"I Feel The Earth Move",https://www.discogs.com/release/6349057,1989,"7"" - Playlist - 04 [...L-P...]"
Martika,Martika,"More Than You Know",https://www.discogs.com/release/3848324,1990,"7"" - Playlist - 04 [...L-P...]"
Martika,Martika,"Toy Soldiers",https://www.discogs.com/release/417704,1989,"7"" - Playlist - 04 [...L-P...]"
"Marty Wilde","Marty Wilde","Little Girl / Your Seventeenth Spring",https://www.discogs.com/release/872774,1960,"7"" - Archive 04 - [...J-M...]"
"Martyn Wyndham-Read","Martyn Wyndham-Read","The Rose",https://www.discogs.com/release/11498091,1984,"7"" - Archive 04 - [...J-M...]"
"Marv Johnson","Marv Johnson","I Miss You Baby (How I Miss You) ",https://www.discogs.com/release/2790854,1969,"7"" - Retro - 02 [H-R]"
"Marvin Gaye","Marvin Gaye","(Sexual) Healing",https://www.discogs.com/release/762954,1982,"7"" - Playlist - 04 [...L-P...]"
"Marvin Gaye","Marvin Gaye","Got To Give It Up",https://www.discogs.com/release/397439,1977,"7"" - Playlist - 04 [...L-P...]"
"Marvin Gaye","Marvin Gaye","I Heard It Through The Grapevine",https://www.discogs.com/release/491323,1969,"7"" - Retro - 02 [H-R]"
"Marvin Gaye & Tammi Terrell","Marvin Gaye & Tammi Terrell","Good Lovin' Ain't Easy To Come By",https://www.discogs.com/release/4242840,1969,"7"" - Retro - 02 [H-R]"
"Marvin Hamlisch","Marvin Hamlisch","The Entertainer",https://www.discogs.com/release/1475576,1974,"7"" - Retro - 02 [H-R]"
"Mary Hopkin","Mary Hopkin",Goodbye,https://www.discogs.com/release/5443282,1969,"7"" - Archive 04 - [...J-M...]"
"Mary Hopkin","Mary Hopkin","Lontano Dagli Occhi",https://www.discogs.com/release/7298501,1970,"7"" - Archive 04 - [...J-M...]"
"Mary Hopkin","Mary Hopkin","Those Were The Days / Turn Turn Turn",https://www.discogs.com/release/9355620,"","7"" - Retro - 02 [H-R]"
"Mary MacGregor","Mary MacGregor","Good Friend",https://www.discogs.com/release/5616600,1979,"7"" - Archive 04 - [...J-M...]"
"Mary MacGregor / Jennifer Warnes","Mary MacGregor / Jennifer Warnes","Torn Between Two Lovers / Right Time Of The Night",https://www.discogs.com/release/5591184,"","7"" - Retro - 02 [H-R]"
"Mary Mason","Mary Mason","Angel Of The Morning / Any Way That You Want Me ",https://www.discogs.com/release/13924325,1977,"7"" - Archive 04 - [...J-M...]"
"Mary Wells","Mary Wells","My Guy",https://www.discogs.com/release/18908161,"","7"" - Retro - 02 [H-R]"
Mash,Mash,"Theme From M*A*S*H (Suicide Is Painless)",https://www.discogs.com/release/721762,1980,"7"" - Retro - 02 [H-R]"
"Mason Williams","Mason Williams","Long Time Blues / Classical Gas",https://www.discogs.com/release/1034244,1968,"7"" - Archive 04 - [...J-M...]"
Matchbox,Matchbox,"Buzz Buzz A Diddle It",https://www.discogs.com/release/7636172,1979,"7"" - Archive 04 - [...J-M...]"
Matchbox,Matchbox,"Midnite Dynamos",https://www.discogs.com/release/8977685,1980,"7"" - Playlist - 04 [...L-P...]"
Matchbox,Matchbox,"Rockabilly Rebel",https://www.discogs.com/release/1890142,1979,"7"" - Archive 04 - [...J-M...]"
Matchbox,Matchbox,"When You Ask About Love",https://www.discogs.com/release/476057,1980,"7"" - Archive 04 - [...J-M...]"
"Matchroom Mob With Chas And Dave","Matchroom Mob With Chas And Dave","Snooker Loopy",https://www.discogs.com/release/8177918,1986,"7"" - Novelty [#,A-Z]"
"Matt Bianco","Matt Bianco","Don't Blame It On That Girl",https://www.discogs.com/release/3147047,1988,"7"" - Playlist - 04 [...L-P...]"
"Matt Bianco","Matt Bianco","Get Out Of Your Lazy Bed",https://www.discogs.com/release/6903429,1983,"7"" - Playlist - 04 [...L-P...]"
"Matt Bianco","Matt Bianco","Half A Minute",https://www.discogs.com/release/3418678,1984,"7"" - Playlist - 04 [...L-P...]"
"Matt Bianco","Matt Bianco","Just Can't Stand It",https://www.discogs.com/release/2425962,1986,"7"" - Archive 04 - [...J-M...]"
"Matt Bianco","Matt Bianco","More Than I Can Bear (Remix)",https://www.discogs.com/release/15192352,1985,"7"" - Archive 04 - [...J-M...]"
"Matt Bianco","Matt Bianco","Yeh Yeh",https://www.discogs.com/release/1931327,1985,"7"" - Playlist - 04 [...L-P...]"
"Matt Monro","Matt Monro","Born Free",https://www.discogs.com/release/5416779,1974,"7"" - Archive 04 - [...J-M...]"
"Matt Monro","Matt Monro","For Mama",https://www.discogs.com/release/2234474,1964,"7"" - Archive 04 - [...J-M...]"
"Matt Monro","Matt Monro","I Love The Little Things",https://www.discogs.com/release/6305886,1964,"7"" - Archive 04 - [...J-M...]"
"Matt Monro","Matt Monro","My Kind Of Girl ",https://www.discogs.com/release/1336055,1961,"7"" - Archive 04 - [...J-M...]"
"Matt Monro","Matt Monro","Walk Away / Around The World",https://www.discogs.com/release/1496948,1964,"7"" - Archive 04 - [...J-M...]"
"Matt Monro","Matt Monro","What To Do?",https://www.discogs.com/release/10994696,1967,"7"" - Archive 04 - [...J-M...]"
"Matt Monro","Matt Monro","Yours Alone/ The Music Played",https://www.discogs.com/release/7481743,1968,"7"" - Archive 04 - [...J-M...]"
"Matthew Wilder","Matthew Wilder","Break My Stride",https://www.discogs.com/release/1848649,1983,"7"" - Archive 05 - [...M-P...]"
"Matthews' Southern Comfort","Matthews' Southern Comfort",Woodstock,https://www.discogs.com/release/2095120,1971,"7"" - Retro - 02 [H-R]"
"Maureen Evans","Maureen Evans","Goodbye Jimmy, Goodbye",https://www.discogs.com/release/9551619,1959,"7"" - Archive 04 - [...J-M...]"
"Maureen Walsh","Maureen Walsh","Thinking Of You",https://www.discogs.com/release/651553,1990,"7"" - Playlist - 04 [...L-P...]"
"Maurice Jarre, London Philharmonic Orchestra","Maurice Jarre, London Philharmonic Orchestra","Lawrence Of Arabia Vol. 1",https://www.discogs.com/release/10938862,"","7"" - Archive 04 - [...J-M...]"
"Max Bygraves","Max Bygraves",Decimalisation,https://www.discogs.com/release/6021758,1970,"7"" - Archive 04 - [...J-M...]"
"Max Bygraves","Max Bygraves","Deck Of Cards",https://www.discogs.com/release/6015598,1973,"7"" - Novelty [#,A-Z]"
"Max Bygraves","Max Bygraves","Fings Ain't Wot They Used T'Be",https://www.discogs.com/release/6018351,1960,"7"" - Archive 04 - [...J-M...]"
"Max Bygraves","Max Bygraves","Jingle Bell Rock",https://www.discogs.com/release/15800601,1959,"7"" - Holiday [#,A-Z]"
"Max Bygraves","Max Bygraves","Songs For The Young In Heart No. 1",https://www.discogs.com/release/4467136,1959,"7"" - Archive 04 - [...J-M...]"
"Max Bygraves","Max Bygraves","Songs For The Young In Heart, No. 2",https://www.discogs.com/release/6000646,1959,"7"" - Archive 04 - [...J-M...]"
"Max Bygraves","Max Bygraves","When You Come To The End Of A Lollipop",https://www.discogs.com/release/9103160,1960,"7"" - Archive 04 - [...J-M...]"
"Max Jaffa With Norrie Paramor And His Orchestra","Max Jaffa With Norrie Paramor And His Orchestra","Love Is Like A Violin",https://www.discogs.com/release/7871892,1960,"7"" - Archive 04 - [...J-M...]"
"Maxi Priest","Maxi Priest","Close To You",https://www.discogs.com/release/394487,1990,"7"" - Playlist - 04 [...L-P...]"
"Maxi Priest","Maxi Priest","Crazy Love",https://www.discogs.com/release/1793404,1986,"7"" - Playlist - 04 [...L-P...]"
"Maxi Priest","Maxi Priest","Strollin' On",https://www.discogs.com/release/1172063,1986,"7"" - Playlist - 04 [...L-P...]"
"Maxi Priest","Maxi Priest","Wild World",https://www.discogs.com/release/4388018,1988,"7"" - Playlist - 04 [...L-P...]"
"Maxi Priest","Maxi Priest And The Select Committee","Some Guys Have All The Luck",https://www.discogs.com/release/6496173,1987,"7"" - Playlist - 04 [...L-P...]"
Maxine,Maxine,"To Know You Is To Love You",https://www.discogs.com/release/10830390,1982,"7"" - Archive 04 - [...J-M...]"
"Maxine Nightingale","Maxine Nightingale","Right Back Where We Started From",https://www.discogs.com/release/1433688,1975,"7"" - Retro - 02 [H-R]"
Maxx,Maxx,Get-A-Way,https://www.discogs.com/release/153887,1994,"7"" - Playlist - 04 [...L-P...]"
"Maynard Ferguson","Maynard Ferguson","Pagliacci / Invitation",https://www.discogs.com/release/8771567,1976,"7"" - Archive 04 - [...J-M...]"
"Mañana","Mañana",Amor,https://www.discogs.com/release/2504039,1981,"7"" - Archive 04 - [...J-M...]"
"MC Hammer","MC Hammer","Have You Seen Her",https://www.discogs.com/release/387931,1990,"7"" - Playlist - 04 [...L-P...]"
"MC Hammer","MC Hammer",Pray,https://www.discogs.com/release/1226140,1990,"7"" - Playlist - 04 [...L-P...]"
"MC Hammer","MC Hammer","U Can't Touch This",https://www.discogs.com/release/3733811,1990,"7"" - Playlist - 04 [...L-P...]"
"MC Tunes Versus 808 State","MC Tunes Versus 808 State","The Only Rhyme That Bites",https://www.discogs.com/release/5546789,1990,"7"" - Playlist - 04 [...L-P...]"
"McFadden & Whitehead","McFadden & Whitehead","Do You Want To Dance",https://www.discogs.com/release/3390029,1979,"7"" - Archive 05 - [...M-P...]"
"McGuinness Flint","McGuinness Flint","When I'm Dead And Gone",https://www.discogs.com/release/1469887,1970,"7"" - Retro - 02 [H-R]"
"Me And You Featuring We The People Band","Me And You Featuring We The People Band","You Never Know What You've Got",https://www.discogs.com/release/1499221,1979,"7"" - Archive 05 - [...M-P...]"
"Me, Myself & Me Again","Me, Myself & Me Again","Blaze Away",https://www.discogs.com/release/2239460,1978,"7"" - Archive 05 - [...M-P...]"
"Meat Loaf","Meat Loaf","Bat Out Of Hell",https://www.discogs.com/release/1198149,1978,"7"" - Playlist - 04 [...L-P...]"
"Meat Loaf","Meat Loaf","Dead Ringer For Love",https://www.discogs.com/release/541093,1981,"7"" - Playlist - 04 [...L-P...]"
"Meat Loaf","Meat Loaf","Modern Girl",https://www.discogs.com/release/7734309,1984,"7"" - Playlist - 04 [...L-P...]"
"Meat Loaf","Meat Loaf","Two Out Of Three Ain't Bad",https://www.discogs.com/release/4714627,1978,"7"" - Playlist - 04 [...L-P...]"
"Meco Monardo","Meco Monardo","Pop Goes The Movies",https://www.discogs.com/release/6581990,1982,"7"" - Archive 05 - [...M-P...]"
"Meco Monardo","Meco Monardo","Star Wars Theme",https://www.discogs.com/release/265938,1977,"7"" - Archive 05 - [...M-P...]"
"Medicine Head","Medicine Head","One & One Is One",https://www.discogs.com/release/14784138,1973,"7"" - Archive 05 - [...M-P...]"
"Mega City Four","Mega City Four","Clear Blue Sky / Distant Relatives",https://www.discogs.com/release/852399,1988,"7"" - Archive 05 - [...M-P...]"
"Mega City Four","Mega City Four","Less Than Senseless / Dancing Days Are Over",https://www.discogs.com/release/852402,1989,"7"" - Archive 05 - [...M-P...]"
"Mega City Four","Mega City Four","Miles Apart / Running In Darkness",https://www.discogs.com/release/832723,1988,"7"" - Archive 05 - [...M-P...]"
"Mel & Kim","Mel & Kim",F.L.M.,https://www.discogs.com/release/12397662,1987,"7"" - Playlist - 04 [...L-P...]"
"Mel & Kim","Mel & Kim",Respectable,https://www.discogs.com/release/176145,1987,"7"" - Playlist - 04 [...L-P...]"
"Mel & Kim","Mel & Kim","Showing Out",https://www.discogs.com/release/11010058,1986,"7"" - Playlist - 04 [...L-P...]"
"Mel Brooks","Mel Brooks","To Be Or Not To Be (The Hitler Rap)",https://www.discogs.com/release/13124853,1983,"7"" - Novelty [#,A-Z]"
"Melachrino Orchestra","Melachrino Orchestra","Parade Of The Film Hits",https://www.discogs.com/release/20292985,"","7"" - Archive 05 - [...M-P...]"
"Melachrino Orchestra","Melachrino Orchestra","The Legend Of The Glass Mountain / Song Of The Mountains",https://www.discogs.com/release/14837040,"","7"" - Archive 05 - [...M-P...]"
Melanie,Melanie,"Brand New Key",https://www.discogs.com/release/1112890,1971,"7"" - Retro - 02 [H-R]"
Melanie,Melanie,"Ruby Tuesday",https://www.discogs.com/release/1734271,1970,"7"" - Retro - 02 [H-R]"
"Melba Moore","Melba Moore","Love's Comin' At Ya",https://www.discogs.com/release/883712,1982,"7"" - Archive 05 - [...M-P...]"
"Melba Moore","Melba Moore","Mind Up Tonight",https://www.discogs.com/release/2251598,1982,"7"" - Archive 05 - [...M-P...]"
"Meli'sa Morgan","Meli'sa Morgan","Fool's Paradise",https://www.discogs.com/release/2093109,1986,"7"" - Archive 05 - [...M-P...]"
"Melvin Gibbs","Melvin Gibbs","Can't Get Enough (Of That Funky Stuff)",https://www.discogs.com/release/14613509,1987,"7"" - Archive 05 - [...M-P...]"
Members,Members,"The Sound Of The Suburbs",https://www.discogs.com/release/865754,1979,"7"" - Playlist - 04 [...L-P...]"
"Men At Work","Men At Work","Down Under",https://www.discogs.com/release/396593,1982,"7"" - Playlist - 04 [...L-P...]"
"Men At Work","Men At Work","Dr. Heckyll & Mr. Jive / No Restrictions",https://www.discogs.com/release/1933782,1983,"7"" - Playlist - 04 [...L-P...]"
"Men They Couldn't Hang","Men They Couldn't Hang","The Colours",https://www.discogs.com/release/502835,1988,"7"" - Archive 05 - [...M-P...]"
"Men Without Hats","Men Without Hats","The Safety Dance",https://www.discogs.com/release/839337,1983,"7"" - Playlist - 04 [...L-P...]"
"Mental As Anything","Mental As Anything","Live It Up",https://www.discogs.com/release/12028736,1987,"7"" - Playlist - 04 [...L-P...]"
"Meri Wilson","Meri Wilson","Telephone Man",https://www.discogs.com/release/4478343,1977,"7"" - Retro - 02 [H-R]"
Merseybeats,Merseybeats,"I Think Of You",https://www.discogs.com/release/8422515,1963,"7"" - Archive 05 - [...M-P...]"
"Mertens Brothers Style","Mertens Brothers Style","Puppet On  String / Manhattan Spiritual",https://www.discogs.com/release/2364190,1967,"7"" - Archive 05 - [...M-P...]"
Messiah,Messiah,"I Feel Love",https://www.discogs.com/release/499241,1992,"7"" - Archive 05 - [...M-P...]"
Metro,Metro,"Criminal World",https://www.discogs.com/release/7504019,1977,"7"" - Archive 05 - [...M-P...]"
Mezzoforte,Mezzoforte,"Garden Party",https://www.discogs.com/release/1260508,1983,"7"" - Archive 05 - [...M-P...]"
MFSB,MFSB,Sexy,https://www.discogs.com/release/695091,1975,"7"" - Archive 05 - [...M-P...]"
"MFSB Featuring The Three Degrees","MFSB Featuring The Three Degrees","TSOP (The Sound Of Philadelphia)",https://www.discogs.com/release/501566,1974,"7"" - Archive 05 - [...M-P...]"
"Miami Sound Machine","Miami Sound Machine","Anything For You",https://www.discogs.com/release/1491918,1988,"7"" - Playlist - 04 [...L-P...]"
"Miami Sound Machine","Miami Sound Machine","Can't Stay Away From You",https://www.discogs.com/release/5962308,1988,"7"" - Playlist - 04 [...L-P...]"
"Miami Sound Machine","Miami Sound Machine","Dr. Beat",https://www.discogs.com/release/5581183,1984,"7"" - Playlist - 04 [...L-P...]"
"Miami Sound Machine","Miami Sound Machine","Rhythm Is Gonna Get You",https://www.discogs.com/release/1759407,1988,Uncategorized
"Mica Paris","Mica Paris","If I Love U 2 Nite",https://www.discogs.com/release/1481410,1991,"7"" - Archive 05 - [...M-P...]"
"Mica Paris","Mica Paris","My One Temptation",https://www.discogs.com/release/9912088,1988,"7"" - Playlist - 04 [...L-P...]"
"Mica Paris","Mica Paris And Will Downing","Where Is The Love",https://www.discogs.com/release/1911504,1989,"7"" - Playlist - 04 [...L-P...]"
"Michael Ball","Michael Ball","Love Changes Everything",https://www.discogs.com/release/1999499,1989,"7"" - Archive 05 - [...M-P...]"
"Michael Bolton","Michael Bolton","How Am I Supposed To Live Without You",https://www.discogs.com/release/1209437,1990,"7"" - Archive 05 - [...M-P...]"
"Michael Bolton","Michael Bolton","How Can We Be Lovers",https://www.discogs.com/release/1761329,1990,"7"" - Archive 05 - [...M-P...]"
"Michael Bolton","Michael Bolton","Soul Of My Soul",https://www.discogs.com/release/5263491,1994,"7"" - Archive 05 - [...M-P...]"
"Michael Crawford / Sarah Brightman","Michael Crawford / Sarah Brightman","The Music Of The Night / Wishing You Were Somehow Here Again",https://www.discogs.com/release/2946227,1986,"7"" - Archive 05 - [...M-P...]"
"Michael Des Barres","Michael Des Barres","I'm Only Human",https://www.discogs.com/release/3175763,1980,"7"" - Archive 05 - [...M-P...]"
"Michael Holliday","Michael Holliday","Starry Eyed",https://www.discogs.com/release/541792,1959,"7"" - Archive 05 - [...M-P...]"
"Michael Jackson","Michael Jackson","Ain't No Sunshine",https://www.discogs.com/release/1803813,1972,"7"" - Retro - 02 [H-R]"
"Michael Jackson","Michael Jackson","Another Part Of Me",https://www.discogs.com/release/1896919,1988,"7"" - Playlist - 04 [...L-P...]"
"Michael Jackson","Michael Jackson",Bad,https://www.discogs.com/release/1207057,1987,"7"" - Playlist - 04 [...L-P...]"
"Michael Jackson","Michael Jackson","Beat It",https://www.discogs.com/release/16277055,1983,"7"" - Playlist - 04 [...L-P...]"
"Michael Jackson","Michael Jackson",Ben,https://www.discogs.com/release/651654,1972,"7"" - Retro - 02 [H-R]"
"Michael Jackson","Michael Jackson","Billie Jean",https://www.discogs.com/release/7298561,1983,Uncategorized
"Michael Jackson","Michael Jackson","Black Or White",https://www.discogs.com/release/8352964,1991,"7"" - Playlist - 04 [...L-P...]"
"Michael Jackson","Michael Jackson","Dirty Diana",https://www.discogs.com/release/5980778,1988,"7"" - Playlist - 04 [...L-P...]"
"Michael Jackson","Michael Jackson","Don't Stop 'Til You Get Enough / I Can't Help It",https://www.discogs.com/release/2909385,1979,"7"" - Playlist - 04 [...L-P...]"
"Michael Jackson","Michael Jackson","Farewell My Summer Love",https://www.discogs.com/release/1207065,1984,"7"" - Playlist - 04 [...L-P...]"
"Michael Jackson","Michael Jackson",Happy,https://www.discogs.com/release/12771274,1983,"7"" - Archive 05 - [...M-P...]"
"Michael Jackson","Michael Jackson","Heal The World",https://www.discogs.com/release/1271919,1992,"7"" - Archive 05 - [...M-P...]"
"Michael Jackson","Michael Jackson","I Just Can't Stop Loving You",https://www.discogs.com/release/10207167,1987,"7"" - Playlist - 04 [...L-P...]"
"Michael Jackson","Michael Jackson","Leave Me Alone",https://www.discogs.com/release/1116239,1989,"7"" - Playlist - 04 [...L-P...]"
"Michael Jackson","Michael Jackson","Off The Wall",https://www.discogs.com/release/1190592,1979,"7"" - Playlist - 04 [...L-P...]"
"Michael Jackson","Michael Jackson","One Day In Your Life",https://www.discogs.com/release/486528,1981,"7"" - Retro - 02 [H-R]"
"Michael Jackson","Michael Jackson","Remember The Time",https://www.discogs.com/release/1411713,1992,"7"" - Archive 05 - [...M-P...]"
"Michael Jackson","Michael Jackson","Rock With You",https://www.discogs.com/release/1919063,1980,"7"" - Playlist - 04 [...L-P...]"
"Michael Jackson","Michael Jackson","She's Out Of My Life / Get On The Floor",https://www.discogs.com/release/780960,1980,"7"" - Playlist - 04 [...L-P...]"
"Michael Jackson","Michael Jackson","Smooth Criminal",https://www.discogs.com/release/1231358,1988,"7"" - Playlist - 04 [...L-P...]"
"Michael Jackson","Michael Jackson","The Way You Make Me Feel",https://www.discogs.com/release/10817188,1987,"7"" - Playlist - 04 [...L-P...]"
"Michael Jackson","Michael Jackson","Wanna Be Startin' Somethin'",https://www.discogs.com/release/5754396,1983,"7"" - Playlist - 04 [...L-P...]"
"Michael Jackson","Michael Jackson","Who Is It",https://www.discogs.com/release/2208307,1992,"7"" - Archive 05 - [...M-P...]"
"Michael Jackson","Michael Jackson / Paul McCartney","The Girl Is Mine",https://www.discogs.com/release/3368136,1982,"7"" - Playlist - 04 [...L-P...]"
"Michael Jackson With The Jackson 5","Michael Jackson With The Jackson 5","I Want You Back '88 ",https://www.discogs.com/release/9730553,1988,"7"" - Retro - 02 [H-R]"
"Michael James","Michael James","Twilight Time",https://www.discogs.com/release/25975735,1976,"7"" - Archive 05 - [...M-P...]"
"Michael Martin Murphey","Michael Martin Murphey",Wildfire,https://www.discogs.com/release/8996881,1975,"7"" - Archive 05 - [...M-P...]"
"Michael McDonald","Michael McDonald","Sweet Freedom",https://www.discogs.com/release/761753,1986,"7"" - Archive 05 - [...M-P...]"
"Michael Ward","Michael Ward",He,https://www.discogs.com/release/14443446,1974,"7"" - Archive 05 - [...M-P...]"
"Michael Zager Band","Michael Zager Band","Let's All Chant",https://www.discogs.com/release/362411,1978,"7"" - Retro - 02 [H-R]"
"Michel Sardou","Michel Sardou","La Maladie D'amour / Le Curé",https://www.discogs.com/release/3317052,1973,"7"" - Archive 05 - [...M-P...]"
"Mick Jagger","Mick Jagger","Just Another Night",https://www.discogs.com/release/2903384,1985,"7"" - Archive 05 - [...M-P...]"
"Mick Jagger","Mick Jagger","Let's Work",https://www.discogs.com/release/2665391,1987,"7"" - Archive 05 - [...M-P...]"
"Mick Robertson","Mick Robertson","The Tango's Over",https://www.discogs.com/release/3880472,1974,"7"" - Archive 05 - [...M-P...]"
"Mick Ronson","Mick Ronson","Billy Porter",https://www.discogs.com/release/2018977,1975,"7"" - Archive 05 - [...M-P...]"
"Mick Ronson","Mick Ronson","Slaughter On 10th Avenue",https://www.discogs.com/release/4954812,1974,"7"" - Archive 05 - [...M-P...]"
"Mickey Jupp","Mickey Jupp","Nature's Radio",https://www.discogs.com/release/3144905,1977,"7"" - Archive 05 - [...M-P...]"
"Micky Dolenz","Micky Dolenz","Love Light",https://www.discogs.com/release/5487380,1979,"7"" - Archive 05 - [...M-P...]"
"Middle Of The Road","Middle Of The Road","Chirpy Chirpy Cheep Cheep",https://www.discogs.com/release/4929356,1971,"7"" - Retro - 02 [H-R]"
"Middle Of The Road","Middle Of The Road","Samson And Delilah",https://www.discogs.com/release/5494555,1972,"7"" - Retro - 02 [H-R]"
"Middle Of The Road","Middle Of The Road","Soley Soley",https://www.discogs.com/release/4632648,1971,"7"" - Retro - 02 [H-R]"
"Middle Of The Road","Middle Of The Road","Tweedle Dee, Tweedle Dum",https://www.discogs.com/release/4821771,1971,"7"" - Retro - 02 [H-R]"
"Midge Ure","Midge Ure","If I Was",https://www.discogs.com/release/4856889,1985,"7"" - Playlist - 04 [...L-P...]"
"Midge Ure","Midge Ure","No Regrets",https://www.discogs.com/release/101230,1982,"7"" - Playlist - 04 [...L-P...]"
"Midge Ure & Mick Karn","Midge Ure & Mick Karn","After A Fashion",https://www.discogs.com/release/1813581,1983,"7"" - Archive 05 - [...M-P...]"
"Midnight Oil","Midnight Oil","Beds Are Burning",https://www.discogs.com/release/976235,1989,"7"" - Archive 05 - [...M-P...]"
"Midnight Star","Midnight Star","Midas Touch",https://www.discogs.com/release/6961803,1986,"7"" - Playlist - 04 [...L-P...]"
"Midnite Flite","Midnite Flite","Don't Turn Away",https://www.discogs.com/release/7105451,1976,"7"" - Archive 05 - [...M-P...]"
"Mighty Lemon Drops","Mighty Lemon Drops","Inside Out",https://www.discogs.com/release/2217920,1988,"7"" - Playlist - 04 [...L-P...]"
"Mighty Sam","Mighty Sam","When She Touches Me (Nothing Else Matters) / Just Like Old Times",https://www.discogs.com/release/12296091,1967,"7"" - Retro - 02 [H-R]"
"Mike & The Mechanics","Mike & The Mechanics","All I Need Is A Miracle",https://www.discogs.com/release/2589042,1986,Uncategorized
"Mike & The Mechanics","Mike & The Mechanics","Silent Running (On Dangerous Ground)",https://www.discogs.com/release/2222883,1985,"7"" - Playlist - 04 [...L-P...]"
"Mike & The Mechanics","Mike & The Mechanics","The Living Years",https://www.discogs.com/release/429639,1988,"7"" - Playlist - 04 [...L-P...]"
"Mike Batt With The New Edition","Mike Batt With The New Edition","Summertime City",https://www.discogs.com/release/424523,1975,"7"" - Archive 05 - [...M-P...]"
"Mike Berry","Mike Berry","Don't Ever Change / Take Me High",https://www.discogs.com/release/2952784,1978,"7"" - Archive 05 - [...M-P...]"
"Mike Berry","Mike Berry",Holly,https://www.discogs.com/release/3191792,1985,"7"" - Archive 05 - [...M-P...]"
"Mike Berry","Mike Berry","If I Could Only Make You Care",https://www.discogs.com/release/1364074,1980,"7"" - Archive 05 - [...M-P...]"
"Mike Berry","Mike Berry","The Sunshine Of Your Smile",https://www.discogs.com/release/468671,1980,"7"" - Archive 05 - [...M-P...]"
"Mike Berry With The Outlaws","Mike Berry With The Outlaws","Don't You Think It's Time",https://www.discogs.com/release/480040,1962,"7"" - Archive 05 - [...M-P...]"
"Mike McGear","Mike McGear","Sea Breezes (In Love) / Givin' Grease A Ride",https://www.discogs.com/release/2687499,1975,"7"" - Archive 05 - [...M-P...]"
"Mike Oldfield","Mike Oldfield","Blue Peter",https://www.discogs.com/release/3337475,1979,"7"" - Archive 05 - [...M-P...]"
"Mike Oldfield","Mike Oldfield",Guilty,https://www.discogs.com/release/142536,1979,"7"" - Archive 05 - [...M-P...]"
"Mike Oldfield","Mike Oldfield","In Dulci Jubilo / On Horseback",https://www.discogs.com/release/62984,1975,"7"" - Holiday [#,A-Z]"
"Mike Oldfield","Mike Oldfield","Mike Oldfield's Single (Theme From Tubular Bells)",https://www.discogs.com/release/8075233,1974,"7"" - Archive 05 - [...M-P...]"
"Mike Oldfield","Mike Oldfield","Moonlight Shadow",https://www.discogs.com/release/6229692,1983,"7"" - Archive 05 - [...M-P...]"
"Mike Oldfield","Mike Oldfield",Portsmouth,https://www.discogs.com/release/3700901,1976,"7"" - Archive 05 - [...M-P...]"
"Mike Post Featuring Larry Carlton","Mike Post Featuring Larry Carlton","The Theme From Hill Street Blues",https://www.discogs.com/release/680672,1981,"7"" - Archive 05 - [...M-P...]"
"Mike Reid","Mike Reid","The Ugly Duckling",https://www.discogs.com/release/7950165,1974,"7"" - Novelty [#,A-Z]"
"Mike Sammes Singers","Mike Sammes Singers","Somewhere My Love",https://www.discogs.com/release/1047577,1966,"7"" - Archive 05 - [...M-P...]"
"Miki & Griff","Miki & Griff","A Little Bitty Tear",https://www.discogs.com/release/5799538,1962,"7"" - Archive 05 - [...M-P...]"
"Milk And Honey Featuring Gali Atari","Milk And Honey Featuring Gali Atari",Hallelujah,https://www.discogs.com/release/1985373,1979,"7"" - Archive 05 - [...M-P...]"
"Milli Vanilli","Milli Vanilli","Baby Don't Forget My Number",https://www.discogs.com/release/1056101,1988,"7"" - Archive 05 - [...M-P...]"
"Milli Vanilli","Milli Vanilli","Blame It On The Rain",https://www.discogs.com/release/675851,1989,"7"" - Archive 05 - [...M-P...]"
"Millican & Nesbitt","Millican & Nesbitt","Vaya Con Dios (May God Be With You)",https://www.discogs.com/release/2154969,1973,"7"" - Archive 05 - [...M-P...]"
"Millie Small","Millie Small","My Boy Lollipop",https://www.discogs.com/release/10491929,1980,"7"" - Archive 05 - [...M-P...]"
"Millions Like Us","Millions Like Us","In Love With Yourself",https://www.discogs.com/release/601168,1988,"7"" - Archive 05 - [...M-P...]"
"Millions Like Us","Millions Like Us","One World (Ideal World)",https://www.discogs.com/release/436086,1988,"7"" - Archive 05 - [...M-P...]"
"Mink DeVille","Mink DeVille","Soul Twist",https://www.discogs.com/release/1470048,1979,"7"" - Playlist - 04 [...L-P...]"
"Mink DeVille","Mink DeVille","Spanish Stroll",https://www.discogs.com/release/1361563,1977,"7"" - Playlist - 04 [...L-P...]"
"Minnie Riperton","Minnie Riperton","Lovin' You",https://www.discogs.com/release/2676809,1974,"7"" - Retro - 02 [H-R]"
"Minnie Riperton","Minnie Riperton","Lovin' You",https://www.discogs.com/release/419589,1974,"7"" - Archive 05 - [...M-P...]"
Miracles,Miracles,"Love Machine (Part 1)",https://www.discogs.com/release/690640,1975,"7"" - Retro - 02 [H-R]"
Miracles,Miracles,"The Tears Of A Clown / The Tracks Of My Tears",https://www.discogs.com/release/584734,1976,"7"" - Retro - 02 [H-R]"
Miracles,Miracles,"The Tracks Of My Tears / I Second That Emotion",https://www.discogs.com/release/2012308,1983,"7"" - Retro - 02 [H-R]"
Mirage,Mirage,"Jack Mix II",https://www.discogs.com/release/1056416,1987,"7"" - Archive 05 - [...M-P...]"
Mirage,Mirage,"Jack Mix IV",https://www.discogs.com/release/2301818,1987,"7"" - Archive 05 - [...M-P...]"
"Mireille Mathieu & Patrick Duffy","Mireille Mathieu & Patrick Duffy","Together We're Strong / Something's Going On",https://www.discogs.com/release/5198386,1983,"7"" - Archive 05 - [...M-P...]"
Mission,Mission,"Beyond The Pale",https://www.discogs.com/release/11609830,1988,"7"" - Playlist - 04 [...L-P...]"
Mission,Mission,"Into The Blue",https://www.discogs.com/release/889953,1990,"7"" - Playlist - 04 [...L-P...]"
Mission,Mission,"Tower Of Strength",https://www.discogs.com/release/1753681,1988,"7"" - Playlist - 04 [...L-P...]"
Mission,Mission,V,https://www.discogs.com/release/2944609,1987,"7"" - Playlist - 04 [...L-P...]"
Mission,Mission,Wasteland,https://www.discogs.com/release/15744708,1987,"7"" - Playlist - 04 [...L-P...]"
"Mista Charge","Mista Charge","Show Me (What You're Made Of) / Down On Arcturus",https://www.discogs.com/release/924102,1976,"7"" - Archive 05 - [...M-P...]"
Misty,Misty,"D.O.A. / That's All Right / Blue Moon Of Kentucky",https://www.discogs.com/release/3370385,1977,"7"" - Archive 05 - [...M-P...]"
"Mitch Hiller","Mitch Hiller","It's Only Love",https://www.discogs.com/release/7285811,1975,"7"" - Archive 05 - [...M-P...]"
"Mitchell Armstrong","Mitchell Armstrong",Solitaire,https://www.discogs.com/release/13889582,"","7"" - Archive 05 - [...M-P...]"
Mixmaster,Mixmaster,"Grand Piano",https://www.discogs.com/release/161077,1989,"7"" - Archive 05 - [...M-P...]"
Mixtures,Mixtures,"Captain Zero",https://www.discogs.com/release/2653326,1971,"7"" - Archive 05 - [...M-P...]"
Mixtures,Mixtures,"The Pushbike Song",https://www.discogs.com/release/12381040,1971,"7"" - Retro - 02 [H-R]"
Mobiles,Mobiles,"Drowning In Berlin",https://www.discogs.com/release/1372945,1981,"7"" - Playlist - 04 [...L-P...]"
Mocedades,Mocedades,"Touch The Wind (Eres Tu)",https://www.discogs.com/release/5507394,1973,"7"" - Archive 05 - [...M-P...]"
"Mock Turtles","Mock Turtles","Can You Dig It?",https://www.discogs.com/release/495142,1991,"7"" - Playlist - 04 [...L-P...]"
"Modern Romance","Modern Romance","Ay Ay Ay Ay Moosey",https://www.discogs.com/release/1649556,1981,"7"" - Playlist - 04 [...L-P...]"
"Modern Romance","Modern Romance","Best Years Of Our Lives",https://www.discogs.com/release/1662489,1982,"7"" - Playlist - 04 [...L-P...]"
"Modern Romance","Modern Romance","Don't Stop That Crazy Rhythm",https://www.discogs.com/release/1258164,1983,"7"" - Playlist - 04 [...L-P...]"
"Modern Romance","Modern Romance","Everybody Salsa",https://www.discogs.com/release/2156716,1981,"7"" - Playlist - 04 [...L-P...]"
"Modern Romance","Modern Romance","Good Friday / Good Feelings (Re-Mix)",https://www.discogs.com/release/2179390,1983,"7"" - Archive 05 - [...M-P...]"
"Modern Romance","Modern Romance","High Life",https://www.discogs.com/release/1258159,1983,"7"" - Playlist - 04 [...L-P...]"
"Modern Romance","Modern Romance","Queen Of The Rapping Scene (Nothing Ever Goes The Way You Plan)",https://www.discogs.com/release/1182439,1981,"7"" - Archive 05 - [...M-P...]"
"Modern Romance","Modern Romance","Walking In The Rain",https://www.discogs.com/release/5074640,1983,"7"" - Playlist - 04 [...L-P...]"
"Modern Romance","Modern Romance Feat. John Du Prez","Cherry Pink And Apple Blossom White",https://www.discogs.com/release/1338374,1982,"7"" - Playlist - 04 [...L-P...]"
"Modern Talking","Modern Talking","Brother Louie",https://www.discogs.com/release/1103656,1986,"7"" - Playlist - 04 [...L-P...]"
"Moir Sisters","Moir Sisters","Good Morning (How Are You?)",https://www.discogs.com/release/3700626,1974,"7"" - Archive 05 - [...M-P...]"
Moments,Moments,"Dolly My Love",https://www.discogs.com/release/1192960,1975,"7"" - Retro - 02 [H-R]"
Moments,Moments,"Jack In The Box",https://www.discogs.com/release/4391005,1976,"7"" - Retro - 02 [H-R]"
"Moments And The Whatnauts","Moments And The Whatnauts",Girls,https://www.discogs.com/release/15798690,1975,"7"" - Retro - 02 [H-R]"
Monkees,Monkees,"A Little Bit Me, A Little Bit You",https://www.discogs.com/release/1222379,1967,"7"" - Retro - 02 [H-R]"
Monkees,Monkees,"D. W. ウォッシュバーン = D. W. Washburn / 君と一緒に = It's Nice To Be With You",https://www.discogs.com/release/8275159,1968,"7"" - Retro - 02 [H-R]"
Monkees,Monkees,"Daydream Believer",https://www.discogs.com/release/483307,1967,"7"" - Retro - 02 [H-R]"
Monkees,Monkees,"I'm A Believer",https://www.discogs.com/release/15684384,1966,"7"" - Retro - 02 [H-R]"
Monkees,Monkees,"Last Train To Clarksville",https://www.discogs.com/release/8827635,1966,"7"" - Retro - 02 [H-R]"
Monkees,Monkees,"Monkee's Theme / I'm A Believer",https://www.discogs.com/release/2899044,"","7"" - Retro - 02 [H-R]"
Monkees,Monkees,"Pleasant Valley Sunday / Words",https://www.discogs.com/release/1417757,1967,"7"" - Retro - 02 [H-R]"
Monkees,Monkees,"The Monkees EP",https://www.discogs.com/release/2074423,1980,"7"" - Retro - 02 [H-R]"
Monroes,Monroes,Cheerio,https://www.discogs.com/release/3774587,1986,"7"" - Archive 05 - [...M-P...]"
Monroes,Monroes,"Wish You Were Here",https://www.discogs.com/release/2097420,1986,"7"" - Archive 05 - [...M-P...]"
Monsoon,Monsoon,"Ever So Lonely",https://www.discogs.com/release/10043368,1982,"7"" - Playlist - 04 [...L-P...]"
Montrose,Montrose,"Bad Motor Scooter",https://www.discogs.com/release/2911486,1974,"7"" - Archive 05 - [...M-P...]"
"Monty Python","Monty Python","Lumberjack Song",https://www.discogs.com/release/3947600,1975,"7"" - Novelty [#,A-Z]"
Monyaka,Monyaka,"Go Deh Yaka (Go To The Top) (Edit)",https://www.discogs.com/release/8811050,1983,"7"" - Playlist - 04 [...L-P...]"
"Moody Blues","Moody Blues","Go Now",https://www.discogs.com/release/10500407,1964,"7"" - Retro - 02 [H-R]"
"Moody Blues","Moody Blues","Nights In White Satin",https://www.discogs.com/release/2196345,"","7"" - Retro - 02 [H-R]"
"Moody Blues","Moody Blues","Question ",https://www.discogs.com/release/476072,1970,"7"" - Retro - 02 [H-R]"
"Moody Blues","Moody Blues","Steppin' In A Slide Zone",https://www.discogs.com/release/1170126,1978,"7"" - Retro - 02 [H-R]"
"Morris Albert","Morris Albert",Feelings,https://www.discogs.com/release/11580702,1974,"7"" - Archive 05 - [...M-P...]"
"Morris Minor And The Majors","Morris Minor And The Majors","Stutter Rap (No Sleep Til Bedtime)",https://www.discogs.com/release/5744049,1987,"7"" - Novelty [#,A-Z]"
Morrissey,Morrissey,"Everyday Is Like Sunday",https://www.discogs.com/release/418932,1988,"7"" - Playlist - 04 [...L-P...]"
Morrissey,Morrissey,"Ouija Board, Ouija Board",https://www.discogs.com/release/474663,1989,"7"" - Playlist - 04 [...L-P...]"
Morrissey,Morrissey,Suedehead,https://www.discogs.com/release/410610,1988,"7"" - Playlist - 04 [...L-P...]"
Morrissey,Morrissey,"The Last Of The Famous International Playboys",https://www.discogs.com/release/409748,1989,"7"" - Playlist - 04 [...L-P...]"
"Mother Freedom Band","Mother Freedom Band","Beautiful Summer Day",https://www.discogs.com/release/3487724,1977,"7"" - Archive 05 - [...M-P...]"
"Motley Crue","Mötley Crüe","Dr. Feelgood",https://www.discogs.com/release/3973222,1989,"7"" - Playlist - 04 [...L-P...]"
Motorhead,"Motörhead",Motorhead,https://www.discogs.com/release/1495335,1981,"7"" - Playlist - 04 [...L-P...]"
Motorhead,"Motörhead",Overkill,https://www.discogs.com/release/5820108,"","7"" - Playlist - 04 [...L-P...]"
Motorhead,"Motörhead / Girlschool","St Valentines Day Massacre",https://www.discogs.com/release/6716623,1981,"7"" - Playlist - 04 [...L-P...]"
Motors,Motors,Airport,https://www.discogs.com/release/473643,1978,"7"" - Playlist - 04 [...L-P...]"
Motors,Motors,"Be What You Gotta Be",https://www.discogs.com/release/586678,1977,"7"" - Playlist - 04 [...L-P...]"
Motors,Motors,"Dancing The Night Away",https://www.discogs.com/release/473642,1977,"7"" - Playlist - 04 [...L-P...]"
Motors,Motors,"Forget About You",https://www.discogs.com/release/12048739,1978,"7"" - Playlist - 04 [...L-P...]"
"Mott The Hoople","Mott The Hoople","All The Young Dudes",https://www.discogs.com/release/7220908,1972,"7"" - Retro - 02 [H-R]"
"Mott The Hoople","Mott The Hoople","Honaloochie Boogie ",https://www.discogs.com/release/482091,1973,"7"" - Retro - 02 [H-R]"
"Mott The Hoople","Mott The Hoople","Roll Away The Stone",https://www.discogs.com/release/3246303,1973,"7"" - Retro - 02 [H-R]"
"Mott The Hoople","Mott The Hoople","Saturday Gig",https://www.discogs.com/release/1469723,1974,"7"" - Retro - 02 [H-R]"
"Mott The Hoople","Mott The Hoople","The Golden Age Of Rock 'N' Roll",https://www.discogs.com/release/3711500,1974,"7"" - Retro - 02 [H-R]"
"Mouth & MacNeal","Mouth & MacNeal","I See A Star",https://www.discogs.com/release/10457550,1974,"7"" - Archive 05 - [...M-P...]"
Move,Move,"California Man",https://www.discogs.com/release/5652942,1972,"7"" - Retro - 02 [H-R]"
Move,Move,Chinatown,https://www.discogs.com/release/1467339,1971,"7"" - Retro - 02 [H-R]"
Move,Move,Curly,https://www.discogs.com/release/469765,1969,"7"" - Retro - 02 [H-R]"
Move,Move,Tonight,https://www.discogs.com/release/1467575,1971,"7"" - Retro - 02 [H-R]"
"Moving Violation","Moving Violation","Spinnin' Top",https://www.discogs.com/release/13101364,1974,"7"" - Archive 05 - [...M-P...]"
"Mr Big","Mr Big",Romeo,https://www.discogs.com/release/1525983,1977,"7"" - Archive 05 - [...M-P...]"
"Mr. Blobby","Mr. Blobby","Mr Blobby",https://www.discogs.com/release/611331,1993,"7"" - Novelty [#,A-Z]"
"Mr. Bloe","Mr. Bloe","Land Of A Thousand Dances",https://www.discogs.com/release/6235914,1975,"7"" - Archive 05 - [...M-P...]"
"Mr. George","Mr. George","Lazy Susan",https://www.discogs.com/release/5942865,1973,"7"" - Archive 05 - [...M-P...]"
"Mr. Jim And The Rhythm Machine","Mr. Jim And The Rhythm Machine","(Do The) Hot Pants / Midnight In Madrid",https://www.discogs.com/release/1600274,1971,"7"" - Archive 05 - [...M-P...]"
"Mr. Mister","Mr. Mister","Broken Wings",https://www.discogs.com/release/1416225,1985,"7"" - Playlist - 04 [...L-P...]"
"Mr. Mister","Mr. Mister",Kyrie,https://www.discogs.com/release/1764202,1986,"7"" - Playlist - 04 [...L-P...]"
"Mrs. Mills","Mrs. Mills","Mrs. Mills Party Medley",https://www.discogs.com/release/7201133,1964,"7"" - Archive 05 - [...M-P...]"
Mud,Mud,Crazy,https://www.discogs.com/release/6367249,1973,"7"" - Retro - 02 [H-R]"
Mud,Mud,Dyna-Mite,https://www.discogs.com/release/1743370,1973,"7"" - Retro - 02 [H-R]"
Mud,Mud,Hypnosis,https://www.discogs.com/release/2083682,1973,"7"" - Retro - 02 [H-R]"
Mud,Mud,"L' L' Lucy",https://www.discogs.com/release/1297035,1975,"7"" - Archive 05 - [...M-P...]"
Mud,Mud,"Lean On Me",https://www.discogs.com/release/1645026,1976,"7"" - Archive 05 - [...M-P...]"
Mud,Mud,"Lonely This Christmas",https://www.discogs.com/release/968864,1974,"7"" - Holiday [#,A-Z]"
Mud,Mud,"Moonshine Sally",https://www.discogs.com/release/6346487,1975,"7"" - Archive 05 - [...M-P...]"
Mud,Mud,"Oh Boy",https://www.discogs.com/release/7450836,1975,"7"" - Archive 05 - [...M-P...]"
Mud,Mud,Rocket,https://www.discogs.com/release/967927,1974,"7"" - Archive 05 - [...M-P...]"
Mud,Mud,"Show Me You're A Woman",https://www.discogs.com/release/377177,1975,"7"" - Archive 05 - [...M-P...]"
Mud,Mud,"Slow Talking Boy",https://www.discogs.com/release/3329158,1977,"7"" - Archive 05 - [...M-P...]"
Mud,Mud,"The Cat Crept In",https://www.discogs.com/release/1469712,1974,"7"" - Archive 05 - [...M-P...]"
Mud,Mud,"The Secrets That You Keep / Still Watching The Clock",https://www.discogs.com/release/14991485,1975,"7"" - Archive 05 - [...M-P...]"
Mud,Mud,"Tiger Feet",https://www.discogs.com/release/540706,1974,"7"" - Retro - 02 [H-R]"
"Muddy Waters","Muddy Waters","Mannish Boy",https://www.discogs.com/release/2922982,1988,"7"" - Archive 05 - [...M-P...]"
Mudlarks,Mudlarks,"Book Of Love",https://www.discogs.com/release/6372857,1958,"7"" - Archive 05 - [...M-P...]"
"Mungo Jerry","Mungo Jerry","Alright, Alright, Alright",https://www.discogs.com/release/665865,1973,"7"" - Archive 05 - [...M-P...]"
"Mungo Jerry","Mungo Jerry","Baby Jump",https://www.discogs.com/release/4624126,1971,"7"" - Archive 05 - [...M-P...]"
"Mungo Jerry","Mungo Jerry","In The Summertime / Mighty Man / Dust Pneumonia Blues",https://www.discogs.com/release/464345,1970,"7"" - Retro - 02 [H-R]"
"Mungo Jerry","Mungo Jerry","Lady Rose",https://www.discogs.com/release/4532171,1971,"7"" - Archive 05 - [...M-P...]"
"Mungo Jerry","Mungo Jerry","Long Legged Woman Dressed In Black",https://www.discogs.com/release/1469658,1974,"7"" - Archive 05 - [...M-P...]"
"Mungo Jerry","Mungo Jerry","Salta Nena",https://www.discogs.com/release/5672476,1971,"7"" - Archive 05 - [...M-P...]"
"Mungo Jerry","Mungo Jerry","You Don't Have To Be In The Army To Fight In The War",https://www.discogs.com/release/1469701,1971,"7"" - Archive 05 - [...M-P...]"
Muppets,Muppets,"For What It's Worth",https://www.discogs.com/release/9264357,1978,"7"" - Novelty [#,A-Z]"
Muppets,Muppets,"Halfway Down The Stairs",https://www.discogs.com/release/667681,1977,"7"" - Novelty [#,A-Z]"
Muppets,Muppets,"The Muppet Show Music Hall",https://www.discogs.com/release/1469646,1977,"7"" - Novelty [#,A-Z]"
"Murray Head","Murray Head","One Night In Bangkok",https://www.discogs.com/release/4503753,1984,"7"" - Playlist - 04 [...L-P...]"
"Musical Youth","Musical Youth",Heartbreaker,https://www.discogs.com/release/1200855,1983,"7"" - Archive 05 - [...M-P...]"
"Musical Youth","Musical Youth","Never Gonna Give You Up",https://www.discogs.com/release/1160949,1983,"7"" - Archive 05 - [...M-P...]"
"Musical Youth","Musical Youth","Pass The Dutchie",https://www.discogs.com/release/552318,1982,"7"" - Playlist - 04 [...L-P...]"
"Musical Youth","Musical Youth","Tell Me Why",https://www.discogs.com/release/1200863,1983,"7"" - Archive 05 - [...M-P...]"
"Musical Youth","Musical Youth","Youth Of Today",https://www.discogs.com/release/846731,1982,"7"" - Archive 05 - [...M-P...]"
Musique,Musique,"In The Bush",https://www.discogs.com/release/669185,1978,"7"" - Archive 05 - [...M-P...]"
"Mylène Farmer","Mylène Farmer",Tristana,https://www.discogs.com/release/395006,1987,"7"" - Archive 05 - [...M-P...]"
"Mystic Merlin","Mystic Merlin","Just Can't Give You Up",https://www.discogs.com/release/411669,1980,"7"" - Archive 05 - [...M-P...]"
"Mystic Merlin","Mystic Merlin","Just Can't Give You Up",https://www.discogs.com/release/2589466,1980,"7"" - Archive 05 - [...M-P...]"
"Mystic Revelation Of Rastafari","Mystic Revelation Of Rastafari","Drummer Boy",https://www.discogs.com/release/14754391,1986,"7"" - Archive 05 - [...M-P...]"
"Münchener Freiheit","Münchener Freiheit","Keeping The Dream Alive",https://www.discogs.com/release/5736320,1988,"7"" - Archive 05 - [...M-P...]"
"Naked Eyes","Naked Eyes","(What) In The Name Of Love",https://www.discogs.com/release/659711,1984,"7"" - Archive 05 - [...M-P...]"
"Nana Mouskouri","Nana Mouskouri","Only Love",https://www.discogs.com/release/3507778,1985,"7"" - Archive 05 - [...M-P...]"
"Nancy Sinatra","Nancy Sinatra","These Boots Are Made For Walkin'",https://www.discogs.com/release/957261,1965,"7"" - Retro - 02 [H-R]"
"Nancy Sinatra","Nancy Sinatra","You Only Live Twice",https://www.discogs.com/release/2025419,1967,"7"" - Retro - 02 [H-R]"
"Nancy Sinatra & Lee Hazlewood","Nancy Sinatra & Lee Hazlewood","Did You Ever",https://www.discogs.com/release/1775690,1971,"7"" - Retro - 02 [H-R]"
"Nancy Sinatra And Frank Sinatra","Nancy Sinatra And Frank Sinatra","Somethin' Stupid",https://www.discogs.com/release/16101556,1967,"7"" - Retro - 02 [H-R]"
"Napoleon XIV","Napoleon XIV","They're Coming To Take Me Away, Ha-Haa!",https://www.discogs.com/release/3480535,1973,"7"" - Novelty [#,A-Z]"
"Narada Michael Walden","Narada Michael Walden","I Shoulda Loved Ya",https://www.discogs.com/release/9673933,1979,"7"" - Archive 05 - [...M-P...]"
"Narada Michael Walden","Narada Michael Walden","Tonight I'm Alright",https://www.discogs.com/release/1506803,1979,"7"" - Archive 05 - [...M-P...]"
"Narvel Felts","Narvel Felts","I Want To Stay",https://www.discogs.com/release/11404064,1975,"7"" - Archive 05 - [...M-P...]"
"Nashville Teens","Nashville Teens","Tobacco Road / All Along The Watchtower",https://www.discogs.com/release/2455980,1969,"7"" - Retro - 02 [H-R]"
"Nat King Cole","Nat King Cole","Cappuccina / Let True Love Begin",https://www.discogs.com/release/757417,1961,"7"" - Archive 05 - [...M-P...]"
"Nat King Cole","Nat King Cole","Ramblin' Rose",https://www.discogs.com/release/1660950,1962,"7"" - Archive 05 - [...M-P...]"
"Nat King Cole","Nat King Cole","When I Fall In Love",https://www.discogs.com/release/6660673,1987,"7"" - Retro - 02 [H-R]"
"Nat King Cole, The George Shearing Quintet","Nat King Cole, The George Shearing Quintet","Let There Be Love / I'm Lost",https://www.discogs.com/release/721042,1962,"7"" - Retro - 02 [H-R]"
"Natalie Cole","Natalie Cole","I Live For Your Love",https://www.discogs.com/release/5966672,1988,"7"" - Archive 05 - [...M-P...]"
"Natalie Cole","Natalie Cole","Miss You Like Crazy",https://www.discogs.com/release/5203692,1989,"7"" - Playlist - 04 [...L-P...]"
"Natalie Cole","Natalie Cole","Pink Cadillac",https://www.discogs.com/release/4392755,1988,"7"" - Playlist - 04 [...L-P...]"
"Natalie Cole","Natalie Cole","This Will Be",https://www.discogs.com/release/1755235,1975,"7"" - Archive 05 - [...M-P...]"
"Natasha England","Natasha England",Iko-Iko,https://www.discogs.com/release/1051468,1982,"7"" - Playlist - 04 [...L-P...]"
Naturals,Naturals,"Funky Rasta ",https://www.discogs.com/release/4409252,1987,"7"" - Archive 05 - [...M-P...]"
Nazareth,Nazareth,"Broken Down Angel",https://www.discogs.com/release/1854645,1973,"7"" - Archive 05 - [...M-P...]"
Nazareth,Nazareth,"Hot Tracks",https://www.discogs.com/release/1168939,1977,"7"" - Archive 05 - [...M-P...]"
Nazareth,Nazareth,"Love Hurts",https://www.discogs.com/release/2224059,1974,"7"" - Retro - 02 [H-R]"
Nazareth,Nazareth,"May The Sunshine",https://www.discogs.com/release/7697175,1979,"7"" - Archive 05 - [...M-P...]"
Nazareth,Nazareth,"My White Bicycle",https://www.discogs.com/release/1176143,1975,"7"" - Archive 05 - [...M-P...]"
Nazareth,Nazareth,"Place In Your Heart",https://www.discogs.com/release/13623822,1977,"7"" - Archive 05 - [...M-P...]"
Nazareth,Nazareth,"Shanghai'd In Shanghai",https://www.discogs.com/release/15356752,1974,"7"" - Archive 05 - [...M-P...]"
Nazareth,Nazareth,"This Flight Tonight",https://www.discogs.com/release/1336123,1973,"7"" - Retro - 02 [H-R]"
"Ned Miller","Ned Miller","From A Jack To A King",https://www.discogs.com/release/11074393,1963,"7"" - Archive 05 - [...M-P...]"
Neil,Neil,"Hole In My Shoe",https://www.discogs.com/release/983974,1984,"7"" - Novelty [#,A-Z]"
"Neil Diamond","Neil Diamond","Beautiful Noise",https://www.discogs.com/release/3923271,1976,"7"" - Retro - 02 [H-R]"
"Neil Diamond","Neil Diamond","Cracklin' Rosie",https://www.discogs.com/release/7195074,1970,"7"" - Retro - 02 [H-R]"
"Neil Diamond","Neil Diamond","Don't Think....Feel",https://www.discogs.com/release/10889859,1977,"7"" - Archive 05 - [...M-P...]"
"Neil Diamond","Neil Diamond","Forever In Blue Jeans",https://www.discogs.com/release/13438580,1979,"7"" - Archive 05 - [...M-P...]"
"Neil Diamond","Neil Diamond","He Ain't Heavy ... He's My Brother",https://www.discogs.com/release/4504060,1970,"7"" - Archive 05 - [...M-P...]"
"Neil Diamond","Neil Diamond",Heartlight,https://www.discogs.com/release/9616665,1982,"7"" - Archive 05 - [...M-P...]"
"Neil Diamond","Neil Diamond","I Am... I Said / Done Too Soon",https://www.discogs.com/release/1410063,1971,"7"" - Retro - 02 [H-R]"
"Neil Diamond","Neil Diamond","If You Know What I Mean",https://www.discogs.com/release/1470510,1976,"7"" - Archive 05 - [...M-P...]"
"Neil Diamond","Neil Diamond","Longfellow Serenade",https://www.discogs.com/release/2122566,1974,"7"" - Archive 05 - [...M-P...]"
"Neil Diamond","Neil Diamond","Love On The Rocks",https://www.discogs.com/release/474866,1980,"7"" - Retro - 02 [H-R]"
"Neil Diamond","Neil Diamond","Morning Has Broken / Santa Claus Is Comin' To Town",https://www.discogs.com/release/2220209,1992,"7"" - Holiday [#,A-Z]"
"Neil Diamond","Neil Diamond","Song Sung Blue",https://www.discogs.com/release/1723658,1972,"7"" - Retro - 02 [H-R]"
"Neil Diamond","Neil Diamond",Stones,https://www.discogs.com/release/5590928,1971,"7"" - Archive 05 - [...M-P...]"
"Neil Diamond","Neil Diamond","Sweet Caroline",https://www.discogs.com/release/1830596,1971,"7"" - Retro - 02 [H-R]"
"Neil Reid","Neil Reid","Mother Of Mine",https://www.discogs.com/release/12272056,1971,"7"" - Archive 05 - [...M-P...]"
"Neil Reid","Neil Reid","That's What I Want To Be ",https://www.discogs.com/release/9414984,1972,"7"" - Archive 05 - [...M-P...]"
"Neil Sedaka","Neil Sedaka","A Little Lovin'",https://www.discogs.com/release/1204574,1974,"7"" - Archive 05 - [...M-P...]"
"Neil Sedaka","Neil Sedaka","Breaking Up Is Hard To Do",https://www.discogs.com/release/11236980,1962,"7"" - Retro - 02 [H-R]"
"Neil Sedaka","Neil Sedaka","Laughter In The Rain",https://www.discogs.com/release/5074740,1974,"7"" - Archive 05 - [...M-P...]"
"Neil Sedaka","Neil Sedaka","Little Devil",https://www.discogs.com/release/562846,1961,"7"" - Archive 05 - [...M-P...]"
"Neil Sedaka","Neil Sedaka","Love In The Shadows",https://www.discogs.com/release/2141983,1976,"7"" - Archive 05 - [...M-P...]"
"Neil Young","Neil Young","Only Love Can Break Your Heart / Cinnamon Girl",https://www.discogs.com/release/1490598,"","7"" - Archive 05 - [...M-P...]"
"Neil Young & Crazy Horse","Neil Young & Crazy Horse","My My, Hey Hey (Out Of The Blue)",https://www.discogs.com/release/4565123,1979,"7"" - Archive 05 - [...M-P...]"
Nemo,Nemo,"The Sun Has Got His Hat On",https://www.discogs.com/release/4685439,1975,"7"" - Archive 05 - [...M-P...]"
Nena,Nena,"99 Red Balloons",https://www.discogs.com/release/7419097,1983,"7"" - Playlist - 04 [...L-P...]"
"Neneh Cherry","Neneh Cherry","Buffalo Stance",https://www.discogs.com/release/5273072,1988,"7"" - Playlist - 04 [...L-P...]"
"Neneh Cherry","Neneh Cherry",Manchild,https://www.discogs.com/release/3118451,1989,"7"" - Playlist - 04 [...L-P...]"
"Neville Brothers","Neville Brothers","Fly Like An Eagle",https://www.discogs.com/release/4420288,1992,"7"" - Archive 05 - [...M-P...]"
"Neville Brothers","Neville Brothers","With God On Our Side",https://www.discogs.com/release/2159683,1989,"7"" - Archive 05 - [...M-P...]"
"Neville Dickie","Neville Dickie","The Robin's Return",https://www.discogs.com/release/2161974,1969,"7"" - Archive 05 - [...M-P...]"
"New Edition","New Edition","Candy Girl",https://www.discogs.com/release/209125,1983,"7"" - Archive 05 - [...M-P...]"
"New Edition","New Edition","Mr. Telephone Man",https://www.discogs.com/release/11792979,1984,"7"" - Archive 05 - [...M-P...]"
"New England","New England","Puny Undernourished Kid",https://www.discogs.com/release/2170009,1979,"7"" - Playlist - 04 [...L-P...]"
"New Kids On The Block","New Kids On The Block","Cover Girl",https://www.discogs.com/release/1566949,1990,"7"" - Archive 05 - [...M-P...]"
"New Kids On The Block","New Kids On The Block","I'll Be Loving You (Forever)",https://www.discogs.com/release/1749304,1990,"7"" - Archive 05 - [...M-P...]"
"New Kids On The Block","New Kids On The Block","Let's Try It Again / Didn't I (Blow Your Mind)",https://www.discogs.com/release/1257688,1990,"7"" - Archive 05 - [...M-P...]"
"New Kids On The Block","New Kids On The Block","Step By Step",https://www.discogs.com/release/1749319,1990,"7"" - Archive 05 - [...M-P...]"
"New Kids On The Block","New Kids On The Block",Tonight,https://www.discogs.com/release/919202,1990,"7"" - Archive 05 - [...M-P...]"
"New Kids On The Block","New Kids On The Block","You Got It (The Right Stuff)",https://www.discogs.com/release/491955,1989,"7"" - Archive 05 - [...M-P...]"
"New Musik","New Musik","Living By Numbers",https://www.discogs.com/release/67624,1979,"7"" - Playlist - 04 [...L-P...]"
"New Musik","New Musik",Sanctuary,https://www.discogs.com/release/67626,1980,"7"" - Archive 05 - [...M-P...]"
"New Musik","New Musik","This World Of Water",https://www.discogs.com/release/10936443,1980,"7"" - Playlist - 04 [...L-P...]"
"New Order","New Order","Blue Monday 1988",https://www.discogs.com/release/2640808,1988,"7"" - Playlist - 04 [...L-P...]"
"New Order","New Order","Touched By The Hand Of God",https://www.discogs.com/release/113726,1987,"7"" - Playlist - 04 [...L-P...]"
"New Order","New Order","True Faith '94",https://www.discogs.com/release/1320992,1994,"7"" - Playlist - 04 [...L-P...]"
"New Order","New Order","World In Motion...",https://www.discogs.com/release/1179580,1990,"7"" - Playlist - 04 [...L-P...]"
"New Philharmonia Orchestra","New Philharmonia Orchestra","Theme Of BBC Tv's The Pallisers",https://www.discogs.com/release/3504977,1974,"7"" - Archive 05 - [...M-P...]"
"New Seekers","New Seekers","Anthem (One Day In Every Week)",https://www.discogs.com/release/1470649,1978,"7"" - Archive 05 - [...M-P...]"
"New Seekers","New Seekers","Beg, Steal Or Borrow",https://www.discogs.com/release/13481173,1972,"7"" - Retro - 02 [H-R]"
"New Seekers","New Seekers",Circles,https://www.discogs.com/release/611582,1972,"7"" - Archive 05 - [...M-P...]"
"New Seekers","New Seekers","I Wanna Go Back",https://www.discogs.com/release/1469982,1976,"7"" - Archive 05 - [...M-P...]"
"New Seekers","New Seekers","I'd Like To Teach The World To Sing (In Perfect Harmony)",https://www.discogs.com/release/5457278,1971,"7"" - Retro - 02 [H-R]"
"New Seekers","New Seekers","Never Ending Song Of Love",https://www.discogs.com/release/3238150,1971,"7"" - Retro - 02 [H-R]"
"New Seekers","New Seekers","Pinball Wizard / See Me, Feel Me",https://www.discogs.com/release/3306796,1973,"7"" - Archive 05 - [...M-P...]"
"New Seekers","New Seekers","Sing Hallelujah",https://www.discogs.com/release/9840995,1974,"7"" - Archive 05 - [...M-P...]"
"New Seekers","New Seekers","We've Got To Do It Now",https://www.discogs.com/release/3744153,1973,"7"" - Archive 05 - [...M-P...]"
"New Seekers","New Seekers","You Won't Find Another Fool Like Me",https://www.discogs.com/release/11414467,1973,"7"" - Retro - 02 [H-R]"
"New Seekers / Peter Paul And Marty","New Seekers / Peter Paul And Marty","I Get A Little Sentimental Over You / Ride A Horse",https://www.discogs.com/release/530583,1974,"7"" - Archive 05 - [...M-P...]"
"New Seekers Featuring Marty Kristian","New Seekers Featuring Marty Kristian","Come Softly To Me",https://www.discogs.com/release/1970204,1972,"7"" - Archive 05 - [...M-P...]"
"New Vaudeville Band","New Vaudeville Band","Winchester Cathedral",https://www.discogs.com/release/6753614,1966,"7"" - Archive 05 - [...M-P...]"
"New World","New World","Kara, Kara",https://www.discogs.com/release/1470644,1971,"7"" - Archive 05 - [...M-P...]"
"New World","New World","Rose Garden",https://www.discogs.com/release/2460621,1971,"7"" - Retro - 02 [H-R]"
"New World","New World","Tom-Tom Turnaround",https://www.discogs.com/release/5516881,1971,"7"" - Archive 05 - [...M-P...]"
"New York City","New York City","I'm Doin' Fine Now / Ain't It So",https://www.discogs.com/release/1744544,1973,"7"" - Archive 05 - [...M-P...]"
"New York Dolls Featuring Johnny Thunders","New York Dolls Featuring Johnny Thunders","Looking For A Kiss",https://www.discogs.com/release/3124806,1986,"7"" - Playlist - 04 [...L-P...]"
"New York Theatre Orchestra","New York Theatre Orchestra","Mary Poppins",https://www.discogs.com/release/4139930,1965,"7"" - Archive 05 - [...M-P...]"
"Newcastle United F.C","Newcastle United F.C","The Black And White Army",https://www.discogs.com/release/6589711,1976,"7"" - Archive 05 - [...M-P...]"
"Nick Berry","Nick Berry","Every Loser Wins",https://www.discogs.com/release/1361201,1986,"7"" - Archive 05 - [...M-P...]"
"Nick Berry","Nick Berry",Heartbeat,https://www.discogs.com/release/1361199,1992,"7"" - Archive 05 - [...M-P...]"
"Nick Heyward","Nick Heyward","Blue Hat For A Blue Day",https://www.discogs.com/release/5925364,1983,"7"" - Playlist - 04 [...L-P...]"
"Nick Heyward","Nick Heyward","Warning Sign",https://www.discogs.com/release/3470402,1984,"7"" - Playlist - 04 [...L-P...]"
"Nick Kamen","Nick Kamen","Bring Me Your Love",https://www.discogs.com/release/2031131,1988,"7"" - Archive 05 - [...M-P...]"
"Nick Kamen","Nick Kamen","Each Time You Break My Heart",https://www.discogs.com/release/747692,1986,"7"" - Playlist - 04 [...L-P...]"
"Nick Kamen","Nick Kamen","Loving You Is Sweeter Than Ever ",https://www.discogs.com/release/1646238,1987,"7"" - Playlist - 04 [...L-P...]"
"Nick Lowe","Nick Lowe","American Squirm",https://www.discogs.com/release/849305,1978,"7"" - Playlist - 04 [...L-P...]"
"Nick Lowe","Nick Lowe","Cruel To Be Kind",https://www.discogs.com/release/10354534,1979,"7"" - Playlist - 04 [...L-P...]"
"Nick Lowe","Nick Lowe","I Love The Sound Of Breaking Glass",https://www.discogs.com/release/5930611,1978,"7"" - Playlist - 04 [...L-P...]"
"Nick Straker Band","Nick Straker Band","A Walk In The Park",https://www.discogs.com/release/495790,1979,"7"" - Playlist - 04 [...L-P...]"
"Nick Straker Band","Nick Straker Band","Leaving On The Midnight Train",https://www.discogs.com/release/2364496,1980,"7"" - Archive 05 - [...M-P...]"
Nicole,Nicole,"A Little Peace",https://www.discogs.com/release/6168301,1982,"7"" - Archive 05 - [...M-P...]"
"Nik Kershaw","Nik Kershaw","Dancing Girls",https://www.discogs.com/release/90034,1984,"7"" - Playlist - 04 [...L-P...]"
"Nik Kershaw","Nik Kershaw","Don Quixote",https://www.discogs.com/release/803380,1985,"7"" - Playlist - 04 [...L-P...]"
"Nik Kershaw","Nik Kershaw","Human Racing",https://www.discogs.com/release/478981,1984,"7"" - Playlist - 04 [...L-P...]"
"Nik Kershaw","Nik Kershaw","I Won't Let The Sun Go Down",https://www.discogs.com/release/716186,1984,"7"" - Playlist - 04 [...L-P...]"
"Nik Kershaw","Nik Kershaw","The Riddle",https://www.discogs.com/release/15030016,1984,"7"" - Playlist - 04 [...L-P...]"
"Nik Kershaw","Nik Kershaw","Wide Boy",https://www.discogs.com/release/8778231,1985,"7"" - Playlist - 04 [...L-P...]"
"Nik Kershaw","Nik Kershaw","Wouldn't It Be Good",https://www.discogs.com/release/90297,1984,"7"" - Playlist - 04 [...L-P...]"
"Nina & Frederik","Nina & Frederik","Christmas At Home With Nina And Frederik",https://www.discogs.com/release/12800783,1961,"7"" - Holiday [#,A-Z]"
"Nina & Frederik","Nina & Frederik","Christmas Time In London / Little Shepherd Boy",https://www.discogs.com/release/10541054,1961,"7"" - Holiday [#,A-Z]"
"Nina & Frederik","Nina & Frederik","Listen To The Ocean",https://www.discogs.com/release/1461317,1959,"7"" - Archive 05 - [...M-P...]"
"Nina & Frederik","Nina & Frederik","Mary's Boy Child",https://www.discogs.com/release/3744855,1960,"7"" - Holiday [#,A-Z]"
"Nina & Frederik","Nina & Frederik","Nina And Frederik",https://www.discogs.com/release/8018705,"","7"" - Archive 05 - [...M-P...]"
"Nina & Frederik With Jørn Grauengaards Kvintet","Nina & Frederik With Jørn Grauengaards Kvintet","Little Donkey",https://www.discogs.com/release/1461289,1960,"7"" - Holiday [#,A-Z]"
"Nina Simone","Nina Simone","Ain't Got No - I Got Life / Do What You Gotta Do",https://www.discogs.com/release/3400780,1968,"7"" - Retro - 02 [H-R]"
"Nina Simone","Nina Simone","I Loves You Porgy",https://www.discogs.com/release/3317066,1959,"7"" - Retro - 02 [H-R]"
"Nina Simone","Nina Simone","My Baby Just Cares For Me",https://www.discogs.com/release/1349509,1985,"7"" - Retro - 02 [H-R]"
Nirvana,Nirvana,"Smells Like Teen Spirit",https://www.discogs.com/release/1299681,1991,"7"" - Playlist - 04 [...L-P...]"
"No Artist","No Artist","Serato Scratch Live Control Record 7"" (Pair)",https://www.discogs.com/release/10563344,2017,"7"" - Playlist - 01 [#,A-C...]"
"No Artist","No Artist","Sound Effects - Crowds",https://www.discogs.com/release/5222880,1968,"7"" - Archive 05 - [...M-P...]"
"Noel Harrison","Noel Harrison","The Windmills Of Your Mind",https://www.discogs.com/release/8502212,"","7"" - Retro - 02 [H-R]"
"Noel Murphy","Noel Murphy","Murphy And The Bricks / Kenny The Kangaroo",https://www.discogs.com/release/2270298,1990,"7"" - Novelty [#,A-Z]"
"Noele Gordon / Werner Tautz Orchestra","Noele Gordon / Werner Tautz Orchestra","To My Daughter / Dream Concerto",https://www.discogs.com/release/15128410,1974,"7"" - Archive 05 - [...M-P...]"
Nolans,Nolans,Chemistry,https://www.discogs.com/release/1907637,1981,"7"" - Archive 05 - [...M-P...]"
Nolans,Nolans,"Don't Make Waves",https://www.discogs.com/release/6139577,1980,"7"" - Archive 05 - [...M-P...]"
Nolans,Nolans,"Gotta Pull Myself Together",https://www.discogs.com/release/2174339,1980,"7"" - Archive 05 - [...M-P...]"
Nolans,Nolans,"I'm In The Mood For Dancing",https://www.discogs.com/release/7533398,1979,"7"" - Archive 05 - [...M-P...]"
Nolans,Nolans,"Who's Gonna Rock You",https://www.discogs.com/release/1433694,1980,"7"" - Archive 05 - [...M-P...]"
Nomad,Nomad,"Just A Groove",https://www.discogs.com/release/6144594,1991,"7"" - Playlist - 04 [...L-P...]"
Nomad,"Nomad Featuring MC Mikee Freedom","(I Wanna Give You) Devotion",https://www.discogs.com/release/7505032,1990,"7"" - Playlist - 04 [...L-P...]"
"Nona Hendryx","Nona Hendryx","Snakes Alive",https://www.discogs.com/release/3860998,1979,"7"" - Archive 05 - [...M-P...]"
"Nottingham Forest With Paper Lace","Nottingham Forest With Paper Lace","We Got The Whole World In Our Hands",https://www.discogs.com/release/998913,1978,"7"" - Archive 05 - [...M-P...]"
"Nu Shooz","Nu Shooz","I Can't Wait",https://www.discogs.com/release/9281955,1986,"7"" - Playlist - 04 [...L-P...]"
"O'Jays","O'Jays","Back Stabbers / Love Train",https://www.discogs.com/release/665288,1977,"7"" - Retro - 02 [H-R]"
"O'Jays","O'Jays",Brandy,https://www.discogs.com/release/5344239,1978,"7"" - Archive 05 - [...M-P...]"
"O'Jays","O'Jays","Darlin' Darlin' Baby (Sweet, Tender, Love)",https://www.discogs.com/release/3523934,1976,"7"" - Archive 05 - [...M-P...]"
"O'Jays","O'Jays","For The Love Of Money",https://www.discogs.com/release/15771486,1974,"7"" - Archive 05 - [...M-P...]"
"O'Jays","O'Jays","I Love Music",https://www.discogs.com/release/665529,1976,"7"" - Archive 05 - [...M-P...]"
"O'Jays","O'Jays","Now That We Found Love",https://www.discogs.com/release/980244,1974,"7"" - Retro - 02 [H-R]"
"O'Jays","O'Jays","Sing A Happy Song",https://www.discogs.com/release/757426,1979,"7"" - Retro - 02 [H-R]"
"O'Jays","O'Jays","So Glad I Got You, Girl ",https://www.discogs.com/release/7459729,1977,"7"" - Archive 05 - [...M-P...]"
"O'Jays","O'Jays","Use Ta Be My Girl",https://www.discogs.com/release/667261,1978,"7"" - Retro - 02 [H-R]"
"Oak Ridge Boys","Oak Ridge Boys","Come On In",https://www.discogs.com/release/8957595,1978,"7"" - Archive 05 - [...M-P...]"
"OC Smith","OC Smith","Simple Life",https://www.discogs.com/release/2539048,1977,"7"" - Archive 05 - [...M-P...]"
"OC Smith","OC Smith",Together,https://www.discogs.com/release/1427129,1977,"7"" - Archive 05 - [...M-P...]"
Oceanic,Oceanic,"Insanity (Legendary Mix) / Reality",https://www.discogs.com/release/102938,1991,"7"" - Playlist - 04 [...L-P...]"
Odyssey,Odyssey,"Going Back To My Roots",https://www.discogs.com/release/296190,1981,"7"" - Playlist - 04 [...L-P...]"
Odyssey,Odyssey,"If You're Lookin' For A Way Out",https://www.discogs.com/release/1853052,1980,"7"" - Playlist - 04 [...L-P...]"
Odyssey,Odyssey,"Inside Out",https://www.discogs.com/release/296054,1982,"7"" - Playlist - 04 [...L-P...]"
Odyssey,Odyssey,"Native New Yorker",https://www.discogs.com/release/1015715,1977,"7"" - Playlist - 04 [...L-P...]"
Odyssey,Odyssey,"Use It Up And Wear It Out",https://www.discogs.com/release/297605,1980,"7"" - Playlist - 04 [...L-P...]"
"Ohio Players","Ohio Players",Fire,https://www.discogs.com/release/1881498,1975,"7"" - Archive 05 - [...M-P...]"
"Ohio Players","Ohio Players","Who'd She Coo? ",https://www.discogs.com/release/1654762,1976,"7"" - Archive 05 - [...M-P...]"
"Ola And Elefriends","Ola And Elefriends","Let Me Live",https://www.discogs.com/release/7075917,1989,"7"" - Archive 05 - [...M-P...]"
"Oldland Montano","Oldland Montano","Just A Game",https://www.discogs.com/release/3837681,1988,"7"" - Archive 05 - [...M-P...]"
Oliver,Oliver,"Good Morning Starshine",https://www.discogs.com/release/5886597,1969,"7"" - Retro - 02 [H-R]"
"Olivia Newton-John","Olivia Newton-John","A Little More Love",https://www.discogs.com/release/9604329,1978,"7"" - Playlist - 04 [...L-P...]"
"Olivia Newton-John","Olivia Newton-John","Banks Of The Ohio",https://www.discogs.com/release/1620658,1971,"7"" - Archive 05 - [...M-P...]"
"Olivia Newton-John","Olivia Newton-John","Have You Never Been Mellow / Water Under The Bridge",https://www.discogs.com/release/1481431,1975,"7"" - Archive 05 - [...M-P...]"
"Olivia Newton-John","Olivia Newton-John","I Honestly Love You",https://www.discogs.com/release/2014856,1974,"7"" - Archive 05 - [...M-P...]"
"Olivia Newton-John","Olivia Newton-John","If You Love Me (Let Me Know)",https://www.discogs.com/release/968454,1974,"7"" - Archive 05 - [...M-P...]"
"Olivia Newton-John","Olivia Newton-John",Landslide,https://www.discogs.com/release/1784335,1982,"7"" - Playlist - 04 [...L-P...]"
"Olivia Newton-John","Olivia Newton-John","Long Live Love",https://www.discogs.com/release/1682760,1974,"7"" - Retro - 02 [H-R]"
"Olivia Newton-John","Olivia Newton-John",Physical,https://www.discogs.com/release/530597,1981,"7"" - Playlist - 04 [...L-P...]"
"Olivia Newton-John","Olivia Newton-John","Please Mr. Please",https://www.discogs.com/release/3465941,"","7"" - Archive 05 - [...M-P...]"
"Olivia Newton-John","Olivia Newton-John",Sam,https://www.discogs.com/release/15420369,1977,"7"" - Archive 05 - [...M-P...]"
"Olivia Newton-John","Olivia Newton-John","Take Me Home Country Roads",https://www.discogs.com/release/9220764,1972,"7"" - Retro - 02 [H-R]"
"Olivia Newton-John","Olivia Newton-John","Totally Hot",https://www.discogs.com/release/4141386,1979,"7"" - Archive 05 - [...M-P...]"
"Olivia Newton-John","Olivia Newton-John / Electric Light Orchestra",Xanadu,https://www.discogs.com/release/11986996,1980,"7"" - Playlist - 04 [...L-P...]"
"Olivia Newton-John","Olivia Newton-John With Cliff Richard",Suddenly,https://www.discogs.com/release/9273483,1980,"7"" - Archive 05 - [...M-P...]"
"Ollie And Jerry","Ollie And Jerry","Breakin' ...There's No Stopping Us / Showdown",https://www.discogs.com/release/1934981,1984,"7"" - Archive 05 - [...M-P...]"
"Olympic Orchestra / The Horizon Orchestra","Olympic Orchestra / The Horizon Orchestra","Reilly / Cannon In 'D'",https://www.discogs.com/release/740558,1983,"7"" - Archive 05 - [...M-P...]"
"Ona Watson","Ona Watson","Take This Job And Shove It",https://www.discogs.com/release/7101777,1978,"7"" - Archive 05 - [...M-P...]"
"One Hundred Ton And A Feather","One Hundred Ton And A Feather","It Only Takes A Minute",https://www.discogs.com/release/665487,1976,"7"" - Archive 05 - [...M-P...]"
"One Hundred Ton And A Feather","One Hundred Ton And A Feather","Just To Be Close To You",https://www.discogs.com/release/2243785,1977,"7"" - Archive 05 - [...M-P...]"
"Only Ones","Only Ones","Lovers Of Today",https://www.discogs.com/release/1354717,1977,"7"" - Playlist - 04 [...L-P...]"
Opus,Opus,"Live Is Life / Up And Down",https://www.discogs.com/release/1755793,1985,"7"" - Playlist - 04 [...L-P...]"
"Oran 'Juice' Jones","Oran 'Juice' Jones","The Rain",https://www.discogs.com/release/1004897,1986,"7"" - Playlist - 04 [...L-P...]"
"Orange Juice","Orange Juice","Rip It Up",https://www.discogs.com/release/11685293,1983,"7"" - Playlist - 04 [...L-P...]"
"Orchestra Of The Royal Opera House, Covent Garden","Orchestra Of The Royal Opera House, Covent Garden","Theme From ""Murder On The Orient Express""",https://www.discogs.com/release/5701834,1974,"7"" - Archive 05 - [...M-P...]"
"Orchestral Manoeuvres In The Dark","Orchestral Manoeuvres In The Dark","(Forever) Live And Die",https://www.discogs.com/release/484305,1986,Uncategorized
"Orchestral Manoeuvres In The Dark","Orchestral Manoeuvres In The Dark","Enola Gay",https://www.discogs.com/release/99647,1980,"7"" - Playlist - 04 [...L-P...]"
"Orchestral Manoeuvres In The Dark","Orchestral Manoeuvres In The Dark","Genetic Engineering",https://www.discogs.com/release/133237,1983,"7"" - Playlist - 04 [...L-P...]"
"Orchestral Manoeuvres In The Dark","Orchestral Manoeuvres In The Dark","Joan Of Arc",https://www.discogs.com/release/97900,1981,"7"" - Playlist - 04 [...L-P...]"
"Orchestral Manoeuvres In The Dark","Orchestral Manoeuvres In The Dark","Maid Of Orleans",https://www.discogs.com/release/97906,1982,"7"" - Playlist - 04 [...L-P...]"
"Orchestral Manoeuvres In The Dark","Orchestral Manoeuvres In The Dark",Messages,https://www.discogs.com/release/186220,1980,"7"" - Playlist - 04 [...L-P...]"
"Orchestral Manoeuvres In The Dark","Orchestral Manoeuvres In The Dark","Pandora's Box",https://www.discogs.com/release/14374651,1991,"7"" - Playlist - 04 [...L-P...]"
"Orchestral Manoeuvres In The Dark","Orchestral Manoeuvres In The Dark",Souvenir,https://www.discogs.com/release/55815,1981,"7"" - Playlist - 04 [...L-P...]"
"Orchestral Manoeuvres In The Dark","Orchestral Manoeuvres In The Dark","Talking Loud And Clear",https://www.discogs.com/release/484299,1984,"7"" - Playlist - 04 [...L-P...]"
Orion,Orion,"Ebony Eyes",https://www.discogs.com/release/2991028,1979,"7"" - Archive 05 - [...M-P...]"
Orleans,Orleans,"Still The One",https://www.discogs.com/release/5203734,1976,"7"" - Archive 05 - [...M-P...]"
Osibisa,Osibisa,"Pata Pata",https://www.discogs.com/release/2466943,1980,"7"" - Archive 05 - [...M-P...]"
Osibisa,Osibisa,"Sunshine Day",https://www.discogs.com/release/579579,1975,"7"" - Archive 05 - [...M-P...]"
Osibisa,Osibisa,"The Warrior",https://www.discogs.com/release/1838815,1977,"7"" - Archive 05 - [...M-P...]"
Osmonds,Osmonds,"Crazy Horses",https://www.discogs.com/release/13667452,1972,"7"" - Retro - 02 [H-R]"
Osmonds,Osmonds,"Having A Party",https://www.discogs.com/release/2226532,1975,"7"" - Retro - 02 [H-R]"
Osmonds,Osmonds,"Let Me In",https://www.discogs.com/release/3421128,1973,"7"" - Retro - 02 [H-R]"
Osmonds,Osmonds,"Love Me For A Reason",https://www.discogs.com/release/1722775,1974,"7"" - Retro - 02 [H-R]"
Osmonds,Osmonds,"The Proud One",https://www.discogs.com/release/5437198,1975,"7"" - Retro - 02 [H-R]"
"Otis Redding","Otis Redding","(Sittin' On) The Dock Of The Bay",https://www.discogs.com/release/721089,1972,"7"" - Retro - 02 [H-R]"
"Otis Redding","Otis Redding","My Girl / Hard To Handle",https://www.discogs.com/release/6875050,"","7"" - Retro - 02 [H-R]"
Ottawan,Ottawan,D.I.S.C.O.,https://www.discogs.com/release/1322316,1979,"7"" - Playlist - 04 [...L-P...]"
Ottawan,Ottawan,"Hands Up (Give Me Your Heart)",https://www.discogs.com/release/714153,1981,"7"" - Playlist - 04 [...L-P...]"
Ottawan,Ottawan,"You're O.K.",https://www.discogs.com/release/398320,1980,"7"" - Archive 05 - [...M-P...]"
"Our Kid","Our Kid","You Just Might See Me Cry",https://www.discogs.com/release/2102185,1976,"7"" - Archive 05 - [...M-P...]"
Outlaws,Outlaws,"The Return Of The Outlaws",https://www.discogs.com/release/1819961,1963,"7"" - Archive 05 - [...M-P...]"
"Outline / Cairo","Outline / Cairo","I Like Bluebeat",https://www.discogs.com/release/2230148,1980,"7"" - Archive 05 - [...M-P...]"
Ovaltineys,Ovaltineys,"Happy Days Are Here Again",https://www.discogs.com/release/2047556,1980,"7"" - Archive 05 - [...M-P...]"
"Owen Paul","Owen Paul","My Favourite Waste Of Time",https://www.discogs.com/release/6903578,1986,"7"" - Playlist - 04 [...L-P...]"
"Ozzy Osbourne","Ozzy Osbourne","Bark At The Moon",https://www.discogs.com/release/7598126,1983,"7"" - Playlist - 04 [...L-P...]"
"Ozzy Osbourne","Ozzy Osbourne","Shot In The Dark",https://www.discogs.com/release/9936936,1986,"7"" - Playlist - 04 [...L-P...]"
"P. T. And The Plimsolls","P. T. And The Plimsolls","Game, Set And Match",https://www.discogs.com/release/2739144,1979,"7"" - Novelty [#,A-Z]"
"P.J. Proby","P.J. Proby","Hold Me",https://www.discogs.com/release/7163989,1964,"7"" - Retro - 02 [H-R]"
"P.J. Proby","P.J. Proby",Somewhere,https://www.discogs.com/release/9281394,1964,"7"" - Archive 05 - [...M-P...]"
P.J.A.,P.J.A.,"She Is Gone",https://www.discogs.com/release/8617131,"","7"" - Archive 05 - [...M-P...]"
Pack,Pack,"Muchas Gracias",https://www.discogs.com/release/4642998,1981,"7"" - Archive 05 - [...M-P...]"
Panama,Panama,"Will You Love Me Tomorrow/Stand By Me",https://www.discogs.com/release/6291606,1982,"7"" - Archive 05 - [...M-P...]"
"Paper Lace","Paper Lace","Billy - Don't Be A Hero",https://www.discogs.com/release/1524149,1974,"7"" - Retro - 02 [H-R]"
"Paper Lace","Paper Lace","The Black-Eyed Boys",https://www.discogs.com/release/2157961,1974,"7"" - Archive 05 - [...M-P...]"
"Paper Lace","Paper Lace","The Night Chicago Died",https://www.discogs.com/release/1974343,1974,"7"" - Retro - 02 [H-R]"
"Parachute Men","Parachute Men","If I Could Wear Your Jacket...?",https://www.discogs.com/release/5667234,1988,"7"" - Archive 05 - [...M-P...]"
Paris,Paris,"No Getting Over You",https://www.discogs.com/release/3738521,1982,"7"" - Archive 05 - [...M-P...]"
"Parris Mitchell Strings","Parris Mitchell Strings","The Sound Of Music",https://www.discogs.com/release/4600868,1965,"7"" - Archive 05 - [...M-P...]"
"Partners In Crime","Partners In Crime","Hollywood Dreams",https://www.discogs.com/release/3288567,1985,"7"" - Archive 05 - [...M-P...]"
"Partners In Kryme","Partners In Kryme","Turtle Power",https://www.discogs.com/release/346475,1990,"7"" - Playlist - 04 [...L-P...]"
"Partridge Family","Partridge Family","I Think I Love You",https://www.discogs.com/release/1719783,1970,"7"" - Retro - 02 [H-R]"
"Partridge Family","Partridge Family","It's One Of Those Nights (Yes Love)",https://www.discogs.com/release/1737642,1972,"7"" - Retro - 02 [H-R]"
"Partridge Family Starring David Cassidy","Partridge Family Starring David Cassidy","Walking In The Rain",https://www.discogs.com/release/477176,1973,"7"" - Retro - 02 [H-R]"
"Partridge Family Starring Shirley Jones","Partridge Family Starring Shirley Jones","Breaking Up Is Hard To Do",https://www.discogs.com/release/5961838,1972,"7"" - Retro - 02 [H-R]"
"Partridge Family Starring: David Cassidy","Partridge Family Starring: David Cassidy","Looking Thru The Eyes Of Love",https://www.discogs.com/release/3251586,1973,"7"" - Retro - 02 [H-R]"
Pasadenas,Pasadenas,"I'm Doing Fine Now",https://www.discogs.com/release/1163238,1992,"7"" - Playlist - 04 [...L-P...]"
Pasadenas,Pasadenas,"Love Thing",https://www.discogs.com/release/1967344,1990,"7"" - Playlist - 04 [...L-P...]"
Pasadenas,Pasadenas,Tribute,https://www.discogs.com/release/1423360,1988,"7"" - Playlist - 04 [...L-P...]"
"Pascal Danel","Pascal Danel","Bambina / Peccato = Pour Un Amour",https://www.discogs.com/release/5704955,1972,"7"" - Archive 05 - [...M-P...]"
Passions,Passions,"I'm In Love With A German Film Star",https://www.discogs.com/release/26927750,1981,"7"" - Playlist - 04 [...L-P...]"
"Pat Benatar","Pat Benatar",Heartbreaker,https://www.discogs.com/release/1511276,1980,"7"" - Playlist - 04 [...L-P...]"
"Pat Benatar","Pat Benatar","Love Is A Battlefield",https://www.discogs.com/release/1057623,1985,"7"" - Playlist - 04 [...L-P...]"
"Pat Benatar","Pat Benatar","We Belong",https://www.discogs.com/release/1485621,1984,"7"" - Playlist - 04 [...L-P...]"
"Pat Boone","Pat Boone","It's Too Soon To Know",https://www.discogs.com/release/16022724,"","7"" - Archive 05 - [...M-P...]"
"Pat Boone","Pat Boone","Moody River",https://www.discogs.com/release/7072283,1961,"7"" - Archive 05 - [...M-P...]"
"Patrice Rushen","Patrice Rushen","Forget Me Nots / Haven't You Heard",https://www.discogs.com/release/559498,1982,"7"" - Playlist - 04 [...L-P...]"
"Patrice Rushen","Patrice Rushen","Hang It Up",https://www.discogs.com/release/4372039,1978,"7"" - Playlist - 04 [...L-P...]"
"Patrick Hernandez","Patrick Hernandez","Born To Be Alive",https://www.discogs.com/release/6173084,1979,"7"" - Retro - 02 [H-R]"
"Patrick Juvet","Patrick Juvet","I Love America",https://www.discogs.com/release/1557827,1978,"7"" - Retro - 02 [H-R]"
"Patsy Cline","Patsy Cline",Heartaches,https://www.discogs.com/release/10939288,1962,"7"" - Archive 05 - [...M-P...]"
"Patsy Gallant","Patsy Gallant","From New York To L.A.",https://www.discogs.com/release/6884860,1977,"7"" - Retro - 02 [H-R]"
"Patti Austin","Patti Austin","Every Home Should Have One / The Genie (Re-Mix)",https://www.discogs.com/release/2350606,1981,"7"" - Archive 05 - [...M-P...]"
"Patti Austin","Patti Austin","Say You Love Me",https://www.discogs.com/release/2299211,1976,"7"" - Archive 05 - [...M-P...]"
"Patti Austin & James Ingram","Patti Austin & James Ingram","Baby, Come To Me",https://www.discogs.com/release/1437129,1981,"7"" - Playlist - 04 [...L-P...]"
"Patti LaBelle And Michael McDonald","Patti LaBelle And Michael McDonald","On My Own",https://www.discogs.com/release/420676,1986,"7"" - Playlist - 04 [...L-P...]"
"Patti Page","Patti Page","Hush, Hush, Sweet Charlotte",https://www.discogs.com/release/3970679,1965,"7"" - Archive 05 - [...M-P...]"
"Patti Smith","Patti Smith","Because The Night",https://www.discogs.com/release/2723358,1983,"7"" - Playlist - 04 [...L-P...]"
"Patti Smith","Patti Smith Group",Frederick.,https://www.discogs.com/release/751674,1979,"7"" - Playlist - 04 [...L-P...]"
"Patty Smyth","Patty Smyth","Sometimes Love Just Ain't Enough",https://www.discogs.com/release/6907634,1992,"7"" - Archive 05 - [...M-P...]"
"Paul Anka","Paul Anka","(You're) Having My Baby",https://www.discogs.com/release/3317708,1974,"7"" - Retro - 02 [H-R]"
"Paul Da Vinci","Paul Da Vinci","Your Baby Ain't Your Baby Anymore",https://www.discogs.com/release/3267708,1974,"7"" - Archive 05 - [...M-P...]"
"Paul Davis","Paul Davis","Medicine Woman",https://www.discogs.com/release/23495897,1976,"7"" - Archive 05 - [...M-P...]"
"Paul Davis","Paul Davis","Super Star",https://www.discogs.com/release/5482360,1976,"7"" - Archive 05 - [...M-P...]"
"Paul Evans","Paul Evans","Hello, This Is Joannie (The Telephone Answering Machine Song)",https://www.discogs.com/release/1581813,1978,"7"" - Retro - 02 [H-R]"
"Paul Gascoigne And Lindisfarne","Paul Gascoigne And Lindisfarne","Fog On The Tyne (Revisited)",https://www.discogs.com/release/1220766,1990,"7"" - Novelty [#,A-Z]"
"Paul Hardcastle","Paul Hardcastle",19,https://www.discogs.com/release/126473,1985,"7"" - Playlist - 04 [...L-P...]"
"Paul Hardcastle","Paul Hardcastle",Guilty,https://www.discogs.com/release/8315829,1984,"7"" - Archive 05 - [...M-P...]"
"Paul Hardcastle","Paul Hardcastle","The Wizard (The Theme From Top Of The Pops)",https://www.discogs.com/release/6151036,1986,"7"" - Archive 05 - [...M-P...]"
"Paul Hyde & Payola$","Paul Hyde & Payola$","Here's The World For Ya",https://www.discogs.com/release/6657292,1985,"7"" - Archive 05 - [...M-P...]"
"Paul Johnson","Paul Johnson","No More Tomorrows",https://www.discogs.com/release/5080536,1989,"7"" - Archive 05 - [...M-P...]"
"Paul Johnson","Paul Johnson","When Love Comes Calling",https://www.discogs.com/release/1497763,1987,"7"" - Archive 05 - [...M-P...]"
"Paul Mauriat","Paul Mauriat",Pulstar,https://www.discogs.com/release/2250203,1978,"7"" - Archive 05 - [...M-P...]"
"Paul McCartney","Paul McCartney","Coming Up",https://www.discogs.com/release/848660,1980,"7"" - Playlist - 04 [...L-P...]"
"Paul McCartney","Paul McCartney","Ebony And Ivory",https://www.discogs.com/release/8777942,1982,"7"" - Playlist - 04 [...L-P...]"
"Paul McCartney","Paul McCartney","No More Lonely Nights (Ballad) / No More Lonely Nights (Playout Version)",https://www.discogs.com/release/5079740,1984,"7"" - Playlist - 04 [...L-P...]"
"Paul McCartney","Paul McCartney","Pipes Of Peace",https://www.discogs.com/release/5446877,1983,"7"" - Playlist - 04 [...L-P...]"
"Paul McCartney","Paul McCartney",Waterfalls,https://www.discogs.com/release/1050753,1980,"7"" - Playlist - 04 [...L-P...]"
"Paul McCartney","Paul McCartney","Wonderful Christmastime",https://www.discogs.com/release/12376317,1979,"7"" - Holiday [#,A-Z]"
"Paul McCartney","Paul McCartney And Michael Jackson","Say Say Say",https://www.discogs.com/release/779294,1983,"7"" - Playlist - 04 [...L-P...]"
"Paul McCartney And The Frog Chorus","Paul McCartney And The Frog Chorus","We All Stand Together",https://www.discogs.com/release/1179394,1984,"7"" - Novelty [#,A-Z]"
"Paul Nicholas","Paul Nicholas","Grandma's Party",https://www.discogs.com/release/611698,1976,"7"" - Retro - 02 [H-R]"
"Paul Nicholas","Paul Nicholas","House Of Rock",https://www.discogs.com/release/3784794,1983,"7"" - Archive 05 - [...M-P...]"
"Paul Nicholas","Paul Nicholas","Magical Mr. Mistoffelees",https://www.discogs.com/release/4674179,1980,"7"" - Archive 05 - [...M-P...]"
"Paul Paljett","Paul Paljett","Reggae Bump",https://www.discogs.com/release/5763259,1977,"7"" - Archive 05 - [...M-P...]"
"Paul Raven","Paul Raven","Walk On Boy",https://www.discogs.com/release/2725449,1961,"7"" - Archive 05 - [...M-P...]"
"Paul Rich","Paul Rich","No One / Two Silhouettes",https://www.discogs.com/release/3939196,1963,"7"" - Archive 05 - [...M-P...]"
"Paul Robeson","Paul Robeson","Sanders Of The River",https://www.discogs.com/release/18849226,"","7"" - Archive 05 - [...M-P...]"
"Paul Rutherford","Paul Rutherford","Oh World",https://www.discogs.com/release/1105155,1989,"7"" - Archive 05 - [...M-P...]"
"Paul Simon","Paul Simon","50 Ways To Leave Your Lover",https://www.discogs.com/release/1724054,1976,"7"" - Retro - 02 [H-R]"
"Paul Simon","Paul Simon","Mother And Child Reunion",https://www.discogs.com/release/475939,1972,"7"" - Retro - 02 [H-R]"
"Paul Simon","Paul Simon","Take Me To The Mardi Gras",https://www.discogs.com/release/4853342,1973,"7"" - Retro - 02 [H-R]"
"Paul Simon","Paul Simon","The Boy In The Bubble (Remix}",https://www.discogs.com/release/1159115,1986,"7"" - Archive 05 - [...M-P...]"
"Paul Simon","Paul Simon","You Can Call Me Al",https://www.discogs.com/release/3229455,1986,"7"" - Playlist - 04 [...L-P...]"
"Paul Young","Paul Young","Come Back And Stay (Single Remix Version)",https://www.discogs.com/release/1411919,1983,"7"" - Playlist - 04 [...L-P...]"
"Paul Young","Paul Young","Every Time You Go Away",https://www.discogs.com/release/848178,1985,"7"" - Playlist - 04 [...L-P...]"
"Paul Young","Paul Young","Everything Must Change",https://www.discogs.com/release/848696,1984,"7"" - Playlist - 04 [...L-P...]"
"Paul Young","Paul Young","I'm Gonna Tear Your Playhouse Down",https://www.discogs.com/release/1695719,1984,"7"" - Playlist - 04 [...L-P...]"
"Paul Young","Paul Young","Love Of The Common People",https://www.discogs.com/release/1243755,1983,"7"" - Playlist - 04 [...L-P...]"
"Paul Young","Paul Young","Wherever I Lay My Hat",https://www.discogs.com/release/5228502,1983,"7"" - Playlist - 04 [...L-P...]"
"Paula Abdul","Paula Abdul","Opposites Attract",https://www.discogs.com/release/1476225,1990,"7"" - Playlist - 04 [...L-P...]"
"Paula Abdul","Paula Abdul","Straight Up",https://www.discogs.com/release/1056135,1989,"7"" - Playlist - 04 [...L-P...]"
"Peabo Bryson / Roberta Flack","Peabo Bryson / Roberta Flack","Tonight I Celebrate My Love",https://www.discogs.com/release/5772083,1983,"7"" - Archive 05 - [...M-P...]"
"Peace Choir","Peace Choir","Give Peace A Chance",https://www.discogs.com/release/1910985,1991,"7"" - Archive 05 - [...M-P...]"
"Peaches & Herb","Peaches & Herb",Reunited,https://www.discogs.com/release/1645651,1979,"7"" - Archive 05 - [...M-P...]"
Pearls,Pearls,Guilty,https://www.discogs.com/release/654909,1974,"7"" - Retro - 02 [H-R]"
"Pearls / The Rhythm Of The Pearls","Pearls / The Rhythm Of The Pearls","Third Finger, Left Hand ",https://www.discogs.com/release/1665829,1972,"7"" - Retro - 02 [H-R]"
"Pearly Gates","Pearly Gates","Make It My Business (To Get You Boy)",https://www.discogs.com/release/2123774,1975,"7"" - Archive 05 - [...M-P...]"
Peddlers,Peddlers,"That Song Is Driving Me Crazy",https://www.discogs.com/release/4660343,1974,"7"" - Archive 05 - [...M-P...]"
Peppers,Peppers,"Pepper Box",https://www.discogs.com/release/880041,1973,"7"" - Archive 05 - [...M-P...]"
"Pepsi & Shirlie","Pepsi & Shirlie","Goodbye Stranger",https://www.discogs.com/release/246284,1987,"7"" - Playlist - 04 [...L-P...]"
"Pepsi & Shirlie","Pepsi & Shirlie",Heartache,https://www.discogs.com/release/1570948,1987,"7"" - Playlist - 04 [...L-P...]"
"Percy Faith & His Orchestra","Percy Faith & His Orchestra","The Theme From ""A Summer Place""",https://www.discogs.com/release/5683100,1959,"7"" - Archive 05 - [...M-P...]"
"Percy Sledge","Percy Sledge","When A Man Loves A Woman",https://www.discogs.com/release/4908665,1987,"7"" - Retro - 02 [H-R]"
"Perfect Day","Perfect Day",Jane,https://www.discogs.com/release/9847179,1988,"7"" - Playlist - 04 [...L-P...]"
"Perfect Disaster","Perfect Disaster","Time To Kill",https://www.discogs.com/release/2122369,1988,"7"" - Archive 05 - [...M-P...]"
"Perry Botkin Jr.","Perry Botkin Jr.","The Lovers",https://www.discogs.com/release/11138855,1977,"7"" - Archive 05 - [...M-P...]"
"Perry Como","Perry Como","And I Love You So",https://www.discogs.com/release/13318517,1973,"7"" - Archive 05 - [...M-P...]"
"Perry Como","Perry Como","For The Good Times",https://www.discogs.com/release/11460869,1973,"7"" - Archive 05 - [...M-P...]"
"Perry Como","Perry Como","Gone Is My Love",https://www.discogs.com/release/3830600,1960,"7"" - Archive 05 - [...M-P...]"
"Perry Como","Perry Como","I Know",https://www.discogs.com/release/14368675,1959,"7"" - Archive 05 - [...M-P...]"
"Perry Como","Perry Como","I Think Of You",https://www.discogs.com/release/8637634,1971,"7"" - Archive 05 - [...M-P...]"
"Perry Como","Perry Como","It's Impossible / Long Life, Lots Of Happiness",https://www.discogs.com/release/1657097,1971,"7"" - Archive 05 - [...M-P...]"
"Perry Como","Perry Como","Just Out Of Reach",https://www.discogs.com/release/1873978,1975,"7"" - Archive 05 - [...M-P...]"
"Perry Como","Perry Como","Tomboy / Kiss Me And Kiss Me And Kiss Me",https://www.discogs.com/release/13044237,1959,"7"" - Archive 05 - [...M-P...]"
"Perry Como","Perry Como","Walk Right Back",https://www.discogs.com/release/10664792,1973,"7"" - Archive 05 - [...M-P...]"
"Perry Como With Mitchell Ayres And His Orchestra And The Ray Charles Singers","Perry Como With Mitchell Ayres And His Orchestra And The Ray Charles Singers","Love Makes The World Go 'Round",https://www.discogs.com/release/12242616,1958,"7"" - Archive 05 - [...M-P...]"
"Pet Shop Boys","Pet Shop Boys","Always On My Mind",https://www.discogs.com/release/10781075,1987,"7"" - Playlist - 04 [...L-P...]"
"Pet Shop Boys","Pet Shop Boys","Being Boring",https://www.discogs.com/release/1996830,1990,"7"" - Playlist - 04 [...L-P...]"
"Pet Shop Boys","Pet Shop Boys","DJ Culture",https://www.discogs.com/release/102971,1991,"7"" - Playlist - 04 [...L-P...]"
"Pet Shop Boys","Pet Shop Boys","Domino Dancing",https://www.discogs.com/release/148345,1988,"7"" - Playlist - 04 [...L-P...]"
"Pet Shop Boys","Pet Shop Boys","Go West",https://www.discogs.com/release/934840,1993,"7"" - Playlist - 04 [...L-P...]"
"Pet Shop Boys","Pet Shop Boys",Heart,https://www.discogs.com/release/1753080,1988,"7"" - Playlist - 04 [...L-P...]"
"Pet Shop Boys","Pet Shop Boys","I Wouldn't Normally Do This Kind Of Thing",https://www.discogs.com/release/2520150,1993,"7"" - Playlist - 04 [...L-P...]"
"Pet Shop Boys","Pet Shop Boys","It's A Sin",https://www.discogs.com/release/102939,1987,"7"" - Playlist - 04 [...L-P...]"
"Pet Shop Boys","Pet Shop Boys","It's Alright",https://www.discogs.com/release/1626116,1989,"7"" - Playlist - 04 [...L-P...]"
"Pet Shop Boys","Pet Shop Boys",Jealousy,https://www.discogs.com/release/102978,1991,"7"" - Playlist - 04 [...L-P...]"
"Pet Shop Boys","Pet Shop Boys","Left To My Own Devices",https://www.discogs.com/release/494646,1988,"7"" - Playlist - 04 [...L-P...]"
"Pet Shop Boys","Pet Shop Boys","Love Comes Quickly",https://www.discogs.com/release/150882,1986,"7"" - Playlist - 04 [...L-P...]"
"Pet Shop Boys","Pet Shop Boys","Opportunities (Let's Make Lots Of Money)",https://www.discogs.com/release/99654,1986,"7"" - Playlist - 04 [...L-P...]"
"Pet Shop Boys","Pet Shop Boys",Rent,https://www.discogs.com/release/151256,1987,"7"" - Playlist - 04 [...L-P...]"
"Pet Shop Boys","Pet Shop Boys","So Hard",https://www.discogs.com/release/102935,1990,"7"" - Playlist - 04 [...L-P...]"
"Pet Shop Boys","Pet Shop Boys",Suburbia,https://www.discogs.com/release/2454536,1986,"7"" - Playlist - 04 [...L-P...]"
"Pet Shop Boys","Pet Shop Boys","Was It Worth It?",https://www.discogs.com/release/103048,1991,"7"" - Playlist - 04 [...L-P...]"
"Pet Shop Boys","Pet Shop Boys","West End Girls",https://www.discogs.com/release/3868313,1985,"7"" - Playlist - 04 [...L-P...]"
"Pet Shop Boys","Pet Shop Boys With Dusty Springfield","What Have I Done To Deserve This?",https://www.discogs.com/release/155345,1987,"7"" - Playlist - 04 [...L-P...]"
"Pete Mac Junior / Godiego","Pete Mac Junior / Godiego","The Water Margin",https://www.discogs.com/release/5793475,1977,"7"" - Archive 05 - [...M-P...]"
"Pete Townshend","Pete Townshend","Rough Boys",https://www.discogs.com/release/1747779,1980,"7"" - Playlist - 04 [...L-P...]"
"Pete Townshend","Pete Townshend",Uniforms,https://www.discogs.com/release/669489,1982,"7"" - Playlist - 04 [...L-P...]"
"Pete Wingfield","Pete Wingfield","Eighteen With A Bullet",https://www.discogs.com/release/1411438,1975,"7"" - Retro - 02 [H-R]"
"Peter & Gordon","Peter & Gordon","A World Without Love",https://www.discogs.com/release/551683,1964,"7"" - Retro - 02 [H-R]"
"Peter & Gordon","Peter & Gordon","Nobody I Know",https://www.discogs.com/release/10103451,1964,"7"" - Retro - 02 [H-R]"
"Peter & Gordon","Peter & Gordon","To Know You Is To Love You",https://www.discogs.com/release/1903142,1965,"7"" - Retro - 02 [H-R]"
"Peter Brown","Peter Brown","Fantasy Love Affair ",https://www.discogs.com/release/13365670,1977,"7"" - Archive 05 - [...M-P...]"
"Peter Cetera","Peter Cetera","Glory Of Love (Theme From The Karate Kid Part II)",https://www.discogs.com/release/2016531,1986,"7"" - Playlist - 04 [...L-P...]"
"Peter Cook & Dudley Moore","Peter Cook & Dudley Moore",Goodbyee,https://www.discogs.com/release/2124743,1978,"7"" - Novelty [#,A-Z]"
"Peter Frampton","Peter Frampton","Do You Feel Like We Do",https://www.discogs.com/release/10753687,1976,"7"" - Retro - 02 [H-R]"
"Peter Frampton","Peter Frampton","Show Me The Way",https://www.discogs.com/release/1295273,1976,"7"" - Retro - 02 [H-R]"
"Peter Frampton","Peter Frampton","Signed, Sealed, Delivered (I'm Yours)",https://www.discogs.com/release/3714251,1977,"7"" - Retro - 02 [H-R]"
"Peter Gabriel","Peter Gabriel","Big Time",https://www.discogs.com/release/1461270,1987,"7"" - Playlist - 04 [...L-P...]"
"Peter Gabriel","Peter Gabriel","Games Without Frontiers",https://www.discogs.com/release/4700802,1980,"7"" - Playlist - 04 [...L-P...]"
"Peter Gabriel","Peter Gabriel",Sledgehammer,https://www.discogs.com/release/1437396,1986,"7"" - Playlist - 04 [...L-P...]"
"Peter Gabriel","Peter Gabriel","Solsbury Hill",https://www.discogs.com/release/16343655,1977,"7"" - Playlist - 04 [...L-P...]"
"Peter Gabriel","Peter Gabriel, Kate Bush","Don't Give Up",https://www.discogs.com/release/712530,1986,"7"" - Playlist - 04 [...L-P...]"
"Peter Howell And The BBC Radiophonic Workshop","Peter Howell And The BBC Radiophonic Workshop","Doctor Who",https://www.discogs.com/release/4213558,1982,"7"" - Archive 05 - [...M-P...]"
"Peter Noone","Peter Noone","Oh You Pretty Thing",https://www.discogs.com/release/11036629,1971,"7"" - Retro - 02 [H-R]"
"Peter Noone & Herman's Hermits","Peter Noone & Herman's Hermits","Lady Barbara",https://www.discogs.com/release/12629812,1970,"7"" - Retro - 02 [H-R]"
"Peter Sarstedt","Peter Sarstedt","Where Do You Go To (My Lovely)",https://www.discogs.com/release/2184628,"","7"" - Retro - 02 [H-R]"
"Peter Sellers","Peter Sellers","The Best Of Sellers No. 2",https://www.discogs.com/release/3195819,1958,"7"" - Novelty [#,A-Z]"
"Peter Sellers & Sophia Loren","Peter Sellers & Sophia Loren","Goodness Gracious Me!",https://www.discogs.com/release/888205,1960,"7"" - Novelty [#,A-Z]"
"Peter Shelley","Peter Shelley","Gee Baby",https://www.discogs.com/release/1509383,1974,"7"" - Archive 05 - [...M-P...]"
"Peter Shelley","Peter Shelley","Love Me Love My Dog",https://www.discogs.com/release/2081170,1975,"7"" - Retro - 02 [H-R]"
"Peter Skellern","Peter Skellern","Hard Times",https://www.discogs.com/release/4048362,1975,"7"" - Archive 05 - [...M-P...]"
"Peter Skellern","Peter Skellern","Hold On To Love / Too Much, I'm In Love",https://www.discogs.com/release/477111,1975,"7"" - Archive 05 - [...M-P...]"
"Peter Skellern","Peter Skellern","Make It Easy For Me / Lie Safely There",https://www.discogs.com/release/13486984,1973,"7"" - Archive 05 - [...M-P...]"
"Peter Skellern","Peter Skellern","Now That I Need You",https://www.discogs.com/release/2535254,1975,"7"" - Archive 05 - [...M-P...]"
"Peter Skellern","Peter Skellern","Puttin' On The Ritz",https://www.discogs.com/release/4048027,1979,"7"" - Archive 05 - [...M-P...]"
"Peter Skellern","Peter Skellern","The Way You Look Tonight",https://www.discogs.com/release/4048310,1979,"7"" - Archive 05 - [...M-P...]"
"Peter Skellern","Peter Skellern","You're A Lady / Manifesto",https://www.discogs.com/release/6874877,1972,"7"" - Archive 05 - [...M-P...]"
"Peter Solley","Peter Solley","Blue Angel",https://www.discogs.com/release/2893339,1977,"7"" - Archive 05 - [...M-P...]"
"Peter Tosh","Peter Tosh","Legalize It",https://www.discogs.com/release/12617272,1976,"7"" - Retro - 02 [H-R]"
"Peters & Lee","Peters & Lee","Don't Stay Away Too Long",https://www.discogs.com/release/551692,1974,"7"" - Archive 05 - [...M-P...]"
"Peters & Lee","Peters & Lee",Rainbow,https://www.discogs.com/release/1463728,1974,"7"" - Archive 05 - [...M-P...]"
"Peters & Lee","Peters & Lee","Welcome Home",https://www.discogs.com/release/5632180,1973,"7"" - Retro - 02 [H-R]"
"Petula Clark","Petula Clark","A Sign Of The Times",https://www.discogs.com/release/3741236,1966,"7"" - Archive 05 - [...M-P...]"
"Petula Clark","Petula Clark",Downtown,https://www.discogs.com/release/1674677,1964,"7"" - Retro - 02 [H-R]"
"Petula Clark","Petula Clark","My Friend The Sea",https://www.discogs.com/release/10958309,1961,"7"" - Archive 05 - [...M-P...]"
"Petula Clark","Petula Clark","My Love",https://www.discogs.com/release/763652,1966,"7"" - Archive 05 - [...M-P...]"
"Petula Clark","Petula Clark",Romeo,https://www.discogs.com/release/5806894,1961,"7"" - Archive 05 - [...M-P...]"
"Petula Clark","Petula Clark",Sailor,https://www.discogs.com/release/11157098,1961,"7"" - Archive 05 - [...M-P...]"
"Petula Clark","Petula Clark","This Is My Song",https://www.discogs.com/release/11045995,1967,"7"" - Archive 05 - [...M-P...]"
"Petula Clark","Petula Clark","Ya Ya Twist / Si C'Est Oui C'Est Oui",https://www.discogs.com/release/1207387,1962,"7"" - Archive 05 - [...M-P...]"
Ph.D.,Ph.D.,"I Won't Let You Down",https://www.discogs.com/release/5172979,1981,"7"" - Playlist - 04 [...L-P...]"
Ph.D.,Ph.D.,"Little Suzi's On The Up",https://www.discogs.com/release/4000947,1981,"7"" - Archive 05 - [...M-P...]"
"Phil Collins","Phil Collins","A Groovy Kind Of Love",https://www.discogs.com/release/821144,1988,"7"" - Playlist - 04 [...L-P...]"
"Phil Collins","Phil Collins","Against All Odds (Take A Look At Me Now)",https://www.discogs.com/release/1218245,1984,"7"" - Playlist - 04 [...L-P...]"
"Phil Collins","Phil Collins","Another Day In Paradise",https://www.discogs.com/release/6361162,1989,"7"" - Playlist - 04 [...L-P...]"
"Phil Collins","Phil Collins","Both Sides Of The Story",https://www.discogs.com/release/2600937,1993,"7"" - Playlist - 04 [...L-P...]"
"Phil Collins","Phil Collins","I Missed Again",https://www.discogs.com/release/1352281,1981,"7"" - Playlist - 04 [...L-P...]"
"Phil Collins","Phil Collins","I Wish It Would Rain Down",https://www.discogs.com/release/1660876,1990,"7"" - Playlist - 04 [...L-P...]"
"Phil Collins","Phil Collins","In The Air Tonight",https://www.discogs.com/release/1218014,1981,"7"" - Playlist - 04 [...L-P...]"
"Phil Collins","Phil Collins","One More Night",https://www.discogs.com/release/474744,1985,"7"" - Playlist - 04 [...L-P...]"
"Phil Collins","Phil Collins","Something Happened On The Way To Heaven",https://www.discogs.com/release/474769,1990,"7"" - Playlist - 04 [...L-P...]"
"Phil Collins","Phil Collins",Sussudio,https://www.discogs.com/release/1168031,1985,"7"" - Playlist - 04 [...L-P...]"
"Phil Collins","Phil Collins","Take Me Home",https://www.discogs.com/release/1854087,1985,"7"" - Playlist - 04 [...L-P...]"
"Phil Collins","Phil Collins","Two Hearts",https://www.discogs.com/release/3286098,1988,"7"" - Playlist - 04 [...L-P...]"
"Phil Collins","Phil Collins","You Can't Hurry Love",https://www.discogs.com/release/1051486,1982,"7"" - Playlist - 04 [...L-P...]"
"Phil Collins","Phil Collins And Marilyn Martin","Separate Lives (Love Theme From White Nights)",https://www.discogs.com/release/1168230,1985,"7"" - Playlist - 04 [...L-P...]"
"Phil Everly, Cliff Richard","Phil Everly, Cliff Richard","She Means Nothing To Me",https://www.discogs.com/release/6015297,1983,"7"" - Archive 05 - [...M-P...]"
"Phil Fearon & Galaxy",Galaxy,"Dancing Tight",https://www.discogs.com/release/482146,1983,"7"" - Playlist - 05 [...P-S...]"
"Phil Fearon & Galaxy","Phil Fearon","I Can Prove It",https://www.discogs.com/release/654580,1986,"7"" - Playlist - 04 [...L-P...]"
"Phil Fearon & Galaxy","Phil Fearon & Galaxy","Everybody's Laughing",https://www.discogs.com/release/1524088,1984,"7"" - Playlist - 04 [...L-P...]"
"Phil Fearon & Galaxy","Phil Fearon & Galaxy","What Do I Do?",https://www.discogs.com/release/429624,1984,"7"" - Playlist - 04 [...L-P...]"
"Phil Lynott","Phil Lynott","King's Call",https://www.discogs.com/release/4756858,1980,"7"" - Archive 05 - [...M-P...]"
"Phil Lynott","Phil Lynott","Yellow Pearl The Theme From Top Of The Pops",https://www.discogs.com/release/360798,1980,"7"" - Playlist - 04 [...L-P...]"
"Phil Tate And His Orchestra","Phil Tate And His Orchestra","I Love You Because",https://www.discogs.com/release/12021471,1964,"7"" - Archive 05 - [...M-P...]"
"Philip & Vanessa","Philip & Vanessa","Two Sleepy People ",https://www.discogs.com/release/2148032,1974,"7"" - Archive 05 - [...M-P...]"
"Philip Bailey Duet With Phil Collins","Philip Bailey Duet With Phil Collins","Easy Lover",https://www.discogs.com/release/9599781,1984,"7"" - Playlist - 04 [...L-P...]"
"Phoebe Snow","Phoebe Snow","Every Night",https://www.discogs.com/release/2270620,1979,"7"" - Archive 05 - [...M-P...]"
"Phoebe Snow","Phoebe Snow","Shakey Ground / Don't Sleep With Your Eyes Closed",https://www.discogs.com/release/8993141,1976,"7"" - Archive 05 - [...M-P...]"
Phoenix,Phoenix,"Just Another Day",https://www.discogs.com/release/8042354,1980,"7"" - Archive 05 - [...M-P...]"
"Phyllis Nelson","Phyllis Nelson","Move Closer (New Mix Edit)",https://www.discogs.com/release/7022313,1984,"7"" - Archive 05 - [...M-P...]"
Pickettywitch,Pickettywitch,"(It's Like A) Sad Old Kinda' Movie",https://www.discogs.com/release/1741020,1970,"7"" - Retro - 02 [H-R]"
Pickettywitch,Pickettywitch,"That Same Old Feeling",https://www.discogs.com/release/6273649,1970,"7"" - Retro - 02 [H-R]"
Pieces,Pieces,"Dance So Good",https://www.discogs.com/release/9194219,1979,"7"" - Archive 05 - [...M-P...]"
"Piero Umiliani","Piero Umiliani","Mah-Na, Mah-Na",https://www.discogs.com/release/1522074,1977,"7"" - Novelty [#,A-Z]"
Pigbag,Pigbag,"Getting Up",https://www.discogs.com/release/77607,1982,"7"" - Playlist - 04 [...L-P...]"
Pigbag,Pigbag,"Papa's Got A Brand New Pigbag",https://www.discogs.com/release/77608,1981,"7"" - Playlist - 04 [...L-P...]"
Piglets,Piglets,"Johnny Reggae",https://www.discogs.com/release/8372688,1971,"7"" - Archive 05 - [...M-P...]"
Pilot,Pilot,"Call Me Round",https://www.discogs.com/release/2174167,1975,"7"" - Archive 05 - [...M-P...]"
Pilot,Pilot,January,https://www.discogs.com/release/1497606,1975,"7"" - Retro - 02 [H-R]"
Pilot,Pilot,"Just A Smile",https://www.discogs.com/release/2919581,1975,"7"" - Archive 05 - [...M-P...]"
Pilot,Pilot,Magic,https://www.discogs.com/release/1437120,1974,"7"" - Retro - 02 [H-R]"
Pilot,Pilot,"Monday Tuesday",https://www.discogs.com/release/2482037,1977,"7"" - Archive 05 - [...M-P...]"
"Piltdown Men","Piltdown Men","McDonald's Cave",https://www.discogs.com/release/551706,1960,"7"" - Retro - 02 [H-R]"
"Pink Floyd","Pink Floyd","Another Brick In The Wall (Part II)",https://www.discogs.com/release/7158700,1980,"7"" - Playlist - 04 [...L-P...]"
"Pink Floyd","Pink Floyd","Have A Cigar",https://www.discogs.com/release/1436510,1976,"7"" - Retro - 02 [H-R]"
"Pink Floyd","Pink Floyd",Money,https://www.discogs.com/release/4618780,1973,"7"" - Retro - 02 [H-R]"
"Pink Floyd","Pink Floyd","See Emily Play",https://www.discogs.com/release/2657746,1974,"7"" - Retro - 02 [H-R]"
"Pipes And Drums Of The Royal Scots Dragoon Guards","Pipes And Drums Of The Royal Scots Dragoon Guards","Amazing Grace ",https://www.discogs.com/release/5460135,1972,"7"" - Archive 05 - [...M-P...]"
"Pipes And Drums Of The Royal Scots Dragoon Guards","Pipes And Drums Of The Royal Scots Dragoon Guards","Heyken's Serenade (Standchen) / The Day Is Ended",https://www.discogs.com/release/4149944,1972,"7"" - Archive 05 - [...M-P...]"
"Pipes And Drums Of The Royal Scots Dragoon Guards","Pipes And Drums Of The Royal Scots Dragoon Guards","Little Drummer Boy",https://www.discogs.com/release/1749178,1972,"7"" - Holiday [#,A-Z]"
"Pipes And Drums Of The Royal Scots Dragoon Guards","Pipes And Drums Of The Royal Scots Dragoon Guards","The Day Is Ended",https://www.discogs.com/release/13355322,1972,"7"" - Archive 05 - [...M-P...]"
"Pipkins / Hotlegs","Pipkins / Hotlegs","Gimme Dat Ding / Neanderthal Man",https://www.discogs.com/release/4385060,1975,"7"" - Retro - 02 [H-R]"
Piranhas,Piranhas,"Space Invaders",https://www.discogs.com/release/2516685,1979,"7"" - Playlist - 04 [...L-P...]"
Piranhas,Piranhas,"Tom Hark",https://www.discogs.com/release/10704155,1980,"7"" - Playlist - 04 [...L-P...]"
Pirates,Pirates,"Shakin' All Over",https://www.discogs.com/release/4068890,1978,"7"" - Playlist - 04 [...L-P...]"
"Pix Pickford","Pix Pickford","Long Drop",https://www.discogs.com/release/3496032,1979,"7"" - Archive 05 - [...M-P...]"
"Placido Domingo","Placido Domingo","El Mundial",https://www.discogs.com/release/3934091,1982,"7"" - Archive 05 - [...M-P...]"
"Placido Domingo And John Denver","Placido Domingo And John Denver","Perhaps Love",https://www.discogs.com/release/14304532,1988,"7"" - Archive 05 - [...M-P...]"
"Placido Domingo • Jennifer Rush","Placido Domingo • Jennifer Rush","Till I Loved You",https://www.discogs.com/release/2486038,1989,"7"" - Archive 05 - [...M-P...]"
Planets,Planets,"Iron For The Iron",https://www.discogs.com/release/3601653,1979,"7"" - Playlist - 04 [...L-P...]"
Planets,Planets,Lines,https://www.discogs.com/release/1117207,1979,"7"" - Playlist - 04 [...L-P...]"
"Plastic Bertrand","Plastic Bertrand","Ca Plane Pour Moi",https://www.discogs.com/release/671898,1978,"7"" - Playlist - 04 [...L-P...]"
Platters,Platters,"Twilight Time ",https://www.discogs.com/release/11829429,"","7"" - Archive 05 - [...M-P...]"
Player,Player,"Baby Come Back",https://www.discogs.com/release/1560723,1977,"7"" - Playlist - 04 [...L-P...]"
"Players Association","Players Association","Turn The Music Up!",https://www.discogs.com/release/456879,1979,"7"" - Playlist - 04 [...L-P...]"
"Pluto Shervington","Pluto Shervington","Your Honour / No Honour Among Tiefs (Inst.)",https://www.discogs.com/release/878769,1981,"7"" - Playlist - 04 [...L-P...]"
Poacher,Poacher,"England Forever",https://www.discogs.com/release/3788128,1980,"7"" - Archive 05 - [...M-P...]"
Poacher,Poacher,"One Faded Photograph",https://www.discogs.com/release/3788162,1979,"7"" - Archive 05 - [...M-P...]"
Pogues,Pogues,"Dark Streets Of London",https://www.discogs.com/release/2412573,1984,"7"" - Playlist - 04 [...L-P...]"
Pogues,Pogues,"Fairytale Of New York",https://www.discogs.com/release/686322,1987,"7"" - Holiday [#,A-Z]"
Pogues,Pogues,"If I Should Fall From Grace With God",https://www.discogs.com/release/3079611,1988,"7"" - Playlist - 04 [...L-P...]"
Pogues,Pogues,"Sally Maclennane",https://www.discogs.com/release/1461361,1985,"7"" - Playlist - 04 [...L-P...]"
Pogues,Pogues,"Yeah, Yeah, Yeah, Yeah, Yeah",https://www.discogs.com/release/1561034,1988,"7"" - Playlist - 04 [...L-P...]"
Pogues,"Pogues & The Dubliners","The Irish Rover",https://www.discogs.com/release/476100,1987,"7"" - Playlist - 04 [...L-P...]"
"Pointer Sisters","Pointer Sisters",Automatic,https://www.discogs.com/release/911808,1984,"7"" - Playlist - 04 [...L-P...]"
"Pointer Sisters","Pointer Sisters","Everybody Is A Star ",https://www.discogs.com/release/4088995,1979,"7"" - Archive 05 - [...M-P...]"
"Pointer Sisters","Pointer Sisters","I Need You",https://www.discogs.com/release/1042301,1984,"7"" - Archive 05 - [...M-P...]"
"Pointer Sisters","Pointer Sisters","I'm So Excited",https://www.discogs.com/release/6853662,1984,"7"" - Playlist - 04 [...L-P...]"
"Pointer Sisters","Pointer Sisters","Jump (For My Love)",https://www.discogs.com/release/17414191,1984,"7"" - Playlist - 04 [...L-P...]"
"Pointer Sisters","Pointer Sisters","Neutron Dance",https://www.discogs.com/release/1885210,1984,"7"" - Playlist - 04 [...L-P...]"
"Pointer Sisters","Pointer Sisters","Slow Hand",https://www.discogs.com/release/1758455,1981,"7"" - Playlist - 04 [...L-P...]"
"Pointer Sisters","Pointer Sisters","Someday We'll Be Together",https://www.discogs.com/release/1728047,1981,"7"" - Archive 05 - [...M-P...]"
Poison,Poison,"Every Rose Has Its Thorn",https://www.discogs.com/release/1683159,1989,"7"" - Playlist - 04 [...L-P...]"
Poison,Poison,"Nothin' But A Good Time",https://www.discogs.com/release/3733657,1988,"7"" - Playlist - 04 [...L-P...]"
Police,Police,"Can't Stand Losing You",https://www.discogs.com/release/2688270,1978,"7"" - Playlist - 04 [...L-P...]"
Police,Police,"De Do Do Do, De Da Da Da",https://www.discogs.com/release/529472,1980,"7"" - Playlist - 04 [...L-P...]"
Police,Police,"Don't Stand So Close To Me",https://www.discogs.com/release/12329855,1980,"7"" - Playlist - 04 [...L-P...]"
Police,Police,"Every Breath You Take",https://www.discogs.com/release/413596,1983,"7"" - Playlist - 04 [...L-P...]"
Police,Police,"Every Little Thing She Does Is Magic",https://www.discogs.com/release/1522065,1981,"7"" - Playlist - 04 [...L-P...]"
Police,Police,"Invisible Sun",https://www.discogs.com/release/22499222,1981,"7"" - Playlist - 04 [...L-P...]"
Police,Police,"Message In A Bottle",https://www.discogs.com/release/4370254,1979,"7"" - Playlist - 04 [...L-P...]"
Police,Police,Roxanne,https://www.discogs.com/release/6204698,1978,"7"" - Playlist - 04 [...L-P...]"
Police,Police,"So Lonely",https://www.discogs.com/release/800075,1980,"7"" - Playlist - 04 [...L-P...]"
Police,Police,"Spirits In The Material World",https://www.discogs.com/release/18847294,1981,"7"" - Playlist - 04 [...L-P...]"
Police,Police,"Synchronicity II",https://www.discogs.com/release/6153095,1983,Uncategorized
Police,Police,"Walking On The Moon",https://www.discogs.com/release/396575,1979,"7"" - Playlist - 04 [...L-P...]"
Police,Police,"Wrapped Around Your Finger",https://www.discogs.com/release/413968,1983,"7"" - Playlist - 04 [...L-P...]"
"Polly Brown","Polly Brown","Up In A Puff Of Smoke",https://www.discogs.com/release/1138453,1974,"7"" - Archive 05 - [...M-P...]"
"Polly Brown","Polly Brown","You're My Number One",https://www.discogs.com/release/2429079,1975,"7"" - Archive 05 - [...M-P...]"
Pooka,Pooka,"The Insect",https://www.discogs.com/release/815745,1996,"7"" - Archive 05 - [...M-P...]"
"Pop Tops","Pop Tops","Mamy Blue",https://www.discogs.com/release/532176,1971,"7"" - Archive 05 - [...M-P...]"
"Pop Will Eat Itself","Pop Will Eat Itself",Def.Con.One,https://www.discogs.com/release/607838,1988,"7"" - Playlist - 05 [...P-S...]"
"Poppy Family","Poppy Family","Which Way You Goin' Billy?",https://www.discogs.com/release/13787888,1969,"7"" - Archive 05 - [...M-P...]"
"Pousette-Dart Band","Pousette-Dart Band","What Can I Say",https://www.discogs.com/release/10160365,1976,"7"" - Archive 05 - [...M-P...]"
"Power Station","Power Station","Get It On",https://www.discogs.com/release/1034016,1985,"7"" - Playlist - 05 [...P-S...]"
"Power Station","Power Station","Some Like It Hot",https://www.discogs.com/release/1614718,1985,"7"" - Playlist - 05 [...P-S...]"
"Pratt & McClain With Brotherlove","Pratt & McClain With Brotherlove","Happy Days",https://www.discogs.com/release/2079154,1976,"7"" - Retro - 02 [H-R]"
"Precious Little","Precious Little","Come Outside",https://www.discogs.com/release/7862705,1979,"7"" - Archive 05 - [...M-P...]"
"Prefab Sprout","Prefab Sprout","Cars And Girls",https://www.discogs.com/release/4489273,1988,"7"" - Archive 06 - [...P-T...]"
"Prefab Sprout","Prefab Sprout","Couldn't Bear To Be Special",https://www.discogs.com/release/1402259,1984,"7"" - Playlist - 05 [...P-S...]"
"Prefab Sprout","Prefab Sprout","The King Of Rock 'N' Roll",https://www.discogs.com/release/396582,1988,"7"" - Playlist - 05 [...P-S...]"
"Prefab Sprout","Prefab Sprout","When Love Breaks Down",https://www.discogs.com/release/3197946,1985,"7"" - Playlist - 04 [...L-P...]"
Prelude,Prelude,"After The Goldrush",https://www.discogs.com/release/966459,1974,"7"" - Retro - 02 [H-R]"
Prelude,Prelude,"Never Be Anyone Else But You",https://www.discogs.com/release/14109638,1976,"7"" - Archive 05 - [...M-P...]"
Prelude,Prelude,"Only The Lonely",https://www.discogs.com/release/4883757,1982,"7"" - Archive 05 - [...M-P...]"
Pretenders,Pretenders,"2000 Miles",https://www.discogs.com/release/6252459,1983,"7"" - Playlist - 05 [...P-S...]"
Pretenders,Pretenders,"Back On The Chain Gang",https://www.discogs.com/release/1427598,1982,"7"" - Playlist - 05 [...P-S...]"
Pretenders,Pretenders,"Brass In Pocket",https://www.discogs.com/release/8845985,1979,"7"" - Playlist - 05 [...P-S...]"
Pretenders,Pretenders,"Don't Get Me Wrong",https://www.discogs.com/release/553802,1986,"7"" - Playlist - 05 [...P-S...]"
Pretenders,Pretenders,"Hymn To Her",https://www.discogs.com/release/1427559,1986,"7"" - Playlist - 05 [...P-S...]"
Pretenders,Pretenders,"I Go To Sleep",https://www.discogs.com/release/536897,1981,"7"" - Playlist - 05 [...P-S...]"
Pretenders,Pretenders,Kid,https://www.discogs.com/release/1427605,1979,"7"" - Playlist - 05 [...P-S...]"
Pretenders,Pretenders,"Message Of Love",https://www.discogs.com/release/7372940,1981,"7"" - Playlist - 05 [...P-S...]"
Pretenders,Pretenders,"Stop Your Sobbing",https://www.discogs.com/release/4128247,1979,"7"" - Playlist - 05 [...P-S...]"
Pretenders,Pretenders,"Talk Of The Town",https://www.discogs.com/release/8432624,1980,"7"" - Playlist - 05 [...P-S...]"
"Prima Donna","Prima Donna","Love Enough For Two / Missing Out On Love",https://www.discogs.com/release/8727786,1980,"7"" - Archive 05 - [...M-P...]"
Primitives,Primitives,Crash,https://www.discogs.com/release/18293083,1988,"7"" - Playlist - 05 [...P-S...]"
Primitives,Primitives,"Out Of Reach",https://www.discogs.com/release/498826,1988,"7"" - Playlist - 05 [...P-S...]"
Primitives,Primitives,Secrets,https://www.discogs.com/release/1163182,1989,"7"" - Playlist - 05 [...P-S...]"
Primitives,Primitives,"Sick Of It",https://www.discogs.com/release/501671,1989,"7"" - Playlist - 05 [...P-S...]"
Prince,Prince,"1999 / Little Red Corvette",https://www.discogs.com/release/1985752,1985,"7"" - Playlist - 05 [...P-S...]"
Prince,Prince,"Alphabet St.",https://www.discogs.com/release/1493414,1988,"7"" - Playlist - 05 [...P-S...]"
Prince,Prince,Batdance,https://www.discogs.com/release/1641748,1989,"7"" - Playlist - 05 [...P-S...]"
Prince,Prince,"Glam Slam",https://www.discogs.com/release/1357225,1988,"7"" - Archive 06 - [...P-T...]"
Prince,Prince,"I Wanna Be Your Lover",https://www.discogs.com/release/1192072,1979,"7"" - Playlist - 05 [...P-S...]"
Prince,Prince,"I Wish U Heaven",https://www.discogs.com/release/1493486,1988,"7"" - Playlist - 05 [...P-S...]"
Prince,Prince,"If I Was Your Girlfriend",https://www.discogs.com/release/1493429,1987,"7"" - Playlist - 05 [...P-S...]"
Prince,Prince,"New Power Generation",https://www.discogs.com/release/437262,1990,"7"" - Playlist - 05 [...P-S...]"
Prince,Prince,"Sign ""O"" The Times",https://www.discogs.com/release/15347852,1987,"7"" - Playlist - 05 [...P-S...]"
Prince,Prince,"Thieves In The Temple",https://www.discogs.com/release/437241,1990,"7"" - Playlist - 05 [...P-S...]"
Prince,Prince,"U Got The Look",https://www.discogs.com/release/966077,1987,"7"" - Playlist - 05 [...P-S...]"
Prince,Prince,"When Doves Cry",https://www.discogs.com/release/3102562,1984,"7"" - Playlist - 05 [...P-S...]"
Prince,"Prince And The New Power Generation",Cream,https://www.discogs.com/release/335083,1991,"7"" - Playlist - 05 [...P-S...]"
Prince,"Prince And The Revolution","Girls & Boys",https://www.discogs.com/release/9743501,1986,"7"" - Playlist - 05 [...P-S...]"
Prince,"Prince And The Revolution",Kiss,https://www.discogs.com/release/1056453,1986,"7"" - Playlist - 05 [...P-S...]"
Prince,"Prince And The Revolution","Let's Go Crazy",https://www.discogs.com/release/2475271,1985,"7"" - Playlist - 05 [...P-S...]"
Prince,"Prince And The Revolution","Purple Rain",https://www.discogs.com/release/1052043,1984,"7"" - Playlist - 05 [...P-S...]"
"Prince And The Revolution","Prince And The Revolution",Anotherloverholenyohead,https://www.discogs.com/release/7849960,1986,"7"" - Archive 06 - [...P-T...]"
"Prince And The Revolution","Prince And The Revolution","Paisley Park",https://www.discogs.com/release/1247210,1985,"7"" - Archive 06 - [...P-T...]"
"Prince And The Revolution","Prince And The Revolution","Raspberry Beret",https://www.discogs.com/release/5960459,1985,"7"" - Playlist - 05 [...P-S...]"
"Prince Buster","Prince Buster","Big Five",https://www.discogs.com/release/9886942,1970,"7"" - Archive 05 - [...M-P...]"
"Prince Buster","Prince Buster","Whine And Grine",https://www.discogs.com/release/2419556,1998,"7"" - Retro - 02 [H-R]"
"Prince Buster's All Stars","Prince Buster's All Stars","Al Capone",https://www.discogs.com/release/3964414,"","7"" - Retro - 02 [H-R]"
Princess,Princess,"After The Love Has Gone",https://www.discogs.com/release/10306477,1985,"7"" - Archive 05 - [...M-P...]"
Princess,Princess,"I'll Keep On Loving You",https://www.discogs.com/release/3399537,1986,"7"" - Archive 05 - [...M-P...]"
Princess,Princess,"Red Hot",https://www.discogs.com/release/5429932,1987,"7"" - Archive 05 - [...M-P...]"
Princess,Princess,"Say I'm Your No. 1",https://www.discogs.com/release/1622934,1985,"7"" - Playlist - 05 [...P-S...]"
Proclaimers,Proclaimers,"Letter From America (Band Version)",https://www.discogs.com/release/4203099,1987,"7"" - Playlist - 05 [...P-S...]"
"Procol Harum","Procol Harum","A Whiter Shade Of Pale",https://www.discogs.com/release/4368943,"","7"" - Retro - 02 [H-R]"
"Procol Harum","Procol Harum","Pandora's Box",https://www.discogs.com/release/1798771,1975,"7"" - Retro - 02 [H-R]"
Professionals,Professionals,"One Two Three",https://www.discogs.com/release/4162372,1980,"7"" - Playlist - 05 [...P-S...]"
Professionals,Professionals,"Sounds Freebie No. 2",https://www.discogs.com/release/1556529,1981,"7"" - Archive 05 - [...M-P...]"
Propaganda,Propaganda,Duel,https://www.discogs.com/release/3668975,1985,"7"" - Playlist - 05 [...P-S...]"
"Pseudo Echo","Pseudo Echo","Funky Town",https://www.discogs.com/release/199656,1987,"7"" - Archive 05 - [...M-P...]"
"Psychedelic Furs","Psychedelic Furs",Heaven,https://www.discogs.com/release/449387,1984,"7"" - Playlist - 05 [...P-S...]"
"Psychedelic Furs","Psychedelic Furs","Pretty In Pink",https://www.discogs.com/release/857413,1986,Uncategorized
"Public Enemy","Public Enemy","Can't Truss It",https://www.discogs.com/release/1053753,1991,"7"" - Playlist - 05 [...P-S...]"
"Public Enemy","Public Enemy","Welcome To The Terror Dome",https://www.discogs.com/release/306782,1990,"7"" - Playlist - 05 [...P-S...]"
"Public Image Limited","Public Image Limited","Bad Life",https://www.discogs.com/release/1297519,1984,"7"" - Playlist - 05 [...P-S...]"
"Public Image Limited","Public Image Limited","Death Disco",https://www.discogs.com/release/284469,1979,"7"" - Archive 06 - [...P-T...]"
"Public Image Limited","Public Image Limited","Flowers Of Romance",https://www.discogs.com/release/393358,1981,"7"" - Playlist - 05 [...P-S...]"
"Public Image Limited","Public Image Limited","Public Image",https://www.discogs.com/release/440730,1978,"7"" - Playlist - 05 [...P-S...]"
"Public Image Limited","Public Image Limited",Rise,https://www.discogs.com/release/21737668,1986,"7"" - Playlist - 05 [...P-S...]"
"Pure Prairie League","Pure Prairie League","Two Lane Highway /  Sister's Keeper",https://www.discogs.com/release/3790765,1975,"7"" - Archive 05 - [...M-P...]"
"Purple Moors Jazz Band","Purple Moors Jazz Band","Take Me To That Town Of Jazz / De Paarse Heide (Bredaas Volkslied)",https://www.discogs.com/release/9884134,1976,"7"" - Archive 05 - [...M-P...]"
Pussycat,Pussycat,Mississippi,https://www.discogs.com/release/3790838,1976,"7"" - Retro - 02 [H-R]"
Pussycat,Pussycat,Smile,https://www.discogs.com/release/2204883,1976,"7"" - Retro - 02 [H-R]"
"Pyotr Ilyich Tchaikovsky - London Philharmonic Orchestra Direction: Sir Adrian Boult","Pyotr Ilyich Tchaikovsky - London Philharmonic Orchestra Direction: Sir Adrian Boult","Capriccio Italien",https://www.discogs.com/release/12160509,"","7"" - Archive 05 - [...M-P...]"
"Python Lee Jackson","Python Lee Jackson","In A Broken Dream",https://www.discogs.com/release/8354250,"","7"" - Retro - 02 [H-R]"
"Q Tips Featuring Paul Young","Q Tips Featuring Paul Young","I Wish It Would Rain",https://www.discogs.com/release/1457875,1984,"7"" - Playlist - 05 [...P-S...]"
"Quantum Jump","Quantum Jump","The Lone Ranger",https://www.discogs.com/release/24725612,1977,"7"" - Playlist - 05 [...P-S...]"
Queen,Queen,"It's A Hard Life",https://www.discogs.com/release/1602429,1984,"7"" - Playlist - 05 [...P-S...]"
Queen,Queen,"One Vision",https://www.discogs.com/release/594272,1985,"7"" - Playlist - 05 [...P-S...]"
"Queen & Freddie Mercury","Freddie Mercury","The Great Pretender",https://www.discogs.com/release/4819622,1987,"7"" - Playlist - 05 [...P-S...]"
"Queen & Freddie Mercury","Freddie Mercury","Time  ",https://www.discogs.com/release/1564575,1986,"7"" - Playlist - 05 [...P-S...]"
"Queen & Freddie Mercury",Queen,"A Kind Of Magic",https://www.discogs.com/release/453215,1986,"7"" - Playlist - 05 [...P-S...]"
"Queen & Freddie Mercury",Queen,"Another One Bites The Dust",https://www.discogs.com/release/15858291,1980,"7"" - Playlist - 05 [...P-S...]"
"Queen & Freddie Mercury",Queen,"Bicycle Race / Fat Bottomed Girls",https://www.discogs.com/release/1178216,1978,"7"" - Playlist - 05 [...P-S...]"
"Queen & Freddie Mercury",Queen,"Body Language",https://www.discogs.com/release/1559658,1982,"7"" - Archive 05 - [...M-P...]"
"Queen & Freddie Mercury",Queen,"Bohemian Rhapsody",https://www.discogs.com/release/5246929,1975,"7"" - Retro - 02 [H-R]"
"Queen & Freddie Mercury",Queen,"Bohemian Rhapsody / These Are The Days Of Our Lives",https://www.discogs.com/release/428281,1991,"7"" - Playlist - 05 [...P-S...]"
"Queen & Freddie Mercury",Queen,Breakthru,https://www.discogs.com/release/5961863,1989,"7"" - Archive 05 - [...M-P...]"
"Queen & Freddie Mercury",Queen,"Crazy Little Thing Called Love",https://www.discogs.com/release/5667594,1979,"7"" - Playlist - 05 [...P-S...]"
"Queen & Freddie Mercury",Queen,"Don't Stop Me Now",https://www.discogs.com/release/7066771,1979,"7"" - Playlist - 05 [...P-S...]"
"Queen & Freddie Mercury",Queen,Flash,https://www.discogs.com/release/385573,1980,"7"" - Playlist - 05 [...P-S...]"
"Queen & Freddie Mercury",Queen,"I Want It All",https://www.discogs.com/release/10290372,1989,"7"" - Playlist - 05 [...P-S...]"
"Queen & Freddie Mercury",Queen,"I Want To Break Free",https://www.discogs.com/release/2258996,1984,"7"" - Playlist - 05 [...P-S...]"
"Queen & Freddie Mercury",Queen,"I'm Going Slightly Mad",https://www.discogs.com/release/15205068,1991,"7"" - Playlist - 05 [...P-S...]"
"Queen & Freddie Mercury",Queen,"Keep Yourself Alive",https://www.discogs.com/release/1845537,1973,"7"" - Retro - 02 [H-R]"
"Queen & Freddie Mercury",Queen,"Killer Queen / Flick Of The Wrist",https://www.discogs.com/release/553849,1974,"7"" - Retro - 02 [H-R]"
"Queen & Freddie Mercury",Queen,"Now I'm Here",https://www.discogs.com/release/809200,1975,"7"" - Retro - 02 [H-R]"
"Queen & Freddie Mercury",Queen,"Play The Game",https://www.discogs.com/release/1535537,1980,"7"" - Playlist - 05 [...P-S...]"
"Queen & Freddie Mercury",Queen,"Radio Ga Ga",https://www.discogs.com/release/4059653,1984,"7"" - Playlist - 05 [...P-S...]"
"Queen & Freddie Mercury",Queen,"Seven Seas Of Rhye",https://www.discogs.com/release/743833,1974,"7"" - Retro - 02 [H-R]"
"Queen & Freddie Mercury",Queen,"Somebody To Love",https://www.discogs.com/release/8601032,1976,"7"" - Playlist - 05 [...P-S...]"
"Queen & Freddie Mercury",Queen,"Tie Your Mother Down",https://www.discogs.com/release/3418727,1977,"7"" - Retro - 02 [H-R]"
"Queen & Freddie Mercury",Queen,"We Are The Champions",https://www.discogs.com/release/1248522,1977,"7"" - Playlist - 05 [...P-S...]"
"Queen & Freddie Mercury","Queen & David Bowie","Under Pressure",https://www.discogs.com/release/778307,1981,"7"" - Playlist - 05 [...P-S...]"
Quick,Quick,"Sharks Are Cool, Jets Are Hot",https://www.discogs.com/release/4486659,1979,"7"" - Archive 05 - [...M-P...]"
Quick,Quick,"The Rhythm Of The Jungle ",https://www.discogs.com/release/101235,1982,"7"" - Archive 05 - [...M-P...]"
"Quincy Jones","Quincy Jones","Ai No Corrida ",https://www.discogs.com/release/1034611,1981,"7"" - Playlist - 05 [...P-S...]"
"Quincy Jones","Quincy Jones","Boogie Joe, The Grinder",https://www.discogs.com/release/2728388,1974,"7"" - Archive 05 - [...M-P...]"
"Quincy Jones","Quincy Jones",Razzamatazz,https://www.discogs.com/release/1130952,1981,"7"" - Archive 05 - [...M-P...]"
"Quincy Jones","Quincy Jones","Stuff Like That",https://www.discogs.com/release/11652206,1978,"7"" - Archive 05 - [...M-P...]"
Quireboys,Quireboys,"I Don't Love You Anymore",https://www.discogs.com/release/2325696,1990,"7"" - Archive 05 - [...M-P...]"
"R & J Stone","R & J Stone","We Do It",https://www.discogs.com/release/5179378,1975,"7"" - Retro - 02 [H-R]"
"R. Dean Taylor","R. Dean Taylor","Gotta See Jane",https://www.discogs.com/release/1300002,1974,"7"" - Archive 05 - [...M-P...]"
"R. Dean Taylor","R. Dean Taylor","There's A Ghost In My House",https://www.discogs.com/release/15622919,"","7"" - Retro - 02 [H-R]"
"R. Dean Taylor","R. Dean Taylor","Window Shopping",https://www.discogs.com/release/2084903,1974,"7"" - Archive 05 - [...M-P...]"
R.E.M.,R.E.M.,"Everybody Hurts",https://www.discogs.com/release/1726435,1993,"7"" - Playlist - 05 [...P-S...]"
R.E.M.,R.E.M.,"It's The End Of The World As We Know It (And I Feel Fine)",https://www.discogs.com/release/1964778,1991,"7"" - Playlist - 05 [...P-S...]"
R.E.M.,R.E.M.,"Losing My Religion",https://www.discogs.com/release/1512047,1991,"7"" - Playlist - 05 [...P-S...]"
R.E.M.,R.E.M.,"Man On The Moon (Edit)",https://www.discogs.com/release/12186505,1992,"7"" - Playlist - 05 [...P-S...]"
R.E.M.,R.E.M.,"Orange Crush",https://www.discogs.com/release/4718251,1989,"7"" - Playlist - 05 [...P-S...]"
R.E.M.,R.E.M.,"Shiny Happy People",https://www.discogs.com/release/432456,1991,"7"" - Playlist - 05 [...P-S...]"
R.E.M.,R.E.M.,"The One I Love",https://www.discogs.com/release/1761504,1991,"7"" - Playlist - 05 [...P-S...]"
"Rab Noakes","Rab Noakes","Wait A Minute / Travel Sickness",https://www.discogs.com/release/11343965,1972,"7"" - Archive 05 - [...M-P...]"
Racey,Racey,"Lay Your Love On Me",https://www.discogs.com/release/1869295,1978,"7"" - Retro - 02 [H-R]"
Racey,Racey,"Rest Of My Life",https://www.discogs.com/release/6374413,1980,"7"" - Archive 05 - [...M-P...]"
Racey,Racey,"Runaround Sue",https://www.discogs.com/release/2841443,1980,"7"" - Retro - 02 [H-R]"
Racey,Racey,"Some Girls",https://www.discogs.com/release/7151629,1979,"7"" - Retro - 02 [H-R]"
"Rachel Sweet","Rachel Sweet","B-A-B-Y ",https://www.discogs.com/release/4370419,1978,"7"" - Playlist - 05 [...P-S...]"
"Racing Cars","Racing Cars","Bring On The Night",https://www.discogs.com/release/6102082,1978,"7"" - Archive 05 - [...M-P...]"
"Racing Cars","Racing Cars","Down By The River",https://www.discogs.com/release/2494754,1977,"7"" - Archive 05 - [...M-P...]"
"Racing Cars","Racing Cars","They Shoot Horses Don't They?",https://www.discogs.com/release/4960031,1976,"7"" - Retro - 02 [H-R]"
"Radio Heart Featuring Gary Numan","Radio Heart Featuring Gary Numan","Radio Heart",https://www.discogs.com/release/1259797,1987,"7"" - Archive 05 - [...M-P...]"
"Radio Heart, Gary Numan","Radio Heart, Gary Numan","London Times",https://www.discogs.com/release/568350,1987,"7"" - Archive 05 - [...M-P...]"
Raes,Raes,"A Little Lovin' (Keeps The Doctor Away)",https://www.discogs.com/release/9396419,1978,"7"" - Archive 05 - [...M-P...]"
"Raffaella Carrà","Raffaella Carrà","Do It, Do It Again",https://www.discogs.com/release/939487,1978,"7"" - Playlist - 05 [...P-S...]"
Ragtimers,Ragtimers,"The Sting",https://www.discogs.com/release/1436144,1974,"7"" - Retro - 02 [H-R]"
"RAH Band","RAH Band","Clouds Across The Moon",https://www.discogs.com/release/188047,1985,"7"" - Playlist - 05 [...P-S...]"
"RAH Band","RAH Band","Perfumed Garden / Funk Me Down To Rio '82",https://www.discogs.com/release/715391,1982,"7"" - Archive 05 - [...M-P...]"
"RAH Band","RAH Band","The Crunch (Part 1)",https://www.discogs.com/release/6724649,1977,"7"" - Playlist - 05 [...P-S...]"
"Rah Band","Rah Band","Tokyo Flyer",https://www.discogs.com/release/3769106,1980,"7"" - Archive 05 - [...M-P...]"
Raiders,Raiders,"Song Seller",https://www.discogs.com/release/10078147,1972,"7"" - Archive 05 - [...M-P...]"
"Railway Children","Railway Children","Every Beat Of The Heart",https://www.discogs.com/release/1662144,1990,"7"" - Playlist - 05 [...P-S...]"
Rainbow,Rainbow,"All Night Long",https://www.discogs.com/release/9501491,1980,"7"" - Playlist - 05 [...P-S...]"
Rainbow,Rainbow,"I Surrender",https://www.discogs.com/release/6888859,1981,"7"" - Playlist - 05 [...P-S...]"
Rainbow,Rainbow,Live,https://www.discogs.com/release/2310037,1977,"7"" - Archive 05 - [...M-P...]"
Rainbow,Rainbow,"Since You Been Gone",https://www.discogs.com/release/6959682,1979,"7"" - Playlist - 05 [...P-S...]"
"Rainbow Cottage","Rainbow Cottage",Seagull,https://www.discogs.com/release/2034511,1976,"7"" - Archive 05 - [...M-P...]"
Rainmakers,Rainmakers,"Let My People Go-Go",https://www.discogs.com/release/1506721,1987,"7"" - Playlist - 05 [...P-S...]"
"Ralph McTell","Ralph McTell","Dreams Of You",https://www.discogs.com/release/1469972,1975,"7"" - Archive 05 - [...M-P...]"
"Ralph McTell","Ralph McTell","Streets Of London",https://www.discogs.com/release/7378350,1974,"7"" - Retro - 02 [H-R]"
"Ram Jam","Ram Jam","Black Betty",https://www.discogs.com/release/4362331,1977,"7"" - Retro - 02 [H-R]"
Ramblers,Ramblers,"The Sparrow",https://www.discogs.com/release/1974449,1979,"7"" - Novelty [#,A-Z]"
Ramones,Ramones,"Real Cool Time",https://www.discogs.com/release/1485449,1987,"7"" - Playlist - 05 [...P-S...]"
Ramones,Ramones,"She's The One b/w I Wanna Be Sedated",https://www.discogs.com/release/817780,1978,"7"" - Playlist - 05 [...P-S...]"
Ramones,Ramones,"Sheena Is A Punk Rocker",https://www.discogs.com/release/857001,1977,"7"" - Playlist - 05 [...P-S...]"
Ramones,Ramones,"Swallow My Pride",https://www.discogs.com/release/7192997,1977,"7"" - Playlist - 05 [...P-S...]"
Ramrods,Ramrods,"(Ghost) Riders In The Sky",https://www.discogs.com/release/15203707,"","7"" - Archive 05 - [...M-P...]"
Ramshac,Ramshac,"You Got It!",https://www.discogs.com/release/14694928,1993,"7"" - Archive 05 - [...M-P...]"
Ranch,Ranch,"Put Your Love In Me",https://www.discogs.com/release/2866074,1985,"7"" - Archive 05 - [...M-P...]"
"Randy Crawford","Randy Crawford",Almaz,https://www.discogs.com/release/1443740,1986,"7"" - Archive 05 - [...M-P...]"
"Randy Crawford","Randy Crawford","He Reminds Me",https://www.discogs.com/release/3207118,1982,"7"" - Archive 05 - [...M-P...]"
"Randy Crawford","Randy Crawford",Imagine,https://www.discogs.com/release/2099705,1982,"7"" - Archive 05 - [...M-P...]"
"Randy Crawford","Randy Crawford","One Day I'll Fly Away",https://www.discogs.com/release/691272,1980,"7"" - Archive 05 - [...M-P...]"
"Randy Crawford","Randy Crawford","Rainy Night In Georgia",https://www.discogs.com/release/8211363,1981,"7"" - Archive 05 - [...M-P...]"
"Randy Crawford","Randy Crawford","You Might Need Somebody",https://www.discogs.com/release/1612252,1981,"7"" - Archive 05 - [...M-P...]"
"Randy Edelman","Randy Edelman","Concrete And Clay",https://www.discogs.com/release/2738876,1975,"7"" - Archive 05 - [...M-P...]"
"Randy Edelman","Randy Edelman","Take My Hand",https://www.discogs.com/release/3230534,1977,"7"" - Archive 05 - [...M-P...]"
"Randy Vanwarmer","Randy Vanwarmer","Just When I Needed You Most",https://www.discogs.com/release/1657411,1979,"7"" - Retro - 02 [H-R]"
Rattles,Rattles,"The Witch",https://www.discogs.com/release/6203680,1970,"7"" - Retro - 02 [H-R]"
"Raw Silk","Raw Silk","Do It To The Music",https://www.discogs.com/release/1114357,1982,"7"" - Archive 05 - [...M-P...]"
"Ray Charles","Ray Charles","Georgia On My Mind / Carry Me Back To Old Virginny",https://www.discogs.com/release/2972033,1960,"7"" - Retro - 02 [H-R]"
"Ray Charles","Ray Charles","I Can't Stop Loving You",https://www.discogs.com/release/472598,1962,"7"" - Retro - 02 [H-R]"
"Ray Charles","Ray Charles","Take These Chains From My Heart",https://www.discogs.com/release/9284443,1963,"7"" - Archive 05 - [...M-P...]"
"Ray Charles With The Jack Halloran Singers And Ray Charles And His Orchestra","Ray Charles With The Jack Halloran Singers And Ray Charles And His Orchestra","Cryin' Time",https://www.discogs.com/release/2086362,1966,"7"" - Archive 05 - [...M-P...]"
"Ray Conniff & His Orchestra & Singers / André Kostelanetz And His Orchestra / Tony Bennett / Eydie Gormé","Ray Conniff & His Orchestra & Singers / André Kostelanetz And His Orchestra / Tony Bennett / Eydie Gormé","All Time Hits!",https://www.discogs.com/release/5286399,1967,"7"" - Archive 05 - [...M-P...]"
"Ray Conniff And His Orchestra & Chorus","Ray Conniff And His Orchestra & Chorus","Concert With Conniff Vol. 1",https://www.discogs.com/release/5175810,1960,"7"" - Archive 05 - [...M-P...]"
"Ray Conniff And The Singers","Ray Conniff And The Singers","Here Comes Santa Claus / Winter Wonderland",https://www.discogs.com/release/8904386,1959,"7"" - Holiday [#,A-Z]"
"Ray Parker Jr.","Ray Parker Jr.",Ghostbusters,https://www.discogs.com/release/712795,1984,"7"" - Playlist - 05 [...P-S...]"
"Ray Parker Jr.","Ray Parker Jr.","I Don't Think That Man Should Sleep Alone",https://www.discogs.com/release/655031,1987,"7"" - Archive 05 - [...M-P...]"
"Ray Parker Jr.","Ray Parker Jr.","The Other Woman",https://www.discogs.com/release/4561256,1982,"7"" - Archive 05 - [...M-P...]"
"Ray Stevens","Ray Stevens","Bridget The Midget (The Queen Of The Blues) / Can We Get To That",https://www.discogs.com/release/5668947,1971,"7"" - Novelty [#,A-Z]"
"Ray Stevens","Ray Stevens","In The Mood",https://www.discogs.com/release/1475588,1977,"7"" - Novelty [#,A-Z]"
"Ray Stevens","Ray Stevens","Indian Love Call",https://www.discogs.com/release/1472203,1975,"7"" - Archive 05 - [...M-P...]"
"Ray Stevens","Ray Stevens",Misty,https://www.discogs.com/release/1767095,1975,"7"" - Retro - 02 [H-R]"
"Ray Stevens","Ray Stevens","The Streak",https://www.discogs.com/release/967092,1974,"7"" - Novelty [#,A-Z]"
"Ray Tissier","Ray Tissier","Be My Summer Love",https://www.discogs.com/release/6057048,1975,"7"" - Archive 05 - [...M-P...]"
Raydio,Raydio,"Is This A Love Thing / Let's Go All The Way",https://www.discogs.com/release/2100246,1978,"7"" - Playlist - 05 [...P-S...]"
Raydio,Raydio,"Jack And Jill",https://www.discogs.com/release/3189515,1978,"7"" - Playlist - 05 [...P-S...]"
"Raymond Lefèvre Et Son Grand Orchestre","Raymond Lefèvre Et Son Grand Orchestre","Queen Of Sheba",https://www.discogs.com/release/19127392,1969,"7"" - Archive 05 - [...M-P...]"
Re-Flex,Re-Flex,"The Politics Of Dancing",https://www.discogs.com/release/12767278,1984,"7"" - Archive 06 - [...P-T...]"
"Ready Made","Ready Made","Ready Made",https://www.discogs.com/release/8935186,1986,"7"" - Archive 05 - [...M-P...]"
"Real McCoy","Real McCoy","Run Away",https://www.discogs.com/release/1578399,1994,"7"" - Playlist - 05 [...P-S...]"
"Real Roxanne With Howie Tee","Real Roxanne With Howie Tee","(Bang Zoom) Let's Go Go / Howie's Teed Off",https://www.discogs.com/release/190503,1986,"7"" - Archive 05 - [...M-P...]"
"Real Thing","Real Thing","Can You Feel The Force?",https://www.discogs.com/release/485570,1979,"7"" - Playlist - 05 [...P-S...]"
"Real Thing","Real Thing","Can't Get By Without You",https://www.discogs.com/release/1358514,1976,"7"" - Playlist - 05 [...P-S...]"
"Real Thing","Real Thing","Let's Go Disco",https://www.discogs.com/release/5723558,1978,"7"" - Archive 05 - [...M-P...]"
"Real Thing","Real Thing","Love's Such A Wonderful Thing",https://www.discogs.com/release/1640282,1977,"7"" - Archive 05 - [...M-P...]"
"Real Thing","Real Thing","Rainin' Through My Sunshine",https://www.discogs.com/release/5724228,1978,"7"" - Archive 05 - [...M-P...]"
"Real Thing","Real Thing","You To Me Are Everything",https://www.discogs.com/release/3967057,1976,"7"" - Playlist - 05 [...P-S...]"
"Real Thing","Real Thing","You'll Never Know What You're Missing",https://www.discogs.com/release/8808498,1977,"7"" - Archive 05 - [...M-P...]"
Reality,Reality,"(Tell Me) What's Going On In Your Mind",https://www.discogs.com/release/3864983,1981,"7"" - Archive 05 - [...M-P...]"
"Rebel MC & Double Trouble","Rebel MC & Double Trouble","Street Tuff",https://www.discogs.com/release/9083382,1989,"7"" - Playlist - 05 [...P-S...]"
"Red Box","Red Box","For America",https://www.discogs.com/release/15191124,1986,"7"" - Archive 05 - [...M-P...]"
"Red Box","Red Box","Lean On Me",https://www.discogs.com/release/4845474,1985,"7"" - Playlist - 05 [...P-S...]"
"Red Guitars","Red Guitars","Be With Me",https://www.discogs.com/release/1053846,1985,"7"" - Archive 05 - [...M-P...]"
"Red Haggle Pipers","Red Haggle Pipers","The Scottish Dog Dance",https://www.discogs.com/release/2578696,1979,"7"" - Archive 05 - [...M-P...]"
"Red Sovine","Red Sovine","Teddy Bear",https://www.discogs.com/release/1965961,1981,"7"" - Archive 05 - [...M-P...]"
Redbone,Redbone,"The Witch Queen Of New Orleans",https://www.discogs.com/release/5646390,1971,"7"" - Retro - 02 [H-R]"
"Redd Wayne","Redd Wayne","Hey! Little Girl / When My Little Girl Is Smiling",https://www.discogs.com/release/2733682,1962,"7"" - Archive 05 - [...M-P...]"
Redskins,Redskins,"Bring It Down (This Insane Thing)",https://www.discogs.com/release/1659497,1985,"7"" - Playlist - 05 [...P-S...]"
Regents,Regents,"7 Teen",https://www.discogs.com/release/6874358,1979,"7"" - Archive 06 - [...P-T...]"
Reid,Reid,"Good Times",https://www.discogs.com/release/4245583,1989,"7"" - Archive 05 - [...M-P...]"
Reid,Reid,"Lovin' On The Side",https://www.discogs.com/release/9686893,1989,"7"" - Archive 05 - [...M-P...]"
Renaissance,Renaissance,"Northern Lights",https://www.discogs.com/release/2578730,1978,"7"" - Retro - 02 [H-R]"
"Renato Pagliari","Renato Pagliari","She Wears My Ring",https://www.discogs.com/release/3865513,1983,"7"" - Archive 05 - [...M-P...]"
"Renée & Renato","Renée & Renato","Save Your Love",https://www.discogs.com/release/5172730,1982,"7"" - Archive 05 - [...M-P...]"
"REO Speedwagon","REO Speedwagon","Can't Fight This Feeling",https://www.discogs.com/release/4672770,1985,Uncategorized
"REO Speedwagon","REO Speedwagon","Keep On Loving You",https://www.discogs.com/release/1217960,1981,"7"" - Playlist - 05 [...P-S...]"
"REO Speedwagon","REO Speedwagon","Take It On The Run",https://www.discogs.com/release/15236936,1981,"7"" - Archive 06 - [...P-T...]"
"Reparata And The Delrons","Reparata And The Delrons","Captain Of Your Ship",https://www.discogs.com/release/1733578,1968,"7"" - Retro - 02 [H-R]"
Reps,Reps,"Rebel / No More Yesterdays",https://www.discogs.com/release/3514415,1981,"7"" - Archive 05 - [...M-P...]"
"Rex Smith","Rex Smith","Never Gonna Give You Up",https://www.discogs.com/release/8024446,1979,"7"" - Archive 05 - [...M-P...]"
"Rezillos / Revillos",Revillos,"Bongo Brain",https://www.discogs.com/release/913686,1982,"7"" - Playlist - 05 [...P-S...]"
"Rezillos / Revillos",Rezillos,"Cold Wars",https://www.discogs.com/release/5073600,1979,"7"" - Playlist - 05 [...P-S...]"
"Rezillos / Revillos",Rezillos,"Destination Venus",https://www.discogs.com/release/1159670,1978,"7"" - Playlist - 05 [...P-S...]"
"Rezillos / Revillos",Rezillos,"I Can't Stand My Baby / I Wanna Be Your Man",https://www.discogs.com/release/13100492,1979,"7"" - Playlist - 05 [...P-S...]"
"Rezillos / Revillos",Rezillos,"Top Of The Pops",https://www.discogs.com/release/382484,1978,"7"" - Playlist - 05 [...P-S...]"
"Rhetta Young","Rhetta Young","(Sending Out An) S.O.S.",https://www.discogs.com/release/4626862,1975,"7"" - Archive 05 - [...M-P...]"
Rhonda,Rhonda,"He's The One",https://www.discogs.com/release/3505142,1978,"7"" - Archive 05 - [...M-P...]"
"Richard Anthony","Richard Anthony","If I Loved You",https://www.discogs.com/release/1528728,1964,"7"" - Archive 05 - [...M-P...]"
"Richard Chamberlain","Richard Chamberlain","Love Me Tender",https://www.discogs.com/release/1389408,1962,"7"" - Archive 05 - [...M-P...]"
"Richard Hartley / Michael Reed Orchestra","Richard Hartley / Michael Reed Orchestra","The Music Of Torvill & Dean",https://www.discogs.com/release/2142580,1984,"7"" - Archive 05 - [...M-P...]"
"Richard Henry Dee","Richard Henry Dee","Where Have All My Friends Gone",https://www.discogs.com/release/6126329,1979,"7"" - Archive 05 - [...M-P...]"
"Richard Jarvis & The Good Home Cookin'","Richard Jarvis & The Good Home Cookin'","Heritage Part 1",https://www.discogs.com/release/12781819,1973,"7"" - Archive 05 - [...M-P...]"
"Richard Marx","Richard Marx","Right Here Waiting",https://www.discogs.com/release/5793121,1989,"7"" - Archive 06 - [...P-T...]"
"Richard Myhill","Richard Myhill","It Takes Two To Tango",https://www.discogs.com/release/1762905,1978,"7"" - Archive 05 - [...M-P...]"
"Richard Quin","Richard Quin",Lovelight,https://www.discogs.com/release/15339021,1980,"7"" - Archive 05 - [...M-P...]"
"Rick Astley","Rick Astley","Hold Me In Your Arms",https://www.discogs.com/release/1879291,1989,"7"" - Playlist - 05 [...P-S...]"
"Rick Astley","Rick Astley","Never Gonna Give You Up",https://www.discogs.com/release/12442839,1987,"7"" - Playlist - 05 [...P-S...]"
"Rick Astley","Rick Astley","She Wants To Dance With Me",https://www.discogs.com/release/8828252,1988,"7"" - Playlist - 05 [...P-S...]"
"Rick Astley","Rick Astley","Take Me To Your Heart",https://www.discogs.com/release/3062619,1988,"7"" - Playlist - 05 [...P-S...]"
"Rick Astley","Rick Astley","Together Forever",https://www.discogs.com/release/2774944,1988,"7"" - Playlist - 05 [...P-S...]"
"Rick Astley","Rick Astley","When I Fall In Love / My Arms Keep Missing You",https://www.discogs.com/release/4225155,1987,"7"" - Archive 06 - [...P-T...]"
"Rick Astley","Rick Astley","Whenever You Need Somebody",https://www.discogs.com/release/2950736,1987,"7"" - Playlist - 05 [...P-S...]"
"Rick Dees & His Cast Of Idiots","Rick Dees & His Cast Of Idiots","Disco Duck",https://www.discogs.com/release/2620836,1976,"7"" - Novelty [#,A-Z]"
"Rick Tubbax And The Taxi's","Rick Tubbax And The Taxi's","Breaking Up",https://www.discogs.com/release/670853,1980,"7"" - Playlist - 05 [...P-S...]"
"Rickie Lee Jones","Rickie Lee Jones","Chuck E's In Love",https://www.discogs.com/release/3251970,1979,"7"" - Playlist - 05 [...P-S...]"
"Rickie Lee Jones","Rickie Lee Jones","Danny's All-Star Joint",https://www.discogs.com/release/2527544,1979,"7"" - Playlist - 05 [...P-S...]"
"Ricky Nelson","Ricky Nelson","Poor Little Fool",https://www.discogs.com/release/10136868,1958,"7"" - Retro - 02 [H-R]"
"Ricky Valance","Ricky Valance","Tell Laura I Love Her",https://www.discogs.com/release/13325130,1960,"7"" - Retro - 02 [H-R]"
"Right Said Fred","Right Said Fred","Deeply Dippy",https://www.discogs.com/release/1759424,1992,"7"" - Playlist - 05 [...P-S...]"
"Right Said Fred","Right Said Fred","I'm Too Sexy",https://www.discogs.com/release/302287,1991,"7"" - Archive 06 - [...P-T...]"
"Right Said Fred","Right Said Fred","Those Simple Things / (What A Day For A) Daydream",https://www.discogs.com/release/2389833,1992,"7"" - Playlist - 05 [...P-S...]"
"Righteous Brothers","Righteous Brothers","Unchained Melody",https://www.discogs.com/release/4588679,1990,"7"" - Retro - 02 [H-R]"
"Rikki Henderson","Rikki Henderson","Two Kinds Of Teardrops / When Will You Say I Love You",https://www.discogs.com/release/3847094,1963,"7"" - Archive 05 - [...M-P...]"
"Ringo Starr","Ringo Starr","Back Off Boogaloo",https://www.discogs.com/release/8370224,1972,"7"" - Retro - 02 [H-R]"
"Ringo Starr","Ringo Starr","Only You",https://www.discogs.com/release/1845656,1974,"7"" - Retro - 02 [H-R]"
"Ringo Starr","Ringo Starr",Photograph,https://www.discogs.com/release/966312,1973,"7"" - Retro - 02 [H-R]"
"Ringo Starr","Ringo Starr","You're Sixteen ",https://www.discogs.com/release/2197558,1974,"7"" - Retro - 02 [H-R]"
"Rita Coolidge","Rita Coolidge","We're All Alone",https://www.discogs.com/release/1561886,1977,"7"" - Retro - 02 [H-R]"
"Rita Coolidge","Rita Coolidge",Words,https://www.discogs.com/release/14010329,1978,"7"" - Archive 05 - [...M-P...]"
"Rita Pavone","Rita Pavone",Heart,https://www.discogs.com/release/7294185,1966,"7"" - Retro - 02 [H-R]"
"Ritchie Family","Ritchie Family","American Generation",https://www.discogs.com/release/6867317,1978,"7"" - Archive 05 - [...M-P...]"
"Ritchie Family","Ritchie Family","It's A Mans World",https://www.discogs.com/release/2505030,1979,"7"" - Archive 05 - [...M-P...]"
"Ritchie Family","Ritchie Family","The Best Disco In Town",https://www.discogs.com/release/1407032,1976,"7"" - Archive 05 - [...M-P...]"
Ritzi,Ritzi,"Too Much Fandango",https://www.discogs.com/release/4710955,1975,"7"" - Archive 05 - [...M-P...]"
"River Detectives","River Detectives",Chains,https://www.discogs.com/release/3421187,1989,"7"" - Playlist - 05 [...P-S...]"
Roachford,Roachford,"Cuddly Toy",https://www.discogs.com/release/1759297,1989,"7"" - Playlist - 05 [...P-S...]"
"Roaring Boys","Roaring Boys","Every Second Of The Day",https://www.discogs.com/release/8828262,1985,"7"" - Archive 05 - [...M-P...]"
"Robbie Nevil","Robbie Nevil","C'Est La Vie",https://www.discogs.com/release/649450,1986,"7"" - Playlist - 05 [...P-S...]"
"Robbie Nevil","Robbie Nevil",Dominoes,https://www.discogs.com/release/13079581,1986,"7"" - Archive 05 - [...M-P...]"
"Robbie Robertson","Robbie Robertson","Somewhere Down The Crazy River",https://www.discogs.com/release/13725815,1988,"7"" - Playlist - 05 [...P-S...]"
"Robert Goulet","Robert Goulet","Summer Sounds / The More I See Of Mimi",https://www.discogs.com/release/2129997,1965,"7"" - Archive 05 - [...M-P...]"
"Robert Howard & Kym Mazelle","Robert Howard & Kym Mazelle",Wait!,https://www.discogs.com/release/13784324,1989,"7"" - Playlist - 05 [...P-S...]"
"Robert John","Robert John","If You Don't Want My Love",https://www.discogs.com/release/3787381,1968,"7"" - Retro - 02 [H-R]"
"Robert Knight","Robert Knight","Love On A Mountain Top",https://www.discogs.com/release/767288,1973,"7"" - Retro - 02 [H-R]"
"Robert Palmer","Robert Palmer","Addicted To Love",https://www.discogs.com/release/699722,1986,"7"" - Playlist - 05 [...P-S...]"
"Robert Palmer","Robert Palmer","Bad Case Of Loving You (Doctor Doctor)",https://www.discogs.com/release/1763747,1989,"7"" - Playlist - 05 [...P-S...]"
"Robert Palmer","Robert Palmer","I Didn't Mean To Turn You On",https://www.discogs.com/release/1373999,1985,"7"" - Playlist - 05 [...P-S...]"
"Robert Palmer","Robert Palmer","Johnny & Mary",https://www.discogs.com/release/1379520,1980,Uncategorized
"Robert Palmer","Robert Palmer","Mercy Mercy Me / I Want You",https://www.discogs.com/release/1759286,1990,"7"" - Playlist - 05 [...P-S...]"
"Robert Palmer","Robert Palmer","She Makes My Day",https://www.discogs.com/release/3220556,1988,"7"" - Playlist - 05 [...P-S...]"
"Robert Palmer","Robert Palmer","Simply Irresistible",https://www.discogs.com/release/1450765,1988,"7"" - Archive 06 - [...P-T...]"
"Robert Palmer","Robert Palmer","Some Guys Have All The Luck",https://www.discogs.com/release/775290,1982,"7"" - Playlist - 05 [...P-S...]"
"Robert Palmer","Robert Palmer","You Are In My System",https://www.discogs.com/release/5667089,1983,"7"" - Playlist - 05 [...P-S...]"
"Robert Palmer","Robert Palmer And UB40","I'll Be Your Baby Tonight",https://www.discogs.com/release/1663951,1990,"7"" - Playlist - 05 [...P-S...]"
"Robert Plant","Robert Plant","Big Log",https://www.discogs.com/release/635704,1983,"7"" - Playlist - 05 [...P-S...]"
"Robert Plant","Robert Plant","Heaven Knows",https://www.discogs.com/release/8048633,1988,"7"" - Archive 05 - [...M-P...]"
"Robert Rigby","Robert Rigby","Nativity Song (From The Musical ""Rock Star"")",https://www.discogs.com/release/5381970,1979,"7"" - Archive 05 - [...M-P...]"
"Robert Wyatt","Robert Wyatt","I'm A Believer",https://www.discogs.com/release/410930,1974,"7"" - Archive 05 - [...M-P...]"
"Roberta Flack","Roberta Flack","Feel Like Makin' Love",https://www.discogs.com/release/2026905,1974,"7"" - Retro - 02 [H-R]"
"Roberta Flack","Roberta Flack","Killing Me Softly With His Song / The  First Time  Ever I Saw Your Face",https://www.discogs.com/release/6753740,1985,"7"" - Retro - 02 [H-R]"
"Roberta Flack","Roberta Flack","The First Time Ever I Saw Your Face",https://www.discogs.com/release/4848845,1972,"7"" - Retro - 02 [H-R]"
"Roberta Flack Featuring Donny Hathaway","Roberta Flack Featuring Donny Hathaway","Back Together Again",https://www.discogs.com/release/559379,1980,"7"" - Archive 05 - [...M-P...]"
"Roberta Kelly","Roberta Kelly",Zodiacs,https://www.discogs.com/release/7510326,1977,"7"" - Archive 05 - [...M-P...]"
"Robin Beck","Robin Beck","First Time",https://www.discogs.com/release/7739021,1988,"7"" - Playlist - 05 [...P-S...]"
"Robin Gibb","Robin Gibb","Saved By The Bell",https://www.discogs.com/release/7712045,1969,"7"" - Archive 05 - [...M-P...]"
"Robin Sarstedt","Robin Sarstedt","My Resistance Is Low",https://www.discogs.com/release/1481954,1976,"7"" - Archive 05 - [...M-P...]"
"Robin Trower","Robin Trower",Caledonia,https://www.discogs.com/release/2028320,1976,"7"" - Archive 05 - [...M-P...]"
"Robin Trower","Robin Trower","It's For You",https://www.discogs.com/release/2803369,1978,"7"" - Archive 05 - [...M-P...]"
"Rock Bottom","Rock Bottom",Volare,https://www.discogs.com/release/11145686,1975,"7"" - Archive 05 - [...M-P...]"
"Rock Island Line","Rock Island Line","Choo Choo Ch'Boogie",https://www.discogs.com/release/7747092,1979,"7"" - Archive 05 - [...M-P...]"
"Rock Steady Crew","Rock Steady Crew","(Hey You) The Rock Steady Crew",https://www.discogs.com/release/532557,1983,"7"" - Playlist - 05 [...P-S...]"
"Rockers Revenge Featuring Donnie Calvin","Rockers Revenge Featuring Donnie Calvin","Walking On Sunshine",https://www.discogs.com/release/5874098,1982,"7"" - Archive 05 - [...M-P...]"
"Rockin' Berries","Rockin' Berries","Poor Man's Son",https://www.discogs.com/release/4713709,1965,"7"" - Archive 05 - [...M-P...]"
Rockpile,Rockpile,"I Hear You Knocking",https://www.discogs.com/release/6501796,1970,"7"" - Retro - 02 [H-R]"
"Rocky Burnette","Rocky Burnette","Tired Of Toein' The Line",https://www.discogs.com/release/655626,1979,"7"" - Archive 05 - [...M-P...]"
"Rocky Roberts E I Pirañas","Rocky Roberts E I Pirañas","Ciao Ciao Ciao = Chain Of Fools",https://www.discogs.com/release/3276905,1968,"7"" - Retro - 02 [H-R]"
"Rocky Sharpe & The Replays","Rocky Sharpe & The Replays","If You Wanna Be Happy",https://www.discogs.com/release/2014847,1983,"7"" - Archive 05 - [...M-P...]"
"Rocky Sharpe & The Replays","Rocky Sharpe & The Replays","Rama Lama Ding Dong",https://www.discogs.com/release/851372,1978,"7"" - Archive 05 - [...M-P...]"
"Rocky Sharpe & The Replays","Rocky Sharpe & The Replays","Shout! Shout! (Knock Yourself Out)",https://www.discogs.com/release/13620671,1982,"7"" - Archive 05 - [...M-P...]"
"Rocky Sharpe & The Replays","Rocky Sharpe & The Replays","The Martian Hop",https://www.discogs.com/release/1885266,1980,"7"" - Archive 05 - [...M-P...]"
"Rod Peters","Rod Peters",Cherish,https://www.discogs.com/release/5950674,1972,"7"" - Archive 05 - [...M-P...]"
"Rod Stewart","Rod Stewart","(If Loving You Is Wrong) I Don't Want To Be Right",https://www.discogs.com/release/15216671,1980,"7"" - Retro - 02 [H-R]"
"Rod Stewart","Rod Stewart","Ain't Love A Bitch",https://www.discogs.com/release/1897344,1979,"7"" - Retro - 02 [H-R]"
"Rod Stewart","Rod Stewart","Angel / Lost Paraguayos",https://www.discogs.com/release/10925547,1972,"7"" - Archive 05 - [...M-P...]"
"Rod Stewart","Rod Stewart","Baby Jane",https://www.discogs.com/release/2505305,1983,"7"" - Playlist - 05 [...P-S...]"
"Rod Stewart","Rod Stewart","Da 'Ya' Think I'm Sexy?",https://www.discogs.com/release/10325030,1978,"7"" - Playlist - 05 [...P-S...]"
"Rod Stewart","Rod Stewart","Downtown Train",https://www.discogs.com/release/5248250,1990,"7"" - Playlist - 05 [...P-S...]"
"Rod Stewart","Rod Stewart","Every Beat Of My Heart",https://www.discogs.com/release/4941425,1986,"7"" - Playlist - 05 [...P-S...]"
"Rod Stewart","Rod Stewart",Farewell,https://www.discogs.com/release/7927109,1974,"7"" - Retro - 02 [H-R]"
"Rod Stewart","Rod Stewart","First Cut Is The Deepest / I Don't Want To Talk About It",https://www.discogs.com/release/563574,1977,"7"" - Playlist - 05 [...P-S...]"
"Rod Stewart","Rod Stewart","Get Back",https://www.discogs.com/release/1526484,1976,"7"" - Retro - 02 [H-R]"
"Rod Stewart","Rod Stewart","Handbags And Gladrags",https://www.discogs.com/release/13724205,1970,"7"" - Retro - 02 [H-R]"
"Rod Stewart","Rod Stewart","I Was Only Joking / Hot Legs",https://www.discogs.com/release/7343813,1978,"7"" - Retro - 02 [H-R]"
"Rod Stewart","Rod Stewart",Infatuation,https://www.discogs.com/release/3148824,1984,"7"" - Archive 05 - [...M-P...]"
"Rod Stewart","Rod Stewart","Lost In You",https://www.discogs.com/release/1493361,1988,"7"" - Archive 05 - [...M-P...]"
"Rod Stewart","Rod Stewart","Love Touch",https://www.discogs.com/release/12396184,1986,"7"" - Archive 05 - [...M-P...]"
"Rod Stewart","Rod Stewart","Maggie May",https://www.discogs.com/release/3196150,1976,"7"" - Retro - 02 [H-R]"
"Rod Stewart","Rod Stewart","Mandolin Wind",https://www.discogs.com/release/2997610,1977,"7"" - Archive 05 - [...M-P...]"
"Rod Stewart","Rod Stewart","My Girl",https://www.discogs.com/release/2151531,1980,"7"" - Archive 05 - [...M-P...]"
"Rod Stewart","Rod Stewart","Oh! No Not My Baby",https://www.discogs.com/release/10629004,1973,"7"" - Retro - 02 [H-R]"
"Rod Stewart","Rod Stewart",Passion,https://www.discogs.com/release/7564424,1980,"7"" - Playlist - 05 [...P-S...]"
"Rod Stewart","Rod Stewart","Reason To Believe",https://www.discogs.com/release/7903837,1971,"7"" - Archive 05 - [...M-P...]"
"Rod Stewart","Rod Stewart",Sailing,https://www.discogs.com/release/10113215,1977,"7"" - Retro - 02 [H-R]"
"Rod Stewart","Rod Stewart","Some Guys Have All The Luck",https://www.discogs.com/release/1587752,1984,"7"" - Playlist - 05 [...P-S...]"
"Rod Stewart","Rod Stewart","Sweet Surrender",https://www.discogs.com/release/2305203,1983,"7"" - Archive 05 - [...M-P...]"
"Rod Stewart","Rod Stewart","The Killing Of Georgie Parts 1 & 2",https://www.discogs.com/release/1623266,1976,"7"" - Retro - 02 [H-R]"
"Rod Stewart","Rod Stewart","This Old Heart Of Mine",https://www.discogs.com/release/568671,1975,"7"" - Retro - 02 [H-R]"
"Rod Stewart","Rod Stewart","Tonight I'm Yours",https://www.discogs.com/release/872575,1981,"7"" - Playlist - 05 [...P-S...]"
"Rod Stewart","Rod Stewart","Tonight's The Night (It's Gonna Be Alright)",https://www.discogs.com/release/15443611,1976,"7"" - Retro - 02 [H-R]"
"Rod Stewart","Rod Stewart","What Am I Gonna Do (I'm So In Love With You)",https://www.discogs.com/release/1258872,1983,"7"" - Playlist - 05 [...P-S...]"
"Rod Stewart","Rod Stewart","What Made Milwaukee Famous (Has Made A Loser Out Of Me) / Angel",https://www.discogs.com/release/3473182,1972,"7"" - Retro - 02 [H-R]"
"Rod Stewart","Rod Stewart","You Wear It Well / Lost Paraguayos",https://www.discogs.com/release/4685017,1972,"7"" - Retro - 02 [H-R]"
"Rod Stewart","Rod Stewart","You're In My Heart",https://www.discogs.com/release/4245569,1977,"7"" - Retro - 02 [H-R]"
"Rod Stewart","Rod Stewart","Young Turks",https://www.discogs.com/release/10043133,1981,"7"" - Playlist - 05 [...P-S...]"
"Rod Stewart","Rod Stewart & Tina Turner","It Takes Two",https://www.discogs.com/release/1758462,1990,"7"" - Playlist - 05 [...P-S...]"
"Rod Stewart / Rod Stewart And The Scottish World Cup Squad","Rod Stewart / Rod Stewart And The Scottish World Cup Squad","Ole Ola (Mulher Brasileira) / I'd Walk A Million Miles For One Of Your Goals",https://www.discogs.com/release/7949276,1978,"7"" - Archive 05 - [...M-P...]"
"Rodgers & Hammerstein","Rodgers & Hammerstein","The King And I",https://www.discogs.com/release/9496725,1957,"7"" - Archive 05 - [...M-P...]"
"Rodgers & Hammerstein Featuring Wilbur Evans, Muriel Smith, Peter Grant","Rodgers & Hammerstein Featuring Wilbur Evans, Muriel Smith, Peter Grant","Excerpts From ""South Pacific"" (No. 1)",https://www.discogs.com/release/6350392,"","7"" - Archive 05 - [...M-P...]"
"Rodney Franklin","Rodney Franklin","The Groove",https://www.discogs.com/release/2190823,1980,"7"" - Playlist - 05 [...P-S...]"
"Rodney Franklin","Rodney Franklin","The Theme From Hill Street Blues",https://www.discogs.com/release/7415541,1981,"7"" - Playlist - 05 [...P-S...]"
"Roger Cook","Roger Cook","People I've Gotta Dream",https://www.discogs.com/release/19025512,1971,"7"" - Archive 05 - [...M-P...]"
"Roger Daltrey","Roger Daltrey","Free Me",https://www.discogs.com/release/2722732,1980,"7"" - Playlist - 05 [...P-S...]"
"Roger Daltrey","Roger Daltrey","Giving It All Away",https://www.discogs.com/release/3600538,1973,"7"" - Retro - 02 [H-R]"
"Roger Daltrey","Roger Daltrey","I'm Free",https://www.discogs.com/release/1522583,1973,"7"" - Playlist - 05 [...P-S...]"
"Roger Glover And Guests","Roger Glover And Guests","Love Is All",https://www.discogs.com/release/1932889,1975,"7"" - Archive 05 - [...M-P...]"
"Roger Miller","Roger Miller","King Of The Road",https://www.discogs.com/release/12412223,1965,"7"" - Retro - 02 [H-R]"
"Roger Miller","Roger Miller","Our Love",https://www.discogs.com/release/6776867,"","7"" - Archive 05 - [...M-P...]"
"Roger Whittaker","Roger Whittaker","Durham Town (The Leavin')",https://www.discogs.com/release/10169707,1969,"7"" - Archive 05 - [...M-P...]"
"Roger Whittaker","Roger Whittaker","I Don't Believe In If Any More",https://www.discogs.com/release/16990329,1970,"7"" - Archive 05 - [...M-P...]"
"Roger Whittaker","Roger Whittaker","New World In The Morning",https://www.discogs.com/release/13024616,1970,"7"" - Archive 05 - [...M-P...]"
"Roger Whittaker","Roger Whittaker","The First Hello, The Last Goodbye",https://www.discogs.com/release/3236358,1975,"7"" - Archive 05 - [...M-P...]"
"Roger Whittaker","Roger Whittaker","The Last Farewell",https://www.discogs.com/release/1811113,1975,"7"" - Archive 05 - [...M-P...]"
"Roger Whittaker & Des O'Connor","Roger Whittaker & Des O'Connor","The Skye Boat Song",https://www.discogs.com/release/1500907,1986,"7"" - Archive 05 - [...M-P...]"
Rogue,Rogue,Dedication,https://www.discogs.com/release/3885859,1975,"7"" - Archive 05 - [...M-P...]"
"Roky Erickson","Roky Erickson","Bermuda / The Interpreter",https://www.discogs.com/release/456393,1977,"7"" - Archive 05 - [...M-P...]"
"Rolf Harris","Rolf Harris","Tie Me Kangaroo Down, Sport / Two Little Boys",https://www.discogs.com/release/3258832,1979,"7"" - Archive 06 - [...P-T...]"
"Rolf Harris","Rolf Harris","Two Little Boys",https://www.discogs.com/release/3212439,1969,"7"" - Archive 06 - [...P-T...]"
"Rolling Stones","Rolling Stones","(I Can't Get No) Satisfaction",https://www.discogs.com/release/2668392,1970,"7"" - Retro - 02 [H-R]"
"Rolling Stones","Rolling Stones","19th Nervous Breakdown / As Tears Go By",https://www.discogs.com/release/554020,1966,"7"" - Retro - 02 [H-R]"
"Rolling Stones","Rolling Stones","Almost Hear You Sigh",https://www.discogs.com/release/8783236,1990,"7"" - Playlist - 05 [...P-S...]"
"Rolling Stones","Rolling Stones",Angie,https://www.discogs.com/release/1748038,1973,"7"" - Retro - 02 [H-R]"
"Rolling Stones","Rolling Stones","Brown Sugar",https://www.discogs.com/release/1764588,1971,"7"" - Retro - 02 [H-R]"
"Rolling Stones","Rolling Stones","Emotional Rescue",https://www.discogs.com/release/750098,1980,"7"" - Playlist - 05 [...P-S...]"
"Rolling Stones","Rolling Stones","Five By Five",https://www.discogs.com/release/17789428,1964,"7"" - Retro - 02 [H-R]"
"Rolling Stones","Rolling Stones","Get Off Of My Cloud",https://www.discogs.com/release/10084801,1970,"7"" - Retro - 02 [H-R]"
"Rolling Stones","Rolling Stones","Harlem Shuffle",https://www.discogs.com/release/1662709,1986,"7"" - Playlist - 05 [...P-S...]"
"Rolling Stones","Rolling Stones","Have You Seen Your Mother, Baby, Standing In The Shadow ?",https://www.discogs.com/release/1416446,1966,"7"" - Retro - 02 [H-R]"
"Rolling Stones","Rolling Stones","Honky Tonk Women / You Can't Always Get What You Want",https://www.discogs.com/release/6096106,1969,"7"" - Retro - 02 [H-R]"
"Rolling Stones","Rolling Stones","It's All Over Now",https://www.discogs.com/release/1288266,1964,"7"" - Retro - 02 [H-R]"
"Rolling Stones","Rolling Stones","It's Only Rock 'N Roll",https://www.discogs.com/release/1598576,1974,"7"" - Retro - 02 [H-R]"
"Rolling Stones","Rolling Stones","Jumpin' Jack Flash / Child Of The Moon",https://www.discogs.com/release/8086186,1968,"7"" - Retro - 02 [H-R]"
"Rolling Stones","Rolling Stones","Miss You",https://www.discogs.com/release/710425,1978,"7"" - Playlist - 05 [...P-S...]"
"Rolling Stones","Rolling Stones","Not Fade Away",https://www.discogs.com/release/5047824,1964,"7"" - Retro - 02 [H-R]"
"Rolling Stones","Rolling Stones","Not Fade Away",https://www.discogs.com/release/10955222,1964,"7"" - Retro - 02 [H-R]"
"Rolling Stones","Rolling Stones","Out Of Time",https://www.discogs.com/release/2031159,1975,"7"" - Retro - 02 [H-R]"
"Rolling Stones","Rolling Stones","Paint It Black",https://www.discogs.com/release/8027668,1966,"7"" - Retro - 02 [H-R]"
"Rolling Stones","Rolling Stones","She's A Rainbow",https://www.discogs.com/release/1331320,1967,"7"" - Retro - 02 [H-R]"
"Rolling Stones","Rolling Stones","Start Me Up",https://www.discogs.com/release/1175088,1981,"7"" - Playlist - 05 [...P-S...]"
"Rolling Stones","Rolling Stones","Tumbling Dice",https://www.discogs.com/release/4563667,1972,"7"" - Retro - 02 [H-R]"
"Rolling Stones","Rolling Stones","Undercover Of The Night",https://www.discogs.com/release/4587885,1983,"7"" - Playlist - 05 [...P-S...]"
"Ron Goodwin And His Orchestra","Ron Goodwin And His Orchestra","Moonstrike / Midsummer Madness",https://www.discogs.com/release/893911,1963,"7"" - Archive 06 - [...P-T...]"
"Ron Russell Band","Ron Russell Band","Chattanooga Choo Choo / Sky-Liner",https://www.discogs.com/release/9371207,1976,"7"" - Archive 06 - [...P-T...]"
Ronnie,Ronnie,Angelina,https://www.discogs.com/release/3898355,1975,"7"" - Archive 06 - [...P-T...]"
"Ronnie Carroll","Ronnie Carroll","Roses Are Red (My Love)",https://www.discogs.com/release/11663204,1962,"7"" - Archive 06 - [...P-T...]"
"Ronnie Corbett","Ronnie Corbett","Big Man",https://www.discogs.com/release/3936607,1968,"7"" - Archive 06 - [...P-T...]"
"Ronnie Davis","Ronnie Davis","Breaking Up",https://www.discogs.com/release/3750718,1977,"7"" - Archive 06 - [...P-T...]"
"Ronnie Hilton","Ronnie Hilton","A Windmill In Old Amsterdam / Dear Heart",https://www.discogs.com/release/1733514,1965,"7"" - Novelty [#,A-Z]"
"Ronnie Lane","Ronnie Lane","The Poacher",https://www.discogs.com/release/3146111,1974,"7"" - Archive 06 - [...P-T...]"
"Ronnie Lane & Slim Chance","Ronnie Lane & Slim Chance","Don't Try 'N' Change My Mind",https://www.discogs.com/release/5468347,1976,"7"" - Archive 06 - [...P-T...]"
"Ronnie Lane & Slim Chance","Ronnie Lane & Slim Chance","How Come?",https://www.discogs.com/release/1469951,1973,"7"" - Retro - 02 [H-R]"
"Ronnie McDowell","Ronnie McDowell","The King Is Gone",https://www.discogs.com/release/3365027,1977,"7"" - Archive 06 - [...P-T...]"
Ronny,Ronny,"Compare Me With The Rest",https://www.discogs.com/release/816516,1981,"7"" - Archive 06 - [...P-T...]"
Rose,Rose,Kites,https://www.discogs.com/release/9053309,1986,"7"" - Archive 06 - [...P-T...]"
"Rose Royce","Rose Royce","Car Wash",https://www.discogs.com/release/402814,1976,"7"" - Playlist - 05 [...P-S...]"
"Rose Royce","Rose Royce","I Wanna Get Next To You",https://www.discogs.com/release/1414336,1976,"7"" - Archive 06 - [...P-T...]"
"Rose Royce","Rose Royce","I'm In Love (And I Love The Feeling)",https://www.discogs.com/release/1117348,1978,"7"" - Archive 06 - [...P-T...]"
"Rose Royce","Rose Royce","Is It Love You're After",https://www.discogs.com/release/12825778,1979,"7"" - Playlist - 05 [...P-S...]"
"Rose Royce","Rose Royce","It Makes You Feel Like Dancin'",https://www.discogs.com/release/1494924,1978,"7"" - Archive 06 - [...P-T...]"
"Rose Royce","Rose Royce","Love Don't Live Here Anymore",https://www.discogs.com/release/5106418,1978,"7"" - Playlist - 05 [...P-S...]"
"Rose Royce","Rose Royce","Ooh Boy",https://www.discogs.com/release/2239112,1980,"7"" - Playlist - 05 [...P-S...]"
"Rose Royce","Rose Royce","Put Your Money Where Your Mouth Is",https://www.discogs.com/release/1776107,1976,"7"" - Archive 06 - [...P-T...]"
"Rose Royce","Rose Royce","Wishing On A Star",https://www.discogs.com/release/2612602,1977,"7"" - Playlist - 05 [...P-S...]"
"Rossano / Michele","Rossano / Michele","Ho Perso Il Conto / Susan Dei Marinai",https://www.discogs.com/release/6562871,1971,"7"" - Archive 06 - [...P-T...]"
Rouen,Rouen,"Ordinary Life",https://www.discogs.com/release/1957580,1985,"7"" - Archive 06 - [...P-T...]"
Roxette,Roxette,"Dressed For Success",https://www.discogs.com/release/591292,1990,"7"" - Playlist - 05 [...P-S...]"
Roxette,Roxette,"It Must Have Been Love",https://www.discogs.com/release/1179424,1990,"7"" - Playlist - 05 [...P-S...]"
Roxette,Roxette,"Listen To Your Heart / Dangerous",https://www.discogs.com/release/1184658,1990,"7"" - Playlist - 05 [...P-S...]"
Roxette,Roxette,"The Look",https://www.discogs.com/release/9535248,1989,"7"" - Playlist - 05 [...P-S...]"
"Roxy Music","Roxy Music","All I Want Is You",https://www.discogs.com/release/1298121,1974,"7"" - Retro - 02 [H-R]"
"Roxy Music","Roxy Music","Angel Eyes",https://www.discogs.com/release/5692663,1979,"7"" - Playlist - 05 [...P-S...]"
"Roxy Music","Roxy Music","Both Ends Burning",https://www.discogs.com/release/6379728,1975,"7"" - Retro - 02 [H-R]"
"Roxy Music","Roxy Music","Dance Away",https://www.discogs.com/release/1194232,1979,"7"" - Playlist - 05 [...P-S...]"
"Roxy Music","Roxy Music","Do The Strand",https://www.discogs.com/release/2078700,1978,"7"" - Playlist - 05 [...P-S...]"
"Roxy Music","Roxy Music","Jealous Guy",https://www.discogs.com/release/1648948,1981,"7"" - Playlist - 05 [...P-S...]"
"Roxy Music","Roxy Music","Love Is The Drug",https://www.discogs.com/release/4246109,1975,"7"" - Playlist - 05 [...P-S...]"
"Roxy Music","Roxy Music","More Than This",https://www.discogs.com/release/3213231,1982,"7"" - Playlist - 05 [...P-S...]"
"Roxy Music","Roxy Music","Oh Yeah",https://www.discogs.com/release/4496144,1980,"7"" - Playlist - 05 [...P-S...]"
"Roxy Music","Roxy Music","Over You",https://www.discogs.com/release/731367,1980,"7"" - Playlist - 05 [...P-S...]"
"Roxy Music","Roxy Music",Pyjamarama,https://www.discogs.com/release/477471,1973,"7"" - Retro - 02 [H-R]"
"Roxy Music","Roxy Music","Street Life",https://www.discogs.com/release/479292,1973,"7"" - Retro - 02 [H-R]"
"Roxy Music","Roxy Music","Take A Chance With Me",https://www.discogs.com/release/431469,1982,"7"" - Playlist - 05 [...P-S...]"
"Roxy Music","Roxy Music","The Same Old Scene & Lover",https://www.discogs.com/release/1765233,1980,"7"" - Playlist - 05 [...P-S...]"
"Roxy Music","Roxy Music",Trash,https://www.discogs.com/release/1141902,1979,"7"" - Playlist - 05 [...P-S...]"
"Roxy Music","Roxy Music","Virginia Plain",https://www.discogs.com/release/3613894,1972,"7"" - Playlist - 05 [...P-S...]"
"Roy Buchanan","Roy Buchanan","Sweet Dreams",https://www.discogs.com/release/7722121,1972,"7"" - Retro - 02 [H-R]"
"Roy C. Hammond","Roy C. Hammond","Shotgun Wedding",https://www.discogs.com/release/571400,1972,"7"" - Archive 06 - [...P-T...]"
"Roy C. Hammond","Roy C. Hammond","Shotgun Wedding / I Am Gonna Make It",https://www.discogs.com/release/7243830,1966,"7"" - Archive 06 - [...P-T...]"
"Roy Orbison","Roy Orbison","(Say) You're My Girl / Sleepy Hollow",https://www.discogs.com/release/6998416,1965,"7"" - Archive 06 - [...P-T...]"
"Roy Orbison","Roy Orbison","Blue Bayou / Mean Woman Blues",https://www.discogs.com/release/11879562,1963,"7"" - Archive 06 - [...P-T...]"
"Roy Orbison","Roy Orbison","Dream Baby / The Actress",https://www.discogs.com/release/11900978,1962,"7"" - Archive 06 - [...P-T...]"
"Roy Orbison","Roy Orbison","It's Over",https://www.discogs.com/release/11010351,1964,"7"" - Retro - 02 [H-R]"
"Roy Orbison","Roy Orbison","Only The Lonely (Know The Way I Feel) / Dream Baby (How Long Must I Dream)",https://www.discogs.com/release/7002566,1978,"7"" - Retro - 02 [H-R]"
"Roy Orbison","Roy Orbison","Ride Away",https://www.discogs.com/release/568446,1965,"7"" - Archive 06 - [...P-T...]"
"Roy Orbison","Roy Orbison","So Good",https://www.discogs.com/release/1746191,1966,"7"" - Archive 06 - [...P-T...]"
"Roy Orbison","Roy Orbison","Too Soon To Know",https://www.discogs.com/release/16242264,1966,"7"" - Archive 06 - [...P-T...]"
"Roy Orbison","Roy Orbison","You Got It",https://www.discogs.com/release/1581281,1989,"7"" - Retro - 02 [H-R]"
"Roy Wood","Roy Wood","Dear Elaine",https://www.discogs.com/release/1414296,1973,"7"" - Archive 06 - [...P-T...]"
"Roy Wood","Roy Wood",Forever,https://www.discogs.com/release/403534,1973,"7"" - Retro - 02 [H-R]"
"Roy Wood","Roy Wood","Goin' Down The Road (A Scottish Reggae Song)",https://www.discogs.com/release/5949912,1974,"7"" - Archive 06 - [...P-T...]"
"Royal Philharmonic Orchestra","Royal Philharmonic Orchestra","Hooked On Classics",https://www.discogs.com/release/5930681,1981,"7"" - Archive 06 - [...P-T...]"
Royals,Royals,"The Man Who Would Be King",https://www.discogs.com/release/4617837,1984,"7"" - Archive 06 - [...P-T...]"
Rubettes,Rubettes,"Baby I Know",https://www.discogs.com/release/5099973,1977,"7"" - Archive 06 - [...P-T...]"
Rubettes,Rubettes,"I Can Do It",https://www.discogs.com/release/474824,1975,"7"" - Retro - 02 [H-R]"
Rubettes,Rubettes,"Jukebox Jive",https://www.discogs.com/release/15229825,1974,"7"" - Retro - 02 [H-R]"
Rubettes,Rubettes,"Sugar Baby Love",https://www.discogs.com/release/1439869,1974,"7"" - Retro - 02 [H-R]"
Rubettes,Rubettes,Tonight,https://www.discogs.com/release/1439892,1974,"7"" - Retro - 02 [H-R]"
Rubettes,Rubettes,"Under One Roof",https://www.discogs.com/release/10580815,1976,"7"" - Archive 06 - [...P-T...]"
Rubettes,Rubettes,"You're The Reason Why",https://www.discogs.com/release/2357658,1976,"7"" - Archive 06 - [...P-T...]"
"Ruby Braff With The Neil Richardson Strings","Ruby Braff With The Neil Richardson Strings","White Christmas And Swinging On A Star",https://www.discogs.com/release/4014926,"","7"" - Holiday [#,A-Z]"
"Ruby Turner With Jonathan Butler","Ruby Turner With Jonathan Butler","The Ruby Turner EP",https://www.discogs.com/release/1160855,1985,"7"" - Archive 06 - [...P-T...]"
"Ruby Winters","Ruby Winters","Baby Lay Down",https://www.discogs.com/release/2450210,1979,"7"" - Archive 06 - [...P-T...]"
"Ruby Winters","Ruby Winters","Come To Me!",https://www.discogs.com/release/5723498,1978,"7"" - Archive 06 - [...P-T...]"
"Ruby Winters","Ruby Winters","I Will!",https://www.discogs.com/release/690644,1977,"7"" - Archive 06 - [...P-T...]"
"Ruby Winters","Ruby Winters","I Won't Mention It Again",https://www.discogs.com/release/5724661,1978,"7"" - Archive 06 - [...P-T...]"
"Rufus & Chaka Khan","Rufus & Chaka Khan","Ain't Nobody",https://www.discogs.com/release/616552,1984,"7"" - Playlist - 05 [...P-S...]"
"Rufus & Chaka Khan","Rufus & Chaka Khan","Ain't Nobody (Remix)",https://www.discogs.com/release/712090,1989,"7"" - Archive 06 - [...P-T...]"
Run-DMC,Run-DMC,"Walk This Way",https://www.discogs.com/release/209089,1986,"7"" - Playlist - 05 [...P-S...]"
Runaways,Runaways,"Cherry Bomb",https://www.discogs.com/release/2623236,1976,"7"" - Archive 06 - [...P-T...]"
"Rupert Hine","Rupert Hine","Snakes Don't Dance Fast",https://www.discogs.com/release/4511684,1976,"7"" - Archive 06 - [...P-T...]"
"Rupert Holmes","Rupert Holmes","Escape (The Pina Colada Song)",https://www.discogs.com/release/3602656,1979,"7"" - Retro - 02 [H-R]"
"Rupert Holmes","Rupert Holmes",Him,https://www.discogs.com/release/8913337,1979,"7"" - Archive 06 - [...P-T...]"
"Rupert Holmes","Rupert Holmes","Rifles And Rum",https://www.discogs.com/release/30144605,1975,"7"" - Archive 06 - [...P-T...]"
"Rupie Edwards","Rupie Edwards","Ire Feelings (Skanga)",https://www.discogs.com/release/2549139,1974,"7"" - Archive 06 - [...P-T...]"
Rush,Rush,"The Spirit Of Radio",https://www.discogs.com/release/5271657,1980,"7"" - Playlist - 05 [...P-S...]"
"Russ Abbot","Russ Abbot","All Night Holiday",https://www.discogs.com/release/12379314,1985,"7"" - Archive 06 - [...P-T...]"
"Russ Abbot","Russ Abbot",Atmosphere,https://www.discogs.com/release/15623884,1984,"7"" - Archive 06 - [...P-T...]"
"Russ Conway","Russ Conway","Alone Again",https://www.discogs.com/release/1718618,1963,"7"" - Archive 06 - [...P-T...]"
"Russ Conway","Russ Conway","China Tea ",https://www.discogs.com/release/4019041,1959,"7"" - Archive 06 - [...P-T...]"
"Russ Conway","Russ Conway","Concerto For Dreamers",https://www.discogs.com/release/6047057,1962,"7"" - Archive 06 - [...P-T...]"
"Russ Conway","Russ Conway","Even More Party Pops",https://www.discogs.com/release/1417740,1960,"7"" - Archive 06 - [...P-T...]"
"Russ Conway","Russ Conway","More & More Party Pops",https://www.discogs.com/release/3278991,1959,"7"" - Archive 06 - [...P-T...]"
"Russ Conway","Russ Conway","Party Time Pops",https://www.discogs.com/release/7490971,1965,"7"" - Archive 06 - [...P-T...]"
"Russ Conway","Russ Conway","Picture Pops",https://www.discogs.com/release/3194706,1958,"7"" - Archive 06 - [...P-T...]"
"Russ Conway","Russ Conway",Roulette,https://www.discogs.com/release/10248277,1959,"7"" - Archive 06 - [...P-T...]"
"Russ Conway","Russ Conway","Russ Conway's Sing Song Medley",https://www.discogs.com/release/5182522,1962,"7"" - Archive 06 - [...P-T...]"
"Russ Conway","Russ Conway",She,https://www.discogs.com/release/6891091,1974,"7"" - Archive 06 - [...P-T...]"
"Russ Conway","Russ Conway","Side Saddle",https://www.discogs.com/release/9176564,1959,"7"" - Archive 06 - [...P-T...]"
"Russ Conway","Russ Conway","Snow Coach ",https://www.discogs.com/release/12035168,1959,"7"" - Archive 06 - [...P-T...]"
"Russ Conway","Russ Conway","The Naughty Twenties",https://www.discogs.com/release/6252201,1962,"7"" - Archive 06 - [...P-T...]"
"Russ Conway With John Barry & His Orchestra","Russ Conway With John Barry & His Orchestra","Pepe / Matador From Trinidad",https://www.discogs.com/release/16020682,1961,"7"" - Archive 06 - [...P-T...]"
"Ruth Hatchett","Ruth Hatchett","Keep It Going",https://www.discogs.com/release/14754156,1979,"7"" - Archive 06 - [...P-T...]"
Ruts,Ruts,"Babylon's Burning",https://www.discogs.com/release/392860,1979,"7"" - Playlist - 05 [...P-S...]"
Ruts,Ruts,"Jah War",https://www.discogs.com/release/913823,1979,"7"" - Playlist - 05 [...P-S...]"
Ruts,Ruts,"Something That I Said",https://www.discogs.com/release/473632,1979,"7"" - Playlist - 05 [...P-S...]"
Ruts,Ruts,"Staring At The Rude Boys",https://www.discogs.com/release/1466791,1980,"7"" - Playlist - 05 [...P-S...]"
"Ryan Paris","Ryan Paris","Dolce Vita",https://www.discogs.com/release/605626,1983,"7"" - Archive 06 - [...P-T...]"
"Rythm Syndicate","Rythm Syndicate",P.A.S.S.I.O.N.,https://www.discogs.com/release/5294608,1991,"7"" - Archive 06 - [...P-T...]"
"S'Express","S'Express","Hey Music Lover",https://www.discogs.com/release/77424,1989,"7"" - Playlist - 05 [...P-S...]"
"S'Express","S'Express","Superfly Guy",https://www.discogs.com/release/77414,1988,"7"" - Playlist - 05 [...P-S...]"
"S'Express","S'Express","Theme From S-Express",https://www.discogs.com/release/7785859,1988,"7"" - Playlist - 05 [...P-S...]"
"S.O.S. Band","S.O.S. Band","Just The Way You Like It",https://www.discogs.com/release/10366507,1984,"7"" - Archive 06 - [...P-T...]"
"S.O.S. Band","S.O.S. Band","The Finest",https://www.discogs.com/release/1698354,1986,"7"" - Archive 06 - [...P-T...]"
Sabrina,Sabrina,"Boys (Summertime Love)",https://www.discogs.com/release/9580049,1987,"7"" - Playlist - 05 [...P-S...]"
"Sabrina Johnston","Sabrina Johnston",Peace,https://www.discogs.com/release/412575,1991,"7"" - Archive 06 - [...P-T...]"
"Sacha Distel","Sacha Distel","Rain Drops Keep Fallin' On My Head",https://www.discogs.com/release/5513238,1970,"7"" - Retro - 03 [S-Z]"
"Sad Café","Sad Café","Every Day Hurts",https://www.discogs.com/release/1662639,1979,"7"" - Playlist - 05 [...P-S...]"
"Sad Café","Sad Café","Live In Concert",https://www.discogs.com/release/685679,1981,"7"" - Archive 06 - [...P-T...]"
"Sad Café","Sad Café","My Oh My",https://www.discogs.com/release/1258790,1980,"7"" - Archive 06 - [...P-T...]"
Sade,Sade,"Nothing Can Come Between Us",https://www.discogs.com/release/1861961,1988,"7"" - Playlist - 05 [...P-S...]"
Sade,Sade,"Smooth Operator",https://www.discogs.com/release/3104424,1984,"7"" - Playlist - 05 [...P-S...]"
Sade,Sade,"Your Love Is King",https://www.discogs.com/release/4681490,1984,"7"" - Playlist - 05 [...P-S...]"
Sagat,Sagat,"Funk Dat",https://www.discogs.com/release/209481,1993,"7"" - Playlist - 05 [...P-S...]"
Sailor,Sailor,"A Glass Of Champagne",https://www.discogs.com/release/1395094,1975,"7"" - Retro - 03 [S-Z]"
Sailor,Sailor,"Girls, Girls, Girls",https://www.discogs.com/release/12564770,1976,"7"" - Retro - 03 [S-Z]"
Sakkarin,Sakkarin,"Sugar Sugar",https://www.discogs.com/release/6147500,1971,"7"" - Archive 06 - [...P-T...]"
"Sal Paradise","Sal Paradise","There Was A Universe",https://www.discogs.com/release/4231113,1984,"7"" - Archive 06 - [...P-T...]"
"Sal Solo","Sal Solo","Music And You",https://www.discogs.com/release/1569890,1985,"7"" - Archive 06 - [...P-T...]"
"Sal Solo","Sal Solo","San Damiano (Heart And Soul)",https://www.discogs.com/release/170529,1984,"7"" - Archive 06 - [...P-T...]"
"Salena Jones With Tony Osborne And His Orchestra","Salena Jones With Tony Osborne And His Orchestra","I Am Yours (Mon Credo) / I Only Know I Love You",https://www.discogs.com/release/16245379,1966,"7"" - Archive 06 - [...P-T...]"
"Sally Oldfield","Sally Oldfield",Mirrors,https://www.discogs.com/release/483329,1978,"7"" - Archive 06 - [...P-T...]"
"Salsoul Orchestra","Salsoul Orchestra","Nice 'N' Naasty",https://www.discogs.com/release/2222590,1976,"7"" - Retro - 03 [S-Z]"
"Salt 'N' Pepa","Salt 'N' Pepa","Do You Want Me",https://www.discogs.com/release/5284831,1991,"7"" - Playlist - 05 [...P-S...]"
"Salt 'N' Pepa","Salt 'N' Pepa","Let's Talk About Sex",https://www.discogs.com/release/1799300,1991,"7"" - Playlist - 05 [...P-S...]"
"Salt 'N' Pepa","Salt 'N' Pepa","Push It",https://www.discogs.com/release/157019,1988,"7"" - Playlist - 05 [...P-S...]"
"Salt 'N' Pepa","Salt 'N' Pepa","Shake Your Thang (It's Your Thing) / Spinderella's Not A Fella (But A Girl DJ)",https://www.discogs.com/release/9836561,1988,"7"" - Archive 06 - [...P-T...]"
"Salt 'N' Pepa","Salt 'N' Pepa","Twist And Shout / Get Up Everybody",https://www.discogs.com/release/3706587,1988,"7"" - Playlist - 05 [...P-S...]"
Sam,Sam,"Have A Nice Day",https://www.discogs.com/release/11742792,1991,"7"" - Archive 06 - [...P-T...]"
Sam,Sam,"Johnny Rebel",https://www.discogs.com/release/2632618,1972,"7"" - Archive 06 - [...P-T...]"
"Sam Brown","Sam Brown","Can I Get A Witness",https://www.discogs.com/release/649065,1989,"7"" - Playlist - 05 [...P-S...]"
"Sam Brown","Sam Brown","Kissing Gate",https://www.discogs.com/release/1501637,1990,"7"" - Playlist - 05 [...P-S...]"
"Sam Brown","Sam Brown",Stop!,https://www.discogs.com/release/16243553,1988,"7"" - Playlist - 05 [...P-S...]"
"Sam Cooke","Sam Cooke","Wonderful World",https://www.discogs.com/release/2243226,1986,"7"" - Playlist - 05 [...P-S...]"
"Sam Harris","Sam Harris","Hearts On Fire / Over The Rainbow",https://www.discogs.com/release/616596,1984,"7"" - Archive 06 - [...P-T...]"
"Sam Moore & Lou Reed","Sam Moore & Lou Reed","Soul Man",https://www.discogs.com/release/3213668,1986,"7"" - Playlist - 05 [...P-S...]"
"Samantha Fox","Samantha Fox","Do Ya Do Ya (Wanna Please Me)",https://www.discogs.com/release/7942834,1986,"7"" - Archive 06 - [...P-T...]"
"Samantha Fox","Samantha Fox","Nothing's Gonna Stop Me Now",https://www.discogs.com/release/2832107,1987,"7"" - Archive 06 - [...P-T...]"
"Samantha Fox","Samantha Fox","Touch Me (I Want Your Body)",https://www.discogs.com/release/7729375,1986,"7"" - Archive 06 - [...P-T...]"
"Samantha Sang","Samantha Sang",Emotions,https://www.discogs.com/release/1381425,1977,"7"" - Retro - 03 [S-Z]"
"San José","San José","Argentine Melody (Canción De Argentina)",https://www.discogs.com/release/1870039,1978,"7"" - Archive 06 - [...P-T...]"
"San Sebastian Strings","San Sebastian Strings","And Everyday Was Christmas",https://www.discogs.com/release/7728588,1973,"7"" - Holiday [#,A-Z]"
"Sandie Shaw","Sandie Shaw","I'll Stop At Nothing ",https://www.discogs.com/release/1510326,1965,"7"" - Archive 06 - [...P-T...]"
"Sandie Shaw","Sandie Shaw","Puppet On A String",https://www.discogs.com/release/13768280,1967,"7"" - Retro - 03 [S-Z]"
Sandpipers,Sandpipers,Guantanamera,https://www.discogs.com/release/2473791,1966,"7"" - Archive 06 - [...P-T...]"
Sandpipers,Sandpipers,"Hang On Sloopy",https://www.discogs.com/release/552527,1976,"7"" - Archive 06 - [...P-T...]"
"Sandy Coast","Sandy Coast","Pretty Clothes",https://www.discogs.com/release/999819,1970,"7"" - Archive 06 - [...P-T...]"
"Sandy McLelland And The Backline","Sandy McLelland And The Backline","Like A Hurricane",https://www.discogs.com/release/5480543,1978,"7"" - Archive 06 - [...P-T...]"
"Sandy Nelson","Sandy Nelson","Let There Be Drums",https://www.discogs.com/release/530579,1961,"7"" - Retro - 03 [S-Z]"
"Sandy Posey","Sandy Posey","The Single Girl",https://www.discogs.com/release/2483610,1975,"7"" - Archive 06 - [...P-T...]"
"Sandy Posey","Sandy Posey","What A Woman In Love Won't Do",https://www.discogs.com/release/9857296,1967,"7"" - Archive 06 - [...P-T...]"
"Santa Cruz","Santa Cruz","Santa Cruz / Take It Back",https://www.discogs.com/release/3359822,2009,"7"" - Playlist - 05 [...P-S...]"
Santana,Santana,"Europa (Earth's Cry Heaven's Smile)",https://www.discogs.com/release/1842681,1976,"7"" - Archive 06 - [...P-T...]"
Santana,Santana,"Everybody's Everything",https://www.discogs.com/release/11841171,1971,"7"" - Retro - 03 [S-Z]"
Santana,Santana,"Let The Children Play",https://www.discogs.com/release/4675687,1977,"7"" - Archive 06 - [...P-T...]"
Santana,Santana,"Oye Como Va / Black Magic Woman",https://www.discogs.com/release/1959344,1976,"7"" - Retro - 03 [S-Z]"
Santana,Santana,"Samba Pa Ti",https://www.discogs.com/release/10789565,"","7"" - Retro - 03 [S-Z]"
Santana,Santana,"She's Not There",https://www.discogs.com/release/16246357,1977,"7"" - Playlist - 05 [...P-S...]"
Santana,Santana,"Well All Right",https://www.discogs.com/release/1878659,1978,"7"" - Archive 06 - [...P-T...]"
"Sarah Brightman And Hot Gossip","Sarah Brightman And Hot Gossip","I Lost My Heart To A Starship Trooper",https://www.discogs.com/release/4965615,1978,"7"" - Playlist - 05 [...P-S...]"
"Sarah Brightman And Paul Miles-Kingston","Sarah Brightman And Paul Miles-Kingston","Pie Jesu",https://www.discogs.com/release/495744,1985,"7"" - Archive 06 - [...P-T...]"
"Sarah Brightman And The Starship Troopers","Sarah Brightman And The Starship Troopers","The Adventures Of The Love Crusader",https://www.discogs.com/release/950246,1979,"7"" - Archive 06 - [...P-T...]"
"Sarah Vaughan","Sarah Vaughan",Serenata,https://www.discogs.com/release/3550999,1960,"7"" - Archive 06 - [...P-T...]"
"Saturday Night Band","Saturday Night Band","Come On Dance, Dance",https://www.discogs.com/release/6240315,1978,"7"" - Archive 06 - [...P-T...]"
"Saturday Night Fever","Bee Gees","How Deep Is Your Love",https://www.discogs.com/release/358376,1977,"7"" - Playlist - Film & TV [#,A-Z]"
"Saturday Night Fever","Bee Gees","Jive Talkin'",https://www.discogs.com/release/1789652,1975,"7"" - Playlist - Film & TV [#,A-Z]"
"Saturday Night Fever","Bee Gees","Night Fever",https://www.discogs.com/release/4722284,1978,"7"" - Playlist - Film & TV [#,A-Z]"
"Saturday Night Fever","Bee Gees","Stayin Alive",https://www.discogs.com/release/7463675,1977,"7"" - Playlist - Film & TV [#,A-Z]"
"Saturday Night Fever",Tavares,"More Than A Woman",https://www.discogs.com/release/6199812,1978,"7"" - Playlist - Film & TV [#,A-Z]"
"Saturday Night Fever",Trammps,"Disco Inferno / That's Where The Happy People Go",https://www.discogs.com/release/2008867,1978,"7"" - Playlist - Film & TV [#,A-Z]"
Saucers,Saucers,"Spring Has Sprung",https://www.discogs.com/release/3934222,1982,"7"" - Archive 06 - [...P-T...]"
Savoy,Savoy,"Sunny Side Of The Street",https://www.discogs.com/release/2772528,1979,"7"" - Archive 06 - [...P-T...]"
Saxon,Saxon,"747 (Strangers In The Night)",https://www.discogs.com/release/1604408,1980,"7"" - Playlist - 05 [...P-S...]"
Saxon,Saxon,"Wheels Of Steel",https://www.discogs.com/release/1549969,1980,"7"" - Playlist - 05 [...P-S...]"
Scaffold,Scaffold,"Gin Gan Goolie",https://www.discogs.com/release/8059629,1969,"7"" - Novelty [#,A-Z]"
Scaffold,Scaffold,"Lily The Pink",https://www.discogs.com/release/8669325,1968,"7"" - Novelty [#,A-Z]"
Scaffold,Scaffold,"Liverpool Lou",https://www.discogs.com/release/1524901,1974,"7"" - Archive 06 - [...P-T...]"
Scaffold,Scaffold,"Thank U Very Much",https://www.discogs.com/release/441369,1967,"7"" - Novelty [#,A-Z]"
"Scarlet Fantastic","Scarlet Fantastic","No Memory",https://www.discogs.com/release/581025,1987,"7"" - Archive 06 - [...P-T...]"
"Scotland World Cup Squad","Scotland World Cup Squad","Easy, Easy",https://www.discogs.com/release/3481540,1974,"7"" - Archive 06 - [...P-T...]"
"Scott Fitzgerald & Yvonne Keeley","Scott Fitzgerald & Yvonne Keeley","If I Had Words",https://www.discogs.com/release/478819,1977,"7"" - Archive 06 - [...P-T...]"
"Scott McKenzie","Scott McKenzie","San Francisco (Be Sure To Wear Flowers In Your Hair) ",https://www.discogs.com/release/5584131,1974,"7"" - Retro - 03 [S-Z]"
"Scott Summer","Scott Summer","I Don't Wanna Want You/ Old Fashioned Lady",https://www.discogs.com/release/30145136,1979,"7"" - Archive 06 - [...P-T...]"
"Screaming Lord Sutch And The Savages","Screaming Lord Sutch And The Savages","'Til The Following Night ",https://www.discogs.com/release/5217344,1961,"7"" - Archive 06 - [...P-T...]"
"Scritti Politti","Scritti Politti",Absolute,https://www.discogs.com/release/1175783,1984,"7"" - Playlist - 05 [...P-S...]"
"Scritti Politti","Scritti Politti","Wood Beez (Pray Like Aretha Franklin)",https://www.discogs.com/release/183166,1984,"7"" - Playlist - 05 [...P-S...]"
"Scritti Politti","Scritti Politti + Miles Davis","Oh Patti",https://www.discogs.com/release/11573259,1988,"7"" - Playlist - 05 [...P-S...]"
"Scritti Politti","Scritti Politti + Shabba Ranks","She's A Woman",https://www.discogs.com/release/6467508,1991,"7"" - Playlist - 05 [...P-S...]"
"Scritti Politti","Scritti Politti With Ranking Ann","The Word Girl",https://www.discogs.com/release/11043734,1985,"7"" - Playlist - 05 [...P-S...]"
Scrounger,Scrounger,"Parisian Cafe Blue",https://www.discogs.com/release/5813299,1976,"7"" - Archive 06 - [...P-T...]"
Scrubs,Scrubs,"Time For You",https://www.discogs.com/release/2470693,1987,"7"" - Archive 06 - [...P-T...]"
"Sea Level","Sea Level",Fifty-Four,https://www.discogs.com/release/1483989,1978,"7"" - Archive 06 - [...P-T...]"
"Sea Level","Sea Level","That's Your Secret",https://www.discogs.com/release/5973194,1977,"7"" - Archive 06 - [...P-T...]"
Seal,Seal,Crazy,https://www.discogs.com/release/1629320,1990,"7"" - Playlist - 05 [...P-S...]"
Seal,Seal,"Future Love EP",https://www.discogs.com/release/320976,1991,"7"" - Playlist - 05 [...P-S...]"
"Sean Brady","Sean Brady","The 'Taoiseachs Hooley'",https://www.discogs.com/release/10707296,1983,"7"" - Archive 06 - [...P-T...]"
"Sean Dunphy And The Hoedowners","Sean Dunphy And The Hoedowners","When The Fields Are White With Daisies",https://www.discogs.com/release/5975182,1969,"7"" - Archive 06 - [...P-T...]"
Searchers,Searchers,"Ain't Gonna Kiss Ya",https://www.discogs.com/release/7813096,1963,"7"" - Archive 06 - [...P-T...]"
Searchers,Searchers,"Don't Throw Your Love Away",https://www.discogs.com/release/1661896,1964,"7"" - Retro - 03 [S-Z]"
Searchers,Searchers,"Needles And Pins",https://www.discogs.com/release/13700529,1981,"7"" - Retro - 03 [S-Z]"
Searchers,Searchers,"Sweets For My Sweet",https://www.discogs.com/release/16014605,1963,"7"" - Retro - 03 [S-Z]"
Seashells,Seashells,"Maybe I Know",https://www.discogs.com/release/1613159,1972,"7"" - Archive 06 - [...P-T...]"
Secession,Secession,"The Magician",https://www.discogs.com/release/986208,1987,"7"" - Archive 06 - [...P-T...]"
"Secret Affair","Secret Affair","Time For Action",https://www.discogs.com/release/5659841,1979,"7"" - Playlist - 05 [...P-S...]"
Seekers,Seekers,"Emerald City",https://www.discogs.com/release/1675171,1967,"7"" - Archive 06 - [...P-T...]"
Seekers,Seekers,"I'll Never Find Another You",https://www.discogs.com/release/2532051,1964,"7"" - Retro - 03 [S-Z]"
Seekers,Seekers,"Morningtown Ride",https://www.discogs.com/release/18711730,1966,"7"" - Archive 06 - [...P-T...]"
Seekers,Seekers,"The Carnival Is Over",https://www.discogs.com/release/6350912,1965,"7"" - Archive 06 - [...P-T...]"
Seekers,Seekers,"When Will The Good Apples Fall",https://www.discogs.com/release/2277573,1967,"7"" - Archive 06 - [...P-T...]"
Selecter,Selecter,"Missing Words",https://www.discogs.com/release/1749499,1980,"7"" - Playlist - 05 [...P-S...]"
Selecter,Selecter,"On My Radio",https://www.discogs.com/release/3123287,1979,"7"" - Playlist - 05 [...P-S...]"
"Sensational Alex Harvey Band","Sensational Alex Harvey Band","Boston Tea Party",https://www.discogs.com/release/1872602,1976,"7"" - Archive 06 - [...P-T...]"
"Sensational Alex Harvey Band","Sensational Alex Harvey Band","Gamblin' Bar Room Blues",https://www.discogs.com/release/1510796,1975,"7"" - Archive 06 - [...P-T...]"
"Sensational Alex Harvey Band","Sensational Alex Harvey Band",Runaway,https://www.discogs.com/release/2444273,1976,"7"" - Archive 06 - [...P-T...]"
"Sensational Alex Harvey Band","Sensational Alex Harvey Band","The Faith Healer",https://www.discogs.com/release/2444263,1973,"7"" - Archive 06 - [...P-T...]"
"Serge Gainsbourg & Jane Birkin","Serge Gainsbourg & Jane Birkin","Je T'aime ... Moi Non Plus",https://www.discogs.com/release/2160824,1974,"7"" - Retro - 03 [S-Z]"
"Sex Pistols","Sex Pistols","(I'm Not Your) Stepping Stone",https://www.discogs.com/release/1300561,1980,"7"" - Playlist - 05 [...P-S...]"
"Sex Pistols","Sex Pistols","Anarchy In The U.K",https://www.discogs.com/release/600854,1977,"7"" - Playlist - 05 [...P-S...]"
"Sex Pistols","Sex Pistols","C'Mon Everybody",https://www.discogs.com/release/5122652,1979,"7"" - Playlist - 05 [...P-S...]"
"Sex Pistols","Sex Pistols","God Save The Queen",https://www.discogs.com/release/371676,1977,"7"" - Playlist - 05 [...P-S...]"
"Sex Pistols","Sex Pistols","Holidays In The Sun",https://www.discogs.com/release/4547597,1977,"7"" - Playlist - 05 [...P-S...]"
"Sex Pistols","Sex Pistols","Pretty Vacant",https://www.discogs.com/release/2163841,1978,"7"" - Playlist - 05 [...P-S...]"
"Sex Pistols","Sex Pistols","Silly Thing / Who Killed Bambi",https://www.discogs.com/release/743779,1979,"7"" - Playlist - 05 [...P-S...]"
"Sex Pistols","Sex Pistols","Something Else",https://www.discogs.com/release/13304808,1979,"7"" - Playlist - 05 [...P-S...]"
"Sex Pistols","Sex Pistols",Submission,https://www.discogs.com/release/600869,1977,"7"" - Playlist - 05 [...P-S...]"
"Sex Pistols","Sex Pistols","The Great Rock 'N' Roll Swindle",https://www.discogs.com/release/1460620,1979,"7"" - Playlist - 05 [...P-S...]"
"Sex Pistols","Sex Pistols / Sid Vicious","My Way",https://www.discogs.com/release/4710531,1978,"7"" - Playlist - 05 [...P-S...]"
Shack,Shack,Emergency,https://www.discogs.com/release/3480339,1988,"7"" - Archive 06 - [...P-T...]"
Shadows,Shadows,Apache,https://www.discogs.com/release/562860,1960,"7"" - Retro - 03 [S-Z]"
Shadows,Shadows,"Don't Cry For Me Argentina",https://www.discogs.com/release/5673558,1978,"7"" - Archive 06 - [...P-T...]"
Shadows,Shadows,"F. B. I.",https://www.discogs.com/release/562869,1961,"7"" - Retro - 03 [S-Z]"
Shadows,Shadows,"Foot Tapper",https://www.discogs.com/release/762666,1963,"7"" - Retro - 03 [S-Z]"
Shadows,Shadows,"Genie With The Light Brown Lamp",https://www.discogs.com/release/1358071,1964,"7"" - Archive 06 - [...P-T...]"
Shadows,Shadows,"Mary Anne",https://www.discogs.com/release/13209016,1965,"7"" - Archive 06 - [...P-T...]"
Shadows,Shadows,"Rhythm & Greens",https://www.discogs.com/release/2395478,1964,"7"" - Archive 06 - [...P-T...]"
Shadows,Shadows,"The Savage",https://www.discogs.com/release/15796361,1961,"7"" - Archive 06 - [...P-T...]"
Shadows,Shadows,"The Shadows No. 2",https://www.discogs.com/release/2527295,1961,"7"" - Archive 06 - [...P-T...]"
Shadows,Shadows,"Theme From The Deer Hunter (Cavatina)",https://www.discogs.com/release/6012639,1979,"7"" - Archive 06 - [...P-T...]"
Shadows,Shadows,"Wonderful Land",https://www.discogs.com/release/16137520,1962,"7"" - Retro - 03 [S-Z]"
Shag,Shag,"Loop Di Love",https://www.discogs.com/release/581068,1972,"7"" - Archive 06 - [...P-T...]"
"Shag Connors & The Carrot Crunchers","Shag Connors & The Carrot Crunchers","Bristol City Trilogy",https://www.discogs.com/release/21590965,1982,"7"" - Archive 06 - [...P-T...]"
Shaggy,Shaggy,"Oh Carolina",https://www.discogs.com/release/598941,1993,"7"" - Playlist - 05 [...P-S...]"
Shakatak,Shakatak,"Dark Is The Night",https://www.discogs.com/release/803521,1983,"7"" - Archive 06 - [...P-T...]"
Shakatak,Shakatak,"Down On The Street",https://www.discogs.com/release/655029,1984,"7"" - Playlist - 05 [...P-S...]"
Shakatak,Shakatak,"Easier Said Than Done",https://www.discogs.com/release/7593666,1981,"7"" - Playlist - 05 [...P-S...]"
Shakatak,Shakatak,"Night Birds",https://www.discogs.com/release/815879,1982,"7"" - Playlist - 05 [...P-S...]"
Shakatak,Shakatak,"Streetwalkin'",https://www.discogs.com/release/815878,1982,"7"" - Archive 06 - [...P-T...]"
"Shakespear's Sister","Shakespear's Sister",Stay,https://www.discogs.com/release/9901691,1991,"7"" - Playlist - 05 [...P-S...]"
"Shakespear's Sister","Shakespear's Sister","You're History",https://www.discogs.com/release/1607139,1989,"7"" - Playlist - 05 [...P-S...]"
"Shakin' Stevens","Shakin' Stevens","A Letter To You",https://www.discogs.com/release/7685697,1984,"7"" - Archive 06 - [...P-T...]"
"Shakin' Stevens","Shakin' Stevens","A Little Boogie Woogie (In The Back Of My Mind)",https://www.discogs.com/release/1857672,1987,"7"" - Archive 06 - [...P-T...]"
"Shakin' Stevens","Shakin' Stevens","A Love Worth Waiting For",https://www.discogs.com/release/5629784,1984,"7"" - Archive 06 - [...P-T...]"
"Shakin' Stevens","Shakin' Stevens","Because I Love You",https://www.discogs.com/release/1857669,1986,"7"" - Archive 06 - [...P-T...]"
"Shakin' Stevens","Shakin' Stevens","Breaking Up My Heart",https://www.discogs.com/release/5120588,1985,"7"" - Archive 06 - [...P-T...]"
"Shakin' Stevens","Shakin' Stevens","Come See About Me",https://www.discogs.com/release/2365086,1987,"7"" - Archive 06 - [...P-T...]"
"Shakin' Stevens","Shakin' Stevens","Cry Just A Little Bit",https://www.discogs.com/release/1258861,1983,"7"" - Archive 06 - [...P-T...]"
"Shakin' Stevens","Shakin' Stevens","Give Me Your Heart Tonight",https://www.discogs.com/release/6018328,1982,"7"" - Archive 06 - [...P-T...]"
"Shakin' Stevens","Shakin' Stevens","Green Door",https://www.discogs.com/release/1883803,1981,"7"" - Playlist - 05 [...P-S...]"
"Shakin' Stevens","Shakin' Stevens","I Might",https://www.discogs.com/release/1772629,1990,"7"" - Archive 06 - [...P-T...]"
"Shakin' Stevens","Shakin' Stevens","I'll Be Satisfied",https://www.discogs.com/release/2568066,1982,"7"" - Archive 06 - [...P-T...]"
"Shakin' Stevens","Shakin' Stevens","It's Late",https://www.discogs.com/release/22991504,1983,"7"" - Archive 06 - [...P-T...]"
"Shakin' Stevens","Shakin' Stevens","It's Raining",https://www.discogs.com/release/1435023,1981,"7"" - Archive 06 - [...P-T...]"
"Shakin' Stevens","Shakin' Stevens","Lipstick Powder And Paint",https://www.discogs.com/release/7269549,"","7"" - Archive 06 - [...P-T...]"
"Shakin' Stevens","Shakin' Stevens","Marie, Marie",https://www.discogs.com/release/10845756,1980,"7"" - Archive 06 - [...P-T...]"
"Shakin' Stevens","Shakin' Stevens","Merry Christmas Everyone",https://www.discogs.com/release/744280,1985,"7"" - Holiday [#,A-Z]"
"Shakin' Stevens","Shakin' Stevens","Oh Julie",https://www.discogs.com/release/3613941,1982,"7"" - Playlist - 05 [...P-S...]"
"Shakin' Stevens","Shakin' Stevens",Shirley,https://www.discogs.com/release/598566,1982,"7"" - Archive 06 - [...P-T...]"
"Shakin' Stevens","Shakin' Stevens","Special Edition EP",https://www.discogs.com/release/4824153,1982,"7"" - Archive 06 - [...P-T...]"
"Shakin' Stevens","Shakin' Stevens",Teardrops,https://www.discogs.com/release/6090428,1984,"7"" - Archive 06 - [...P-T...]"
"Shakin' Stevens","Shakin' Stevens","This Ole House",https://www.discogs.com/release/10228369,1981,"7"" - Playlist - 05 [...P-S...]"
"Shakin' Stevens","Shakin' Stevens","Turning Away",https://www.discogs.com/release/1281774,1986,"7"" - Archive 06 - [...P-T...]"
"Shakin' Stevens","Shakin' Stevens","What Do You Want To Make Those Eyes At Me For",https://www.discogs.com/release/1909140,1987,"7"" - Archive 06 - [...P-T...]"
"Shakin' Stevens","Shakin' Stevens","You Drive Me Crazy",https://www.discogs.com/release/10050091,1981,"7"" - Archive 06 - [...P-T...]"
"Shakin' Stevens","Shakin' Stevens & Bonnie Tyler","A Rockin' Good Way",https://www.discogs.com/release/5742793,1983,"7"" - Playlist - 05 [...P-S...]"
Shalamar,Shalamar,"A Night To Remember",https://www.discogs.com/release/916257,1982,"7"" - Playlist - 05 [...P-S...]"
Shalamar,Shalamar,"Dead Giveaway",https://www.discogs.com/release/1849106,1983,"7"" - Archive 06 - [...P-T...]"
Shalamar,Shalamar,"Disappearing Act",https://www.discogs.com/release/404348,1983,"7"" - Archive 06 - [...P-T...]"
Shalamar,Shalamar,Friends,https://www.discogs.com/release/1207734,1982,"7"" - Archive 06 - [...P-T...]"
Shalamar,Shalamar,"I Can Make You Feel Good",https://www.discogs.com/release/346466,1982,"7"" - Playlist - 05 [...P-S...]"
Shalamar,Shalamar,"Make That Move",https://www.discogs.com/release/9912152,1980,"7"" - Archive 06 - [...P-T...]"
Shalamar,Shalamar,"Take That To The Bank",https://www.discogs.com/release/1986583,1978,"7"" - Archive 06 - [...P-T...]"
Shalamar,Shalamar,"There It Is",https://www.discogs.com/release/8339948,1982,"7"" - Playlist - 05 [...P-S...]"
Shalamar,Shalamar,"Uptown Festival",https://www.discogs.com/release/1800946,1977,"7"" - Archive 06 - [...P-T...]"
"Sham 69","Sham 69","Angels With Dirty Faces",https://www.discogs.com/release/13306722,1978,"7"" - Playlist - 05 [...P-S...]"
"Sham 69","Sham 69","Hersham Boys",https://www.discogs.com/release/6139563,1979,"7"" - Playlist - 05 [...P-S...]"
"Sham 69","Sham 69","Hurry Up Harry / No Entry",https://www.discogs.com/release/1465763,1978,"7"" - Playlist - 05 [...P-S...]"
"Sham 69","Sham 69","If The Kids Are United",https://www.discogs.com/release/3611698,1978,"7"" - Playlist - 05 [...P-S...]"
"Sham 69","Sham 69","Questions And Answers",https://www.discogs.com/release/4132212,1979,"7"" - Playlist - 05 [...P-S...]"
Shamen,Shamen,"Ebeneezer Goode",https://www.discogs.com/release/106994,1992,"7"" - Playlist - 05 [...P-S...]"
Shamen,Shamen,"Jesus Loves Amerika",https://www.discogs.com/release/2368119,1988,"7"" - Playlist - 05 [...P-S...]"
Shamen,Shamen,"Move Any Mountain - Progen 91",https://www.discogs.com/release/103003,1991,"7"" - Playlist - 05 [...P-S...]"
Shangri-Las,Shangri-Las,"Leader Of The Pack",https://www.discogs.com/release/6627328,1975,"7"" - Retro - 03 [S-Z]"
Shannon,Shannon,"Give Me Tonight",https://www.discogs.com/release/2034095,1984,"7"" - Playlist - 05 [...P-S...]"
Shannon,Shannon,"Let The Music Play",https://www.discogs.com/release/490875,1983,"7"" - Playlist - 05 [...P-S...]"
"Sharon Whitbread And Fred","Sharon Whitbread And Fred","Lady Girl",https://www.discogs.com/release/3110716,1973,"7"" - Archive 06 - [...P-T...]"
"Sheena Easton","Sheena Easton","9 To 5",https://www.discogs.com/release/8359633,1980,"7"" - Playlist - 05 [...P-S...]"
"Sheena Easton","Sheena Easton","For Your Eyes Only",https://www.discogs.com/release/328029,1981,"7"" - Playlist - 05 [...P-S...]"
"Sheena Easton","Sheena Easton","Just Another Broken Heart",https://www.discogs.com/release/2118502,1981,"7"" - Archive 06 - [...P-T...]"
"Sheena Easton","Sheena Easton","Modern Girl",https://www.discogs.com/release/12467357,1980,"7"" - Playlist - 05 [...P-S...]"
"Sheena Easton","Sheena Easton","One Man Woman",https://www.discogs.com/release/1409613,1980,"7"" - Archive 06 - [...P-T...]"
"Sheena Easton","Sheena Easton","Take My Time",https://www.discogs.com/release/1766063,1981,"7"" - Archive 06 - [...P-T...]"
"Sheena Easton","Sheena Easton","When He Shines",https://www.discogs.com/release/1712459,1981,"7"" - Archive 06 - [...P-T...]"
"Sheena Easton","Sheena Easton","You Could Have Been With Me",https://www.discogs.com/release/1714110,1981,"7"" - Archive 06 - [...P-T...]"
"Sheer Elegance","Sheer Elegance","Milky Way",https://www.discogs.com/release/4002339,1975,"7"" - Archive 06 - [...P-T...]"
"Sheila & B. Devotion","Sheila & B. Devotion","Singin' In The Rain",https://www.discogs.com/release/1438077,1977,"7"" - Archive 06 - [...P-T...]"
"Sheila & B. Devotion","Sheila & B. Devotion",Spacer,https://www.discogs.com/release/669187,1979,"7"" - Playlist - 05 [...P-S...]"
"Sheila E.","Sheila E.","The Belle Of St. Mark",https://www.discogs.com/release/429637,1984,"7"" - Playlist - 05 [...P-S...]"
Sherbet,Sherbet,Howzat,https://www.discogs.com/release/1425302,1976,"7"" - Retro - 03 [S-Z]"
Sherrick,Sherrick,"Just Call",https://www.discogs.com/release/4848243,1987,"7"" - Archive 06 - [...P-T...]"
Shine,Shine,"Shadow Dancing",https://www.discogs.com/release/5684050,1985,"7"" - Archive 06 - [...P-T...]"
"Ship's Company And Royal Marine Band Of H.M.S. Ark Royal","Ship's Company And Royal Marine Band Of H.M.S. Ark Royal",Sailing,https://www.discogs.com/release/4700258,1977,"7"" - Archive 06 - [...P-T...]"
"Shirley & Company","Shirley & Company","Shame, Shame, Shame",https://www.discogs.com/release/5043921,1975,"7"" - Retro - 03 [S-Z]"
"Shirley Bassey","Shirley Bassey","(Where Do I Begin) Love Story",https://www.discogs.com/release/2068854,1971,"7"" - Archive 06 - [...P-T...]"
"Shirley Bassey","Shirley Bassey","As I Love You",https://www.discogs.com/release/12140981,1958,"7"" - Archive 06 - [...P-T...]"
"Shirley Bassey","Shirley Bassey","Ave Maria",https://www.discogs.com/release/2135143,1962,"7"" - Archive 06 - [...P-T...]"
"Shirley Bassey","Shirley Bassey","Big Spender",https://www.discogs.com/release/3527092,1967,"7"" - Retro - 03 [S-Z]"
"Shirley Bassey","Shirley Bassey","Diamonds Are Forever",https://www.discogs.com/release/13066337,1971,"7"" - Retro - 02 [H-R]"
"Shirley Bassey","Shirley Bassey","Far Away",https://www.discogs.com/release/5132612,1962,"7"" - Archive 06 - [...P-T...]"
"Shirley Bassey","Shirley Bassey","For All We Know",https://www.discogs.com/release/1497960,1971,"7"" - Archive 06 - [...P-T...]"
"Shirley Bassey","Shirley Bassey","I (Who Have Nothing)",https://www.discogs.com/release/1734511,1963,"7"" - Archive 06 - [...P-T...]"
"Shirley Bassey","Shirley Bassey","Never, Never, Never (Grande, Grande, Grande) ",https://www.discogs.com/release/1434515,1973,"7"" - Archive 06 - [...P-T...]"
"Shirley Bassey","Shirley Bassey","Reach For The Stars ",https://www.discogs.com/release/762676,1961,"7"" - Archive 06 - [...P-T...]"
"Shirley Bassey","Shirley Bassey",Something,https://www.discogs.com/release/9189657,1970,"7"" - Retro - 03 [S-Z]"
"Shirley Bassey","Shirley Bassey","The Fabulous Shirley Bassey",https://www.discogs.com/release/7330052,1959,"7"" - Retro - 03 [S-Z]"
"Shirley Bassey","Shirley Bassey","What Kind Of Fool Am I?",https://www.discogs.com/release/4076285,1963,"7"" - Archive 06 - [...P-T...]"
"Shirley Bassey With Nelson Riddle And His Orchestra","Shirley Bassey With Nelson Riddle And His Orchestra","What Now My Love?",https://www.discogs.com/release/762682,1962,"7"" - Archive 06 - [...P-T...]"
"Shirley Bassey With The Rita Williams Singers And Geoff Love & His Orchestra","Shirley Bassey With The Rita Williams Singers And Geoff Love & His Orchestra","As Long As He Needs Me",https://www.discogs.com/release/11040781,1960,"7"" - Archive 06 - [...P-T...]"
"Shirley Bassey With The Williams Singers And Geoff Love & His Orchestra","Shirley Bassey With The Williams Singers And Geoff Love & His Orchestra","With These Hands",https://www.discogs.com/release/1465513,1960,"7"" - Archive 06 - [...P-T...]"
"Shirley Bassey With Tony Osborne And His Orchestra","Shirley Bassey With Tony Osborne And His Orchestra","It's Yourself",https://www.discogs.com/release/3271357,1965,"7"" - Archive 06 - [...P-T...]"
"Shirley Jones","Shirley Jones",Pepe,https://www.discogs.com/release/4821463,1960,"7"" - Archive 06 - [...P-T...]"
"Shocking Blue","Shocking Blue","Venus / Hot Sand",https://www.discogs.com/release/1973718,1978,"7"" - Retro - 03 [S-Z]"
Shogun,Shogun,"Voices From The Heart",https://www.discogs.com/release/4466845,1988,"7"" - Archive 06 - [...P-T...]"
"Shola Ama With Craig Armstrong / The Divine Comedy","Shola Ama With Craig Armstrong / The Divine Comedy","Someday I'll Find You / I've Been To A Marvellous Party",https://www.discogs.com/release/5236116,1998,"7"" - Archive 06 - [...P-T...]"
"Shooting Party","Shooting Party","I Know That Mood",https://www.discogs.com/release/19220227,1985,"7"" - Archive 06 - [...P-T...]"
"Shooting Party","Shooting Party","Trick Of The Light",https://www.discogs.com/release/3000194,1986,"7"" - Archive 06 - [...P-T...]"
Showaddywaddy,Showaddywaddy,"A Little Bit Of Soap",https://www.discogs.com/release/5646121,1978,"7"" - Archive 06 - [...P-T...]"
Showaddywaddy,Showaddywaddy,"Blue Moon",https://www.discogs.com/release/1581891,1980,"7"" - Archive 06 - [...P-T...]"
Showaddywaddy,Showaddywaddy,"Dancin' Party",https://www.discogs.com/release/5046561,1977,"7"" - Archive 06 - [...P-T...]"
Showaddywaddy,Showaddywaddy,Footsteps,https://www.discogs.com/release/3252155,1981,"7"" - Archive 06 - [...P-T...]"
Showaddywaddy,Showaddywaddy,Heartbeat,https://www.discogs.com/release/423527,1975,"7"" - Archive 06 - [...P-T...]"
Showaddywaddy,Showaddywaddy,Heavenly,https://www.discogs.com/release/977803,1975,"7"" - Archive 06 - [...P-T...]"
Showaddywaddy,Showaddywaddy,"Hey Mister Christmas",https://www.discogs.com/release/10341774,1974,"7"" - Holiday [#,A-Z]"
Showaddywaddy,Showaddywaddy,"Hey Rock And Roll",https://www.discogs.com/release/562947,1974,"7"" - Archive 06 - [...P-T...]"
Showaddywaddy,Showaddywaddy,"I Wonder Why",https://www.discogs.com/release/5046650,1978,"7"" - Archive 06 - [...P-T...]"
Showaddywaddy,Showaddywaddy,"Pretty Little Angel Eyes",https://www.discogs.com/release/5597600,1978,"7"" - Retro - 03 [S-Z]"
Showaddywaddy,Showaddywaddy,"Remember Then",https://www.discogs.com/release/431477,1979,"7"" - Archive 06 - [...P-T...]"
Showaddywaddy,Showaddywaddy,"Rock 'N' Roll Lady",https://www.discogs.com/release/2079473,1974,"7"" - Archive 06 - [...P-T...]"
Showaddywaddy,Showaddywaddy,"Sweet Music",https://www.discogs.com/release/2035984,1974,"7"" - Archive 06 - [...P-T...]"
Showaddywaddy,Showaddywaddy,"Three Steps To Heaven",https://www.discogs.com/release/10228574,1975,"7"" - Retro - 03 [S-Z]"
Showaddywaddy,Showaddywaddy,"Under The Moon Of Love",https://www.discogs.com/release/562948,1976,"7"" - Retro - 03 [S-Z]"
Showaddywaddy,Showaddywaddy,When,https://www.discogs.com/release/13139967,1977,"7"" - Archive 06 - [...P-T...]"
Showaddywaddy,Showaddywaddy,"You Got What It Takes",https://www.discogs.com/release/8564170,1977,"7"" - Archive 06 - [...P-T...]"
Shy,Shy,"Shy Sampler",https://www.discogs.com/release/1011759,1987,"7"" - Archive 06 - [...P-T...]"
"Sigue Sigue Sputnik","Sigue Sigue Sputnik","Love Missile F1-11",https://www.discogs.com/release/6131231,1986,"7"" - Playlist - 05 [...P-S...]"
"Silicon Teens","Silicon Teens","Memphis Tennessee",https://www.discogs.com/release/7862041,1979,"7"" - Archive 06 - [...P-T...]"
"Silje Nergaard","Silje Nergaard","Tell Me Where You're Going",https://www.discogs.com/release/7080690,1990,"7"" - Playlist - 05 [...P-S...]"
"Silver Convention","Silver Convention","Get Up And Boogie",https://www.discogs.com/release/5270642,1976,"7"" - Archive 06 - [...P-T...]"
"Silver Convention","Silver Convention","Save Me",https://www.discogs.com/release/715455,1975,"7"" - Archive 06 - [...P-T...]"
"Silver Convention","Silver Convention","Tiger Baby / No, No, Joe",https://www.discogs.com/release/1667018,1976,"7"" - Archive 06 - [...P-T...]"
"Silver Pony","Silver Pony","The Lonely Ranger",https://www.discogs.com/release/3368259,1976,"7"" - Archive 06 - [...P-T...]"
"Simon & Garfunkel","Simon & Garfunkel","Bridge Over Troubled Water",https://www.discogs.com/release/3870421,1970,"7"" - Retro - 03 [S-Z]"
"Simon Dupree And The Big Sound","Simon Dupree And The Big Sound",Kites,https://www.discogs.com/release/3378208,1967,"7"" - Archive 06 - [...P-T...]"
"Simon May","Simon May","The Summer Of My Life",https://www.discogs.com/release/3252471,1976,"7"" - Archive 06 - [...P-T...]"
"Simon Park Orchestra","Simon Park Orchestra","Eye Level",https://www.discogs.com/release/1216513,1972,"7"" - Retro - 03 [S-Z]"
Simone,Simone,"A Little Bit Of Magic",https://www.discogs.com/release/2987497,1977,"7"" - Archive 06 - [...P-T...]"
"Simone De","Simone De","Since I Lost You Baby",https://www.discogs.com/release/1913153,2007,"7"" - Archive 06 - [...P-T...]"
"Simple Minds","Simple Minds","Alive & Kicking",https://www.discogs.com/release/755688,1985,"7"" - Playlist - 05 [...P-S...]"
"Simple Minds","Simple Minds","All The Things She Said",https://www.discogs.com/release/917461,1986,"7"" - Playlist - 05 [...P-S...]"
"Simple Minds","Simple Minds","Belfast Child (Full Length Version)",https://www.discogs.com/release/13775376,1989,"7"" - Playlist - 05 [...P-S...]"
"Simple Minds","Simple Minds","Don't You (Forget About Me)",https://www.discogs.com/release/418877,1985,"7"" - Playlist - 05 [...P-S...]"
"Simple Minds","Simple Minds",Ghostdancing,https://www.discogs.com/release/917457,1986,"7"" - Playlist - 05 [...P-S...]"
"Simple Minds","Simple Minds","Glittering Prize",https://www.discogs.com/release/80110,1982,"7"" - Playlist - 05 [...P-S...]"
"Simple Minds","Simple Minds","Let There Be Love",https://www.discogs.com/release/1501582,1991,"7"" - Playlist - 05 [...P-S...]"
"Simple Minds","Simple Minds","Love Song",https://www.discogs.com/release/10255742,1981,Uncategorized
"Simple Minds","Simple Minds","Love Song / Alive And Kicking",https://www.discogs.com/release/5902433,1992,"7"" - Playlist - 05 [...P-S...]"
"Simple Minds","Simple Minds","Promised You A Miracle",https://www.discogs.com/release/80113,1982,"7"" - Playlist - 05 [...P-S...]"
"Simple Minds","Simple Minds","Sanctify Yourself",https://www.discogs.com/release/695187,1986,"7"" - Playlist - 05 [...P-S...]"
"Simple Minds","Simple Minds","Speed Your Love To Me",https://www.discogs.com/release/768413,1984,"7"" - Playlist - 05 [...P-S...]"
"Simple Minds","Simple Minds","Up On The Catwalk",https://www.discogs.com/release/768433,1984,"7"" - Playlist - 05 [...P-S...]"
"Simple Minds","Simple Minds",Waterfront,https://www.discogs.com/release/521926,1983,"7"" - Playlist - 05 [...P-S...]"
"Simply Red","Simply Red","Drowning In My Own Tears",https://www.discogs.com/release/9570118,1992,"7"" - Playlist - 05 [...P-S...]"
"Simply Red","Simply Red","Ev'ry Time We Say Goodbye",https://www.discogs.com/release/6958606,1987,"7"" - Playlist - 05 [...P-S...]"
"Simply Red","Simply Red","Holding Back The Years",https://www.discogs.com/release/11294129,1986,"7"" - Playlist - 05 [...P-S...]"
"Simply Red","Simply Red","If You Don't Know Me By Now",https://www.discogs.com/release/1443201,1989,"7"" - Playlist - 05 [...P-S...]"
"Simply Red","Simply Red","Infidelity  ",https://www.discogs.com/release/9062802,1987,"7"" - Playlist - 05 [...P-S...]"
"Simply Red","Simply Red","It's Only Love",https://www.discogs.com/release/11912451,1989,"7"" - Playlist - 05 [...P-S...]"
"Simply Red","Simply Red","Money's Too Tight  (To Mention)",https://www.discogs.com/release/5945621,1985,"7"" - Playlist - 05 [...P-S...]"
"Simply Red","Simply Red","Money's Too Tight To Mention / Holding Back The Years",https://www.discogs.com/release/938521,1985,"7"" - Archive 06 - [...P-T...]"
"Simply Red","Simply Red","Open Up The Red Box",https://www.discogs.com/release/3971609,1986,"7"" - Archive 06 - [...P-T...]"
"Simply Red","Simply Red","Open Up The Red Box. Remix",https://www.discogs.com/release/10591994,1986,"7"" - Playlist - 05 [...P-S...]"
"Simply Red","Simply Red","Something Got Me Started",https://www.discogs.com/release/670438,1991,"7"" - Playlist - 05 [...P-S...]"
"Simply Red","Simply Red","The Right Thing",https://www.discogs.com/release/11293869,1987,"7"" - Playlist - 05 [...P-S...]"
Simpsons,Simpsons,"Do The Bartman",https://www.discogs.com/release/2629861,1991,"7"" - Novelty [#,A-Z]"
Sine,Sine,"Just Let Me Do My Thing",https://www.discogs.com/release/170879,1978,"7"" - Archive 06 - [...P-T...]"
Sinitta,Sinitta,"Cross My Broken Heart (Remix)",https://www.discogs.com/release/2163775,1988,"7"" - Archive 06 - [...P-T...]"
Sinitta,Sinitta,"Feels Like The First Time",https://www.discogs.com/release/4166196,1986,"7"" - Archive 06 - [...P-T...]"
Sinitta,Sinitta,GTO,https://www.discogs.com/release/1756335,1987,"7"" - Archive 06 - [...P-T...]"
Sinitta,Sinitta,"Right Back Where We Started From",https://www.discogs.com/release/1861963,1989,"7"" - Playlist - 05 [...P-S...]"
Sinitta,Sinitta,"So Macho!",https://www.discogs.com/release/536045,1986,"7"" - Playlist - 05 [...P-S...]"
Sinitta,Sinitta,"Toy Boy",https://www.discogs.com/release/1569770,1987,"7"" - Playlist - 05 [...P-S...]"
"Sinéad O'Connor","Sinéad O'Connor","Nothing Compares 2 U",https://www.discogs.com/release/878728,1990,"7"" - Playlist - 05 [...P-S...]"
"Siouxsie & The Banshees","Siouxsie & The Banshees","Arabian Knights",https://www.discogs.com/release/437442,1981,"7"" - Playlist - 05 [...P-S...]"
"Siouxsie & The Banshees","Siouxsie & The Banshees",Christine,https://www.discogs.com/release/5925694,1980,"7"" - Playlist - 05 [...P-S...]"
"Siouxsie & The Banshees","Siouxsie & The Banshees","Dear Prudence",https://www.discogs.com/release/472853,1983,"7"" - Playlist - 05 [...P-S...]"
"Siouxsie & The Banshees","Siouxsie & The Banshees","Happy House",https://www.discogs.com/release/8502833,1980,"7"" - Playlist - 05 [...P-S...]"
"Siouxsie & The Banshees","Siouxsie & The Banshees","Hong Kong Garden",https://www.discogs.com/release/1763878,1978,"7"" - Playlist - 05 [...P-S...]"
"Siouxsie & The Banshees","Siouxsie & The Banshees",Israel,https://www.discogs.com/release/384637,1980,"7"" - Playlist - 05 [...P-S...]"
"Siouxsie & The Banshees","Siouxsie & The Banshees",Peek-A-Boo,https://www.discogs.com/release/3719320,1988,"7"" - Playlist - 05 [...P-S...]"
"Siouxsie & The Banshees","Siouxsie & The Banshees","Playground Twist",https://www.discogs.com/release/437407,1979,"7"" - Playlist - 05 [...P-S...]"
"Siouxsie & The Banshees","Siouxsie & The Banshees",Slowdive,https://www.discogs.com/release/437925,1982,"7"" - Playlist - 05 [...P-S...]"
"Siouxsie & The Banshees","Siouxsie & The Banshees",Spellbound,https://www.discogs.com/release/437434,1981,"7"" - Playlist - 05 [...P-S...]"
"Siouxsie & The Banshees","Siouxsie & The Banshees","Swimming Horses",https://www.discogs.com/release/10799306,1984,"7"" - Playlist - 05 [...P-S...]"
"Siouxsie & The Banshees","Siouxsie & The Banshees","The Killing Jar",https://www.discogs.com/release/1085418,1988,"7"" - Playlist - 05 [...P-S...]"
"Siouxsie & The Banshees","Siouxsie & The Banshees","The Passenger",https://www.discogs.com/release/536646,1987,"7"" - Playlist - 05 [...P-S...]"
"Siouxsie & The Banshees","Siouxsie & The Banshees","The Staircase (Mystery)",https://www.discogs.com/release/437403,1979,"7"" - Playlist - 05 [...P-S...]"
"Siouxsie & The Banshees","Siouxsie & The Banshees","This Wheel's On Fire",https://www.discogs.com/release/3138780,1987,"7"" - Playlist - 05 [...P-S...]"
"Sir Edward Elgar, London Symphony Orchestra, Arthur Bliss","Sir Edward Elgar, London Symphony Orchestra, Arthur Bliss","Pomp And Circumstance (Marches Nos. 1 And 4)",https://www.discogs.com/release/5194755,1959,"7"" - Archive 06 - [...P-T...]"
"Sister Sledge","Sister Sledge","All American Girls",https://www.discogs.com/release/1875417,1981,"7"" - Archive 06 - [...P-T...]"
"Sister Sledge","Sister Sledge","Easy Street",https://www.discogs.com/release/1800980,1980,"7"" - Archive 06 - [...P-T...]"
"Sister Sledge","Sister Sledge",Frankie,https://www.discogs.com/release/5955835,1985,"7"" - Playlist - 05 [...P-S...]"
"Sister Sledge","Sister Sledge","He's The Greatest Dancer",https://www.discogs.com/release/5528573,1979,"7"" - Playlist - 05 [...P-S...]"
"Sister Sledge","Sister Sledge","Lost In Music",https://www.discogs.com/release/1680921,1979,"7"" - Playlist - 05 [...P-S...]"
"Sister Sledge","Sister Sledge","Mama Never Told Me",https://www.discogs.com/release/5961985,1975,"7"" - Archive 06 - [...P-T...]"
"Sister Sledge","Sister Sledge","We Are Family",https://www.discogs.com/release/6054848,1979,"7"" - Playlist - 05 [...P-S...]"
"Sisters Of Mercy","Sisters Of Mercy",Alice,https://www.discogs.com/release/264418,1982,"7"" - Playlist - 05 [...P-S...]"
"Sisters Of Mercy","Sisters Of Mercy","Body And Soul / Train",https://www.discogs.com/release/6854641,1984,"7"" - Playlist - 05 [...P-S...]"
"Sisters Of Mercy","Sisters Of Mercy",Dominion,https://www.discogs.com/release/5658322,1988,"7"" - Playlist - 05 [...P-S...]"
"Sisters Of Mercy","Sisters Of Mercy","Temple Of Love",https://www.discogs.com/release/264412,1983,"7"" - Playlist - 05 [...P-S...]"
"Sisters Of Mercy","Sisters Of Mercy","This Corrosion",https://www.discogs.com/release/623438,1987,"7"" - Playlist - 05 [...P-S...]"
"Skeeter Davis","Skeeter Davis","I Can't Stay Mad At You / It Was Only A Heart",https://www.discogs.com/release/3998561,1963,"7"" - Archive 06 - [...P-T...]"
Skeptix,Skeptix,"Peace Force",https://www.discogs.com/release/1496683,1983,"7"" - Playlist - 05 [...P-S...]"
Skids,Skids,"Circus Games",https://www.discogs.com/release/1996315,1980,"7"" - Playlist - 05 [...P-S...]"
Skids,Skids,"Into The Valley",https://www.discogs.com/release/354917,1979,"7"" - Playlist - 05 [...P-S...]"
Skids,Skids,Masquerade,https://www.discogs.com/release/7947212,1979,"7"" - Playlist - 05 [...P-S...]"
Skids,Skids,"Woman In Winter",https://www.discogs.com/release/1066797,1980,"7"" - Playlist - 05 [...P-S...]"
Skids,Skids,"Working For The Yankee Dollar",https://www.discogs.com/release/887179,1979,"7"" - Playlist - 05 [...P-S...]"
"Skipworth & Turner","Skipworth & Turner","Hot Pursuit!",https://www.discogs.com/release/1491394,1985,"7"" - Archive 06 - [...P-T...]"
Sky,Sky,"Toccata / Vivaldi",https://www.discogs.com/release/476486,1980,"7"" - Archive 06 - [...P-T...]"
"Skyslip Rom","Skyslip Rom","Strange World",https://www.discogs.com/release/12310718,1987,"7"" - Archive 06 - [...P-T...]"
SL2,SL2,"On A Ragga Tip / Changing Trax",https://www.discogs.com/release/54042,1992,"7"" - Playlist - 05 [...P-S...]"
Slade,Slade,"Coz I Luv You",https://www.discogs.com/release/7910540,1971,"7"" - Retro - 03 [S-Z]"
Slade,Slade,"Cum On Feel The Noize",https://www.discogs.com/release/13345921,1973,"7"" - Retro - 03 [S-Z]"
Slade,Slade,Everyday,https://www.discogs.com/release/3264837,1974,"7"" - Retro - 03 [S-Z]"
Slade,Slade,"Far Far Away",https://www.discogs.com/release/1512480,1974,"7"" - Retro - 03 [S-Z]"
Slade,Slade,"Get Down With It",https://www.discogs.com/release/638778,1971,"7"" - Archive 06 - [...P-T...]"
Slade,Slade,"Gudbuy T' Jane",https://www.discogs.com/release/2203707,1972,"7"" - Retro - 03 [S-Z]"
Slade,Slade,"In For A Penny",https://www.discogs.com/release/18510049,1975,"7"" - Archive 06 - [...P-T...]"
Slade,Slade,"Look Wot You Dun",https://www.discogs.com/release/6550337,1972,"7"" - Retro - 03 [S-Z]"
Slade,Slade,"Mama Weer All Crazee Now",https://www.discogs.com/release/5203967,1972,"7"" - Retro - 03 [S-Z]"
Slade,Slade,"Merry Christmas Everybody",https://www.discogs.com/release/2999049,1981,"7"" - Holiday [#,A-Z]"
Slade,Slade,"Merry Xmas Everybody",https://www.discogs.com/release/712797,1973,"7"" - Holiday [#,A-Z]"
Slade,Slade,"My Friend Stan",https://www.discogs.com/release/4950784,1973,"7"" - Retro - 03 [S-Z]"
Slade,Slade,"My Oh My",https://www.discogs.com/release/389873,1983,"7"" - Archive 06 - [...P-T...]"
Slade,Slade,"Radio Wall Of Sound",https://www.discogs.com/release/4885014,1991,"7"" - Archive 06 - [...P-T...]"
Slade,Slade,"Rock 'N' Roll Bolero",https://www.discogs.com/release/2912455,1978,"7"" - Archive 06 - [...P-T...]"
Slade,Slade,"Skweeze Me, Pleeze Me",https://www.discogs.com/release/1777513,1973,"7"" - Retro - 03 [S-Z]"
Slade,Slade,"Still The Same",https://www.discogs.com/release/5194751,1987,"7"" - Archive 06 - [...P-T...]"
Slade,Slade,"Take Me Bak 'Ome",https://www.discogs.com/release/2819630,1972,"7"" - Archive 06 - [...P-T...]"
Slade,Slade,"Thanks For The Memory (Wham Bam Thank You Mam)",https://www.discogs.com/release/1756704,1975,"7"" - Retro - 03 [S-Z]"
Slade,Slade,"The Bangin' Man",https://www.discogs.com/release/7424498,1974,"7"" - Archive 06 - [...P-T...]"
Slik,Slik,"Forever And Ever",https://www.discogs.com/release/382291,1975,"7"" - Retro - 03 [S-Z]"
"Slinky And The Ephs","Slinky And The Ephs","Temporary Thing",https://www.discogs.com/release/6318174,1980,"7"" - Archive 06 - [...P-T...]"
"Sly & Robbie","Sly & Robbie","Boops (Here To Go)",https://www.discogs.com/release/5664232,1987,"7"" - Playlist - 05 [...P-S...]"
"Sly & The Family Stone","Sly & The Family Stone","Dance To The Music / Stand",https://www.discogs.com/release/4213008,1977,"7"" - Archive 06 - [...P-T...]"
"Sly & The Family Stone","Sly & The Family Stone","Family Affair",https://www.discogs.com/release/2088415,1971,"7"" - Retro - 03 [S-Z]"
"Sly & The Family Stone","Sly & The Family Stone","Runnin' Away",https://www.discogs.com/release/5960910,1972,"7"" - Archive 06 - [...P-T...]"
"Sly Fox","Sly Fox","Let's Go All The Way",https://www.discogs.com/release/1696949,1986,"7"" - Playlist - 05 [...P-S...]"
"Small Faces","Small Faces","Itchycoo Park",https://www.discogs.com/release/5925368,1975,"7"" - Retro - 03 [S-Z]"
"Small Faces","Small Faces","Lazy Sunday",https://www.discogs.com/release/575102,1976,"7"" - Retro - 03 [S-Z]"
"Small Wonder","Small Wonder","Ordinary Boy",https://www.discogs.com/release/3461749,1975,"7"" - Archive 06 - [...P-T...]"
"Smart E's","Smart E's","Sesame's Treet",https://www.discogs.com/release/13915454,1992,"7"" - Playlist - 05 [...P-S...]"
Smiths,Smiths,"Bigmouth Strikes Again",https://www.discogs.com/release/495336,1986,"7"" - Playlist - 05 [...P-S...]"
Smiths,Smiths,"Girlfriend In A Coma",https://www.discogs.com/release/1766415,1987,"7"" - Playlist - 05 [...P-S...]"
Smiths,Smiths,Panic,https://www.discogs.com/release/5095931,1986,"7"" - Playlist - 05 [...P-S...]"
Smiths,Smiths,"Sheila Take A Bow",https://www.discogs.com/release/495328,1987,"7"" - Playlist - 05 [...P-S...]"
Smiths,Smiths,"Shoplifters Of The World Unite",https://www.discogs.com/release/495338,1987,"7"" - Playlist - 05 [...P-S...]"
Smiths,Smiths,"What Difference Does It Make?",https://www.discogs.com/release/495324,1984,Uncategorized
"Smokey Robinson","Smokey Robinson","Being With You",https://www.discogs.com/release/1594040,1981,"7"" - Playlist - 05 [...P-S...]"
"Smokey Robinson","Smokey Robinson","Just My Soul Responding",https://www.discogs.com/release/1594051,1974,"7"" - Archive 06 - [...P-T...]"
Smokie,Smokie,"Don't Play Your Rock 'N' Roll To Me",https://www.discogs.com/release/2047402,1975,"7"" - Retro - 03 [S-Z]"
Smokie,Smokie,"For A Few Dollars More",https://www.discogs.com/release/1459058,1978,"7"" - Archive 06 - [...P-T...]"
Smokie,Smokie,"I'll Meet You At Midnight",https://www.discogs.com/release/9904490,1976,"7"" - Retro - 03 [S-Z]"
Smokie,Smokie,"If You Think You Know How To Love Me",https://www.discogs.com/release/562968,1975,"7"" - Retro - 03 [S-Z]"
Smokie,Smokie,"It's Your Life",https://www.discogs.com/release/748509,1977,"7"" - Archive 06 - [...P-T...]"
Smokie,Smokie,"Lay Back In The Arms Of Someone",https://www.discogs.com/release/5566740,1977,"7"" - Retro - 03 [S-Z]"
Smokie,Smokie,"Living Next Door To Alice",https://www.discogs.com/release/1571456,1976,"7"" - Retro - 03 [S-Z]"
Smokie,Smokie,"Looking Daggers",https://www.discogs.com/release/1324394,1982,"7"" - Archive 06 - [...P-T...]"
Smokie,Smokie,"Mexican Girl",https://www.discogs.com/release/1459079,1978,"7"" - Archive 06 - [...P-T...]"
Smokie,Smokie,"Needles And Pins",https://www.discogs.com/release/1005483,1977,"7"" - Retro - 03 [S-Z]"
Smokie,Smokie,"Oh Carol",https://www.discogs.com/release/1435067,1978,"7"" - Retro - 03 [S-Z]"
Smokie,Smokie,"Something's Been Making Me Blue",https://www.discogs.com/release/2348569,1976,"7"" - Archive 06 - [...P-T...]"
Snap!,Snap!,"Cult Of Snap",https://www.discogs.com/release/2022337,1990,"7"" - Playlist - 05 [...P-S...]"
Snap!,Snap!,"Mary Had A Little Boy",https://www.discogs.com/release/1817754,1990,"7"" - Playlist - 05 [...P-S...]"
Snap!,Snap!,"Mega Mix",https://www.discogs.com/release/2739618,1991,"7"" - Archive 06 - [...P-T...]"
Snap!,Snap!,"Ooops Up",https://www.discogs.com/release/1737581,1990,"7"" - Playlist - 05 [...P-S...]"
Snap!,Snap!,"Rhythm Is A Dancer",https://www.discogs.com/release/246211,1992,"7"" - Playlist - 05 [...P-S...]"
Snap!,Snap!,"The Power",https://www.discogs.com/release/5417631,1990,"7"" - Playlist - 05 [...P-S...]"
Snap!,"Snap! Feat. Niki Haris","Do You See The Light (Looking For)",https://www.discogs.com/release/2007133,1993,"7"" - Archive 06 - [...P-T...]"
Snap!,"Snap! Featuring Niki Haris",Exterminate!,https://www.discogs.com/release/5467712,1992,"7"" - Playlist - 05 [...P-S...]"
"Sniff 'n' the Tears","Sniff 'n' the Tears","Driver's Seat",https://www.discogs.com/release/10818714,1978,"7"" - Playlist - 05 [...P-S...]"
Snips,Snips,"9 O'Clock",https://www.discogs.com/release/929602,1980,"7"" - Archive 06 - [...P-T...]"
Snow,Snow,Informer,https://www.discogs.com/release/3025956,1993,"7"" - Playlist - 05 [...P-S...]"
Snowmen,Snowmen,"Hokey Cokey",https://www.discogs.com/release/1678737,1981,"7"" - Holiday [#,A-Z]"
"Snowy White","Snowy White","Bird Of Paradise",https://www.discogs.com/release/1227474,1983,"7"" - Playlist - 05 [...P-S...]"
So,So,"Would You Die For Me",https://www.discogs.com/release/2034488,1988,"7"" - Archive 06 - [...P-T...]"
"Soft Cell","Soft Cell",Bedsitter,https://www.discogs.com/release/56313,1981,"7"" - Playlist - 05 [...P-S...]"
"Soft Cell","Soft Cell","Down In The Subway",https://www.discogs.com/release/3503536,1984,"7"" - Playlist - 05 [...P-S...]"
"Soft Cell","Soft Cell","Say Hello, Wave Goodbye",https://www.discogs.com/release/135715,1982,"7"" - Playlist - 05 [...P-S...]"
"Soft Cell","Soft Cell","Tainted Love",https://www.discogs.com/release/9914418,1981,"7"" - Playlist - 05 [...P-S...]"
"Soft Cell","Soft Cell",Torch,https://www.discogs.com/release/21103000,1982,"7"" - Playlist - 05 [...P-S...]"
"Soft Cell","Soft Cell",What!,https://www.discogs.com/release/141086,1982,"7"" - Playlist - 05 [...P-S...]"
Soho,Soho,Hippychick,https://www.discogs.com/release/6648101,1991,"7"" - Playlist - 05 [...P-S...]"
Solo,Solo,Solo,https://www.discogs.com/release/5107591,1985,"7"" - Archive 06 - [...P-T...]"
"Solomon King","Solomon King","She Wears My Ring",https://www.discogs.com/release/960927,1967,"7"" - Archive 06 - [...P-T...]"
"Solomon King","Solomon King","When We Were Young",https://www.discogs.com/release/6291035,1968,"7"" - Archive 06 - [...P-T...]"
Solos,Solos,"Talking Pictures",https://www.discogs.com/release/2270930,1980,"7"" - Archive 06 - [...P-T...]"
Sonia,Sonia,"Can't Forget You",https://www.discogs.com/release/1569778,1989,"7"" - Archive 06 - [...P-T...]"
Sonia,Sonia,"Only Fools (Never Fall In Love)",https://www.discogs.com/release/1758905,1991,"7"" - Archive 06 - [...P-T...]"
Sonia,Sonia,"You'll Never Stop Me Loving You",https://www.discogs.com/release/552848,1989,"7"" - Playlist - 05 [...P-S...]"
"Sonny & Cher","Sonny & Cher","All I Ever Need Is You",https://www.discogs.com/release/482183,1971,"7"" - Retro - 03 [S-Z]"
"Sonny & Cher","Sonny & Cher","I Got You Babe",https://www.discogs.com/release/2727123,"","7"" - Retro - 03 [S-Z]"
"Sonny Blake","Sonny Blake","My Special Angel",https://www.discogs.com/release/3199046,1975,"7"" - Archive 06 - [...P-T...]"
"Sonny Worthing","Sonny Worthing","La Belle France",https://www.discogs.com/release/5883995,1976,"7"" - Archive 06 - [...P-T...]"
"Sophie Ellis-Bextor","Sophie Ellis-Bextor","Murder On The Dancefloor ",https://www.discogs.com/release/29807791,2024,"7"" - Playlist - 05 [...P-S...]"
Sorrento,Sorrento,"If I Only Had Time",https://www.discogs.com/release/20293297,"","7"" - Archive 06 - [...P-T...]"
"Soul II Soul","Soul II Soul","A Dreams A Dream",https://www.discogs.com/release/757431,1990,"7"" - Archive 06 - [...P-T...]"
"Soul II Soul","Soul II Soul","Get A Life",https://www.discogs.com/release/123474,1989,"7"" - Playlist - 05 [...P-S...]"
"Soul II Soul","Soul II Soul","Keep On Movin",https://www.discogs.com/release/314101,1989,Uncategorized
"Soul II Soul","Soul II Soul","Missing You",https://www.discogs.com/release/4078862,1990,"7"" - Archive 06 - [...P-T...]"
"Soul II Soul","Soul II Soul Featuring Caron Wheeler","Back To Life (However Do You Want Me)",https://www.discogs.com/release/4172151,1989,"7"" - Playlist - 05 [...P-S...]"
"Sound 9418","Sound 9418","In The Mood",https://www.discogs.com/release/1569131,1976,"7"" - Archive 06 - [...P-T...]"
"Sounds Incorporated","Sounds Incorporated","Spanish Harlem",https://www.discogs.com/release/2403920,1964,"7"" - Archive 06 - [...P-T...]"
"Soup Dragons","Soup Dragons","The Majestic Head?",https://www.discogs.com/release/845224,1988,"7"" - Playlist - 05 [...P-S...]"
"Source Featuring Candi Staton","Source Featuring Candi Staton","You Got The Love (Erens Bootleg Mix)",https://www.discogs.com/release/7952885,1991,"7"" - Archive 06 - [...P-T...]"
Space,Space,"Magic Fly",https://www.discogs.com/release/3867090,1977,"7"" - Retro - 03 [S-Z]"
"Space Monkey","Space Monkey","Come With Me",https://www.discogs.com/release/2546339,1984,"7"" - Archive 06 - [...P-T...]"
"Spandau Ballet","Spandau Ballet","Chant No. 1 (I Don't Need This Pressure On)",https://www.discogs.com/release/821660,1981,"7"" - Playlist - 05 [...P-S...]"
"Spandau Ballet","Spandau Ballet",Communication,https://www.discogs.com/release/4819811,1983,"7"" - Playlist - 05 [...P-S...]"
"Spandau Ballet","Spandau Ballet",Gold,https://www.discogs.com/release/11638114,1983,"7"" - Playlist - 05 [...P-S...]"
"Spandau Ballet","Spandau Ballet","Highly Strung",https://www.discogs.com/release/3733605,1984,"7"" - Playlist - 05 [...P-S...]"
"Spandau Ballet","Spandau Ballet",Instinction,https://www.discogs.com/release/5129736,1982,"7"" - Playlist - 05 [...P-S...]"
"Spandau Ballet","Spandau Ballet",Lifeline,https://www.discogs.com/release/5667007,1982,"7"" - Playlist - 05 [...P-S...]"
"Spandau Ballet","Spandau Ballet","Muscle Bound",https://www.discogs.com/release/240084,1981,"7"" - Playlist - 05 [...P-S...]"
"Spandau Ballet","Spandau Ballet","Only When You Leave",https://www.discogs.com/release/1282342,1984,"7"" - Playlist - 05 [...P-S...]"
"Spandau Ballet","Spandau Ballet","Paint Me Down",https://www.discogs.com/release/1033329,1981,"7"" - Playlist - 05 [...P-S...]"
"Spandau Ballet","Spandau Ballet","Round And Round",https://www.discogs.com/release/11290288,1984,"7"" - Playlist - 05 [...P-S...]"
"Spandau Ballet","Spandau Ballet","Through The Barricades",https://www.discogs.com/release/680259,1986,"7"" - Playlist - 05 [...P-S...]"
"Spandau Ballet","Spandau Ballet","To Cut A Long Story Short",https://www.discogs.com/release/411567,1980,"7"" - Playlist - 05 [...P-S...]"
"Spandau Ballet","Spandau Ballet",True,https://www.discogs.com/release/361919,1983,"7"" - Playlist - 05 [...P-S...]"
Spargo,Spargo,"You And Me / Worry",https://www.discogs.com/release/1665608,1980,"7"" - Archive 06 - [...P-T...]"
Sparks,Sparks,"Amateur Hour",https://www.discogs.com/release/7081442,1974,"7"" - Retro - 03 [S-Z]"
Sparks,Sparks,"Beat The Clock",https://www.discogs.com/release/15720692,1979,"7"" - Playlist - 05 [...P-S...]"
Sparks,Sparks,"Never Turn Your Back On Mother Earth",https://www.discogs.com/release/477847,1974,"7"" - Retro - 03 [S-Z]"
Sparks,Sparks,"Something For The Girl With Everything",https://www.discogs.com/release/497714,1975,"7"" - Retro - 03 [S-Z]"
Sparks,Sparks,"The Number One Song In Heaven",https://www.discogs.com/release/205086,1979,"7"" - Playlist - 05 [...P-S...]"
Sparks,Sparks,"This Town Ain't Big Enough For Both Of Us",https://www.discogs.com/release/12859159,1974,"7"" - Playlist - 05 [...P-S...]"
"Spear Of Destiny","Spear Of Destiny",Liberator,https://www.discogs.com/release/1218885,1984,"7"" - Playlist - 05 [...P-S...]"
"Spear Of Destiny","Spear Of Destiny","Never Take Me Alive",https://www.discogs.com/release/1012509,1987,"7"" - Playlist - 05 [...P-S...]"
"Spear Of Destiny","Spear Of Destiny","Prisoner Of Love",https://www.discogs.com/release/1218896,1984,"7"" - Playlist - 05 [...P-S...]"
Specials,"Special AKA","Nelson Mandela / Break Down The Door!",https://www.discogs.com/release/12098919,1984,"7"" - Playlist - 05 [...P-S...]"
Specials,Specials,"Ghost Town",https://www.discogs.com/release/1218632,1981,"7"" - Playlist - 05 [...P-S...]"
Specials,"Specials Featuring Rico Rodriguez","Too Much Too Young",https://www.discogs.com/release/1491852,1980,"7"" - Playlist - 05 [...P-S...]"
Specials,"Specials Vs. The Selecter","Gangsters / The Selecter",https://www.discogs.com/release/2635223,1979,"7"" - Playlist - 05 [...P-S...]"
"Specials Featuring Rico Rodriguez","Specials Featuring Rico Rodriguez","A Message To You Rudy",https://www.discogs.com/release/7125730,1979,Uncategorized
"Spelt Like This","Spelt Like This","Contract Of The Heart",https://www.discogs.com/release/1936880,1985,"7"" - Archive 06 - [...P-T...]"
"Spencer Davis Group","Spencer Davis Group","Spencer Davis Group",https://www.discogs.com/release/8179965,1978,"7"" - Retro - 03 [S-Z]"
"Spencer Davis Group","Spencer Davis Group","When I Come Home ",https://www.discogs.com/release/2737429,1966,"7"" - Retro - 03 [S-Z]"
Spinners,Spinners,"Body Language",https://www.discogs.com/release/1200323,1979,"7"" - Archive 06 - [...P-T...]"
Spinners,Spinners,"Could It Be I'm Falling In Love",https://www.discogs.com/release/3267798,1973,"7"" - Retro - 03 [S-Z]"
Spinners,Spinners,"Ghetto Child",https://www.discogs.com/release/14396460,1973,"7"" - Archive 06 - [...P-T...]"
Spinners,Spinners,"Medley: Cupid / I've Loved You For A Long Time",https://www.discogs.com/release/1897297,1980,"7"" - Archive 06 - [...P-T...]"
Spinners,Spinners,"Medley: Working My Way Back To You / Forgive Me, Girl",https://www.discogs.com/release/3229817,"","7"" - Archive 06 - [...P-T...]"
Spinners,Spinners,"One Of A Kind (Love Affair) / Don't Let The Green Grass Fool You",https://www.discogs.com/release/9648284,1973,"7"" - Archive 06 - [...P-T...]"
Spinners,Spinners,"The Rubberband Man",https://www.discogs.com/release/1595951,1976,"7"" - Retro - 03 [S-Z]"
Spinners,Spinners,"Wake Up Susan",https://www.discogs.com/release/1802129,1976,"7"" - Archive 06 - [...P-T...]"
Spinners,Spinners,"Working My Way Back To You",https://www.discogs.com/release/15504388,1979,"7"" - Retro - 03 [S-Z]"
Spinners,Spinners,"In My Liverpool Home",https://www.discogs.com/release/10726436,"","7"" - Archive 06 - [...P-T...]"
Spinners,Spinners,Malaika,https://www.discogs.com/release/10619263,1972,"7"" - Archive 06 - [...P-T...]"
"Spitting Image","Spitting Image","The Chicken Song",https://www.discogs.com/release/1802759,1986,"7"" - Novelty [#,A-Z]"
Spizzenergi,"Athletico Spizz 80","Central Park",https://www.discogs.com/release/1347948,1980,"7"" - Playlist - 05 [...P-S...]"
Spizzenergi,"Athletico Spizz 80","Hot Deserts",https://www.discogs.com/release/856719,1980,"7"" - Playlist - 05 [...P-S...]"
Spizzenergi,"Athletico Spizz 80","No Room",https://www.discogs.com/release/14138941,1980,"7"" - Playlist - 05 [...P-S...]"
Spizzenergi,Spizzenergi,"Soldier Soldier",https://www.discogs.com/release/3476571,1979,"7"" - Playlist - 05 [...P-S...]"
Spizzenergi,Spizzenergi,"Where's Captain Kirk?",https://www.discogs.com/release/3476600,1979,"7"" - Playlist - 05 [...P-S...]"
Spizzenergi,Spizzoil,"6000 Crazy",https://www.discogs.com/release/608220,1978,"7"" - Playlist - 05 [...P-S...]"
Spizzenergi,Spizzoil,"Cold City : 4",https://www.discogs.com/release/10778335,1979,"7"" - Playlist - 05 [...P-S...]"
Spizzenergi,Spizzles,"Dangers Of Living",https://www.discogs.com/release/1347957,1981,"7"" - Playlist - 05 [...P-S...]"
Spizzenergi,Spizzles,Risk!,https://www.discogs.com/release/1347951,1981,"7"" - Playlist - 05 [...P-S...]"
Splinter,Splinter,"Costafine Town",https://www.discogs.com/release/1296975,1974,"7"" - Archive 06 - [...P-T...]"
"Split Enz","Split Enz","History Never Repeats",https://www.discogs.com/release/11489824,1981,"7"" - Archive 06 - [...P-T...]"
"Split Enz","Split Enz","I Got You",https://www.discogs.com/release/11580420,1980,"7"" - Archive 06 - [...P-T...]"
Splitt,Splitt,"All I Ever Wanted",https://www.discogs.com/release/13484763,1986,"7"" - Archive 06 - [...P-T...]"
Splodgenessabounds,Splodgenessabounds,"Simon Templer",https://www.discogs.com/release/464654,1980,"7"" - Playlist - 05 [...P-S...]"
Splodgenessabounds,Splodgenessabounds,"Two Little Boys",https://www.discogs.com/release/845134,1980,"7"" - Playlist - 05 [...P-S...]"
Spotnicks,Spotnicks,Anna,https://www.discogs.com/release/2461353,1963,"7"" - Archive 06 - [...P-T...]"
Spotnicks,Spotnicks,"Hava Nagila",https://www.discogs.com/release/1620906,1963,"7"" - Archive 06 - [...P-T...]"
Spotnicks,Spotnicks,"Just Listen To My Heart",https://www.discogs.com/release/2461341,1963,"7"" - Archive 06 - [...P-T...]"
Spotnicks,Spotnicks,"On The Air",https://www.discogs.com/release/2462477,1963,"7"" - Retro - 03 [S-Z]"
Springfields,Springfields,Bambino,https://www.discogs.com/release/12378079,1961,"7"" - Archive 06 - [...P-T...]"
Springfields,Springfields,Breakaway,https://www.discogs.com/release/6444471,1961,"7"" - Archive 06 - [...P-T...]"
Springfields,Springfields,"Island Of Dreams",https://www.discogs.com/release/6636319,1962,"7"" - Archive 06 - [...P-T...]"
Springwater,Springwater,"I Will Return",https://www.discogs.com/release/15361875,1971,"7"" - Archive 06 - [...P-T...]"
Sprints,Sprints,"Literary Mind",https://www.discogs.com/release/27032004,2023,"7"" - Playlist - 05 [...P-S...]"
"Spyro Gyra","Spyro Gyra","Morning Dance",https://www.discogs.com/release/16142652,1979,"7"" - Retro - 03 [S-Z]"
Squeeze,Squeeze,"Another Nail In My Heart",https://www.discogs.com/release/1574789,1980,"7"" - Playlist - 05 [...P-S...]"
Squeeze,Squeeze,"Bang Bang",https://www.discogs.com/release/570005,1978,"7"" - Playlist - 05 [...P-S...]"
Squeeze,Squeeze,"Cool For Cats",https://www.discogs.com/release/9046540,1979,"7"" - Playlist - 05 [...P-S...]"
Squeeze,Squeeze,"Goodbye Girl",https://www.discogs.com/release/2672524,1978,"7"" - Playlist - 05 [...P-S...]"
Squeeze,Squeeze,Hourglass,https://www.discogs.com/release/537491,1987,"7"" - Playlist - 05 [...P-S...]"
Squeeze,Squeeze,"Is That Love",https://www.discogs.com/release/10306104,1981,"7"" - Playlist - 05 [...P-S...]"
Squeeze,Squeeze,"Labelled With Love",https://www.discogs.com/release/1141024,1981,"7"" - Playlist - 05 [...P-S...]"
Squeeze,Squeeze,"Last Time Forever",https://www.discogs.com/release/1521665,1985,"7"" - Playlist - 05 [...P-S...]"
Squeeze,Squeeze,"Pulling Mussels (From The Shell)",https://www.discogs.com/release/13719831,1980,"7"" - Playlist - 05 [...P-S...]"
Squeeze,Squeeze,"Slap & Tickle",https://www.discogs.com/release/6577787,1979,"7"" - Playlist - 05 [...P-S...]"
Squeeze,Squeeze,"Take Me, I'm Yours",https://www.discogs.com/release/5164499,1978,"7"" - Playlist - 05 [...P-S...]"
Squeeze,Squeeze,Tempted,https://www.discogs.com/release/1614440,1981,"7"" - Playlist - 05 [...P-S...]"
Squeeze,Squeeze,"Up The Junction",https://www.discogs.com/release/9427170,1979,"7"" - Playlist - 05 [...P-S...]"
"St. Andrews Chorale","St. Andrews Chorale","Cloud 99 (Soleado)",https://www.discogs.com/release/2533913,1976,"7"" - Archive 06 - [...P-T...]"
"St. Winifred's School Choir","St. Winifred's School Choir","There's No One Quite Like Grandma",https://www.discogs.com/release/1562060,1980,"7"" - Archive 06 - [...P-T...]"
"Stacy Lattisaw","Stacy Lattisaw","Baby I Love You",https://www.discogs.com/release/3597143,1981,"7"" - Archive 06 - [...P-T...]"
"Stacy Lattisaw","Stacy Lattisaw","Jump To The Beat",https://www.discogs.com/release/263327,1980,"7"" - Playlist - 05 [...P-S...]"
"Stacy Lattisaw","Stacy Lattisaw",Miracles,https://www.discogs.com/release/1952854,1983,"7"" - Archive 06 - [...P-T...]"
"Stan Campbell","Stan Campbell","Years Go By",https://www.discogs.com/release/1644370,1987,"7"" - Archive 06 - [...P-T...]"
"Stan Holden with Bob Sharples And His Music","Stan Holden with Bob Sharples And His Music","Great Big Pickled Gherkin ",https://www.discogs.com/release/1470635,1978,"7"" - Novelty [#,A-Z]"
"Stan Holdsworth Sound","Stan Holdsworth Sound","Rumba / Tango",https://www.discogs.com/release/14320144,"","7"" - Archive 06 - [...P-T...]"
Starbuck,Starbuck,"Moonlight Feels Right",https://www.discogs.com/release/4923445,1976,"7"" - Archive 06 - [...P-T...]"
Stardust,Stardust,Ariana,https://www.discogs.com/release/7729820,1977,"7"" - Archive 06 - [...P-T...]"
Stargard,Stargard,"Theme Song From ""Which Way Is Up""",https://www.discogs.com/release/1881505,1977,"7"" - Archive 06 - [...P-T...]"
Stargard,Stargard,"What You Waitin' For",https://www.discogs.com/release/1526436,1978,"7"" - Archive 06 - [...P-T...]"
Starjets,Starjets,Shiraleo,https://www.discogs.com/release/2763503,1980,"7"" - Archive 06 - [...P-T...]"
"Starland Vocal Band","Starland Vocal Band","Afternoon Delight",https://www.discogs.com/release/1980440,1976,"7"" - Retro - 03 [S-Z]"
"Stars On 45","Stars On 45","Stars On 45",https://www.discogs.com/release/433173,1981,"7"" - Archive 06 - [...P-T...]"
"Stars On 45","Stars On 45","Stars On 45 (3)",https://www.discogs.com/release/1369130,1981,"7"" - Archive 06 - [...P-T...]"
"Starship / Jefferson Starship","Jefferson Starship","Jane / Freedom At Point Zero",https://www.discogs.com/release/10486419,1979,"7"" - Playlist - 05 [...P-S...]"
"Starship / Jefferson Starship",Starship,"Nothing's Gonna Stop Us Now",https://www.discogs.com/release/339877,1987,"7"" - Playlist - 05 [...P-S...]"
"Starship / Jefferson Starship",Starship,"We Built This City",https://www.discogs.com/release/1482373,1985,"7"" - Playlist - 05 [...P-S...]"
"Status Quo","Status Quo","Accident Prone",https://www.discogs.com/release/1644368,1978,"7"" - Archive 06 - [...P-T...]"
"Status Quo","Status Quo","Again And Again",https://www.discogs.com/release/6249363,1978,"7"" - Playlist - 06 [...S-Z]"
"Status Quo","Status Quo","Break The Rules",https://www.discogs.com/release/887918,1974,"7"" - Archive 06 - [...P-T...]"
"Status Quo","Status Quo","Burning Bridges (On And Off And On Again)",https://www.discogs.com/release/2204335,1988,"7"" - Archive 06 - [...P-T...]"
"Status Quo","Status Quo","Can't Give You More (Eau Eau Eau Eau)",https://www.discogs.com/release/9190860,1991,"7"" - Archive 06 - [...P-T...]"
"Status Quo","Status Quo",Caroline,https://www.discogs.com/release/563534,1973,"7"" - Retro - 03 [S-Z]"
"Status Quo","Status Quo","Dear John",https://www.discogs.com/release/1338253,1982,"7"" - Archive 06 - [...P-T...]"
"Status Quo","Status Quo","Down Down",https://www.discogs.com/release/1260467,1974,"7"" - Retro - 03 [S-Z]"
"Status Quo","Status Quo","Down The Dustpipe",https://www.discogs.com/release/11242798,1973,"7"" - Archive 06 - [...P-T...]"
"Status Quo","Status Quo","Going Down Town Tonight (New Version)",https://www.discogs.com/release/431463,1984,"7"" - Archive 06 - [...P-T...]"
"Status Quo","Status Quo","In The Army Now",https://www.discogs.com/release/9259568,1986,"7"" - Playlist - 06 [...S-Z]"
"Status Quo","Status Quo","Lies / Don't Drive My Car",https://www.discogs.com/release/3229885,1980,"7"" - Archive 06 - [...P-T...]"
"Status Quo","Status Quo",Live!,https://www.discogs.com/release/970403,1975,"7"" - Archive 06 - [...P-T...]"
"Status Quo","Status Quo","Living On An Island",https://www.discogs.com/release/1574980,1979,"7"" - Archive 06 - [...P-T...]"
"Status Quo","Status Quo","Marguerita Time",https://www.discogs.com/release/389878,1983,"7"" - Playlist - 06 [...S-Z]"
"Status Quo","Status Quo","Mean Girl",https://www.discogs.com/release/4046532,1973,"7"" - Archive 06 - [...P-T...]"
"Status Quo","Status Quo","Mystery Song",https://www.discogs.com/release/1459173,1976,"7"" - Archive 06 - [...P-T...]"
"Status Quo","Status Quo","Ol' Rag Blues",https://www.discogs.com/release/1338256,1983,"7"" - Archive 06 - [...P-T...]"
"Status Quo","Status Quo","Paper Plane",https://www.discogs.com/release/1476548,1972,"7"" - Archive 06 - [...P-T...]"
"Status Quo","Status Quo","Pictures Of Matchstick Men",https://www.discogs.com/release/11057740,1968,"7"" - Retro - 03 [S-Z]"
"Status Quo","Status Quo","Rock N' Roll",https://www.discogs.com/release/1183429,1981,"7"" - Archive 06 - [...P-T...]"
"Status Quo","Status Quo","Rockin' All Over The World",https://www.discogs.com/release/6870460,1977,"7"" - Playlist - 06 [...S-Z]"
"Status Quo","Status Quo","Something 'Bout You Baby I Like",https://www.discogs.com/release/2809140,1981,"7"" - Archive 06 - [...P-T...]"
"Status Quo","Status Quo","The Anniversary Waltz",https://www.discogs.com/release/1209455,1990,"7"" - Archive 06 - [...P-T...]"
"Status Quo","Status Quo","The Wanderer",https://www.discogs.com/release/1338247,1984,"7"" - Playlist - 06 [...S-Z]"
"Status Quo","Status Quo","What You're Proposing",https://www.discogs.com/release/8547924,1980,"7"" - Playlist - 06 [...S-Z]"
"Status Quo","Status Quo","Whatever You Want",https://www.discogs.com/release/4001532,1979,"7"" - Playlist - 06 [...S-Z]"
"Status Quo","Status Quo","Wild Side Of Life",https://www.discogs.com/release/10192977,1976,"7"" - Archive 06 - [...P-T...]"
"Stavely Makepeace","Stavely Makepeace","Edna (Let Me Sing My Beautiful Song)",https://www.discogs.com/release/5622493,1972,"7"" - Archive 06 - [...P-T...]"
"Stealers Wheel","Stealers Wheel",Star,https://www.discogs.com/release/1644518,1973,"7"" - Retro - 03 [S-Z]"
"Stealers Wheel","Stealers Wheel","Stuck In The Middle",https://www.discogs.com/release/475113,1973,"7"" - Retro - 03 [S-Z]"
"Steeleye Span","Steeleye Span","All Around My Hat",https://www.discogs.com/release/9187890,1975,"7"" - Retro - 03 [S-Z]"
"Steeleye Span","Steeleye Span","Fighting For Strangers",https://www.discogs.com/release/6211559,1976,"7"" - Archive 06 - [...P-T...]"
"Steeleye Span","Steeleye Span",Gaudete,https://www.discogs.com/release/6102096,"","7"" - Retro - 03 [S-Z]"
"Steely Dan","Steely Dan","Do It Again",https://www.discogs.com/release/3228622,1973,"7"" - Retro - 03 [S-Z]"
"Steely Dan","Steely Dan","FM (No Static At All)",https://www.discogs.com/release/7015061,1978,"7"" - Playlist - 06 [...S-Z]"
"Steely Dan","Steely Dan","Rikki Don't Lose That Number",https://www.discogs.com/release/3485638,1979,"7"" - Playlist - 06 [...S-Z]"
"Steinski & Mass Media","Steinski & Mass Media","We'll Be Right Back",https://www.discogs.com/release/5648101,"","7"" - Playlist - 06 [...S-Z]"
"Stephanie De-Sykes","Stephanie De-Sykes","We'll Find Our Day",https://www.discogs.com/release/6618268,1975,"7"" - Archive 06 - [...P-T...]"
"Stephanie De-Sykes With Rain","Stephanie De-Sykes With Rain","Born With A Smile On My Face",https://www.discogs.com/release/1898931,1974,"7"" - Retro - 03 [S-Z]"
"Stephanie Mills","Stephanie Mills","Never Knew Love Like This Before",https://www.discogs.com/release/5538054,1980,"7"" - Retro - 03 [S-Z]"
"Stephanie Mills Featuring Teddy Pendergrass","Stephanie Mills Featuring Teddy Pendergrass","Two Hearts / I Just Wanna Say",https://www.discogs.com/release/2043228,1981,"7"" - Archive 06 - [...P-T...]"
"Stephen Duffy","Stephen Duffy","Kiss Me",https://www.discogs.com/release/170337,1985,"7"" - Playlist - 06 [...S-Z]"
"Stephen Fretwell","Stephen Fretwell",Run,https://www.discogs.com/release/1419652,2005,"7"" - Playlist - 06 [...S-Z]"
Steppenwolf,Steppenwolf,"Born To Be Wild / Magic Carpet Ride",https://www.discogs.com/release/1749968,1973,"7"" - Retro - 03 [S-Z]"
Steppenwolf,Steppenwolf,"Screaming Night Hog / Spiritual Fantasy",https://www.discogs.com/release/2174213,1970,"7"" - Archive 06 - [...P-T...]"
Stereophonics,Stereophonics,"Handbags And Gladrags",https://www.discogs.com/release/2021971,2001,"7"" - Playlist - 06 [...S-Z]"
"Steve ""Silk"" Hurley","Steve ""Silk"" Hurley","Jack Your Body",https://www.discogs.com/release/169216,1987,"7"" - Playlist - 06 [...S-Z]"
"Steve & Eydie","Steve & Eydie","I Want To Stay Here",https://www.discogs.com/release/2029501,1963,"7"" - Archive 06 - [...P-T...]"
"Steve Arrington","Steve Arrington","Feel So Real",https://www.discogs.com/release/1934930,1985,"7"" - Playlist - 06 [...S-Z]"
"Steve Colyer","Steve Colyer","Hey, Mary ",https://www.discogs.com/release/9016655,1975,"7"" - Archive 06 - [...P-T...]"
"Steve Dahl & Teenage Radiation","Steve Dahl & Teenage Radiation",Ayatollah,https://www.discogs.com/release/19025236,1980,"7"" - Novelty [#,A-Z]"
"Steve Gibbons Band","Steve Gibbons Band",Tulane,https://www.discogs.com/release/1319090,1977,"7"" - Retro - 03 [S-Z]"
"Steve Harley","Steve Harley","Freedom's Prisoner",https://www.discogs.com/release/2095398,1979,"7"" - Archive 06 - [...P-T...]"
"Steve Harley & Cockney Rebel","Steve Harley & Cockney Rebel","(I Believe) Love's A Prima Donna",https://www.discogs.com/release/6768804,1976,"7"" - Archive 06 - [...P-T...]"
"Steve Harley & Cockney Rebel","Steve Harley & Cockney Rebel","Make Me Smile (Come Up And See Me)",https://www.discogs.com/release/491370,1975,"7"" - Retro - 03 [S-Z]"
"Steve Harley & Cockney Rebel","Steve Harley & Cockney Rebel","Mr. Raffles (Man, It Was Mean)",https://www.discogs.com/release/1770324,1975,"7"" - Archive 06 - [...P-T...]"
"Steve Miller Band","Steve Miller Band",Abracadabra,https://www.discogs.com/release/8427350,1982,"7"" - Playlist - 06 [...S-Z]"
"Steve Miller Band","Steve Miller Band","Fly Like An Eagle",https://www.discogs.com/release/26728529,1976,"7"" - Archive 06 - [...P-T...]"
"Steve Miller Band","Steve Miller Band","I Want To Make The World Turn Around / Slinky",https://www.discogs.com/release/5165753,1986,"7"" - Archive 06 - [...P-T...]"
"Steve Miller Band","Steve Miller Band","Jungle Love",https://www.discogs.com/release/12168431,1977,"7"" - Archive 06 - [...P-T...]"
"Steve Miller Band","Steve Miller Band","Rock 'N' Me",https://www.discogs.com/release/557481,1976,"7"" - Playlist - 06 [...S-Z]"
"Steve Miller Band","Steve Miller Band",Shangri-La,https://www.discogs.com/release/12915001,1984,"7"" - Archive 06 - [...P-T...]"
"Steve Miller Band","Steve Miller Band","The Joker",https://www.discogs.com/release/11717991,1973,"7"" - Playlist - 06 [...S-Z]"
"Steve Stannard And His Group","Steve Stannard And His Group","(Ghost) Riders In The Sky / Ja-Da",https://www.discogs.com/release/3934595,1961,"7"" - Archive 06 - [...P-T...]"
"Steve Winwood","Steve Winwood","Higher Love",https://www.discogs.com/release/26143790,1986,"7"" - Playlist - 06 [...S-Z]"
"Steve Winwood","Steve Winwood",Valerie,https://www.discogs.com/release/2458639,1982,"7"" - Playlist - 06 [...S-Z]"
"Stevie B","Stevie B","Because I Love You (The Postman Song)",https://www.discogs.com/release/1812479,1991,"7"" - Archive 06 - [...P-T...]"
"Stevie Nicks","Stevie Nicks","Rooms On Fire",https://www.discogs.com/release/963416,1989,"7"" - Playlist - 06 [...S-Z]"
"Stevie Wonder","Stevie Wonder","Another Star",https://www.discogs.com/release/798696,1977,"7"" - Archive 06 - [...P-T...]"
"Stevie Wonder","Stevie Wonder","Don't Know Why I Love You",https://www.discogs.com/release/484542,1969,"7"" - Archive 06 - [...P-T...]"
"Stevie Wonder","Stevie Wonder","Happy Birthday",https://www.discogs.com/release/1402429,1980,"7"" - Playlist - 06 [...S-Z]"
"Stevie Wonder","Stevie Wonder","Higher Ground / Too High",https://www.discogs.com/release/5321956,1973,"7"" - Retro - 03 [S-Z]"
"Stevie Wonder","Stevie Wonder","I Ain't Gonna Stand For It",https://www.discogs.com/release/16005947,1980,"7"" - Archive 06 - [...P-T...]"
"Stevie Wonder","Stevie Wonder","I Just Called To Say I Love You",https://www.discogs.com/release/15062813,1984,"7"" - Playlist - 06 [...S-Z]"
"Stevie Wonder","Stevie Wonder","I Was Made To Love Her / Never Had A Dream Come True",https://www.discogs.com/release/15068689,1980,"7"" - Archive 06 - [...P-T...]"
"Stevie Wonder","Stevie Wonder","I Wish",https://www.discogs.com/release/690699,1976,"7"" - Retro - 03 [S-Z]"
"Stevie Wonder","Stevie Wonder",Lately,https://www.discogs.com/release/14899992,"","7"" - Playlist - 06 [...S-Z]"
"Stevie Wonder","Stevie Wonder","Living For The City",https://www.discogs.com/release/749057,1973,"7"" - Retro - 03 [S-Z]"
"Stevie Wonder","Stevie Wonder","Master Blaster",https://www.discogs.com/release/9769058,1980,"7"" - Playlist - 06 [...S-Z]"
"Stevie Wonder","Stevie Wonder","Never Had A Dream Come True",https://www.discogs.com/release/592941,1970,"7"" - Archive 06 - [...P-T...]"
"Stevie Wonder","Stevie Wonder",Overjoyed,https://www.discogs.com/release/730009,1985,"7"" - Archive 06 - [...P-T...]"
"Stevie Wonder","Stevie Wonder","Part-Time Lover",https://www.discogs.com/release/299310,1985,"7"" - Playlist - 06 [...S-Z]"
"Stevie Wonder","Stevie Wonder","Send One Your Love",https://www.discogs.com/release/1999377,1979,"7"" - Archive 06 - [...P-T...]"
"Stevie Wonder","Stevie Wonder","Sir Duke",https://www.discogs.com/release/1831432,1977,"7"" - Playlist - 06 [...S-Z]"
"Stevie Wonder","Stevie Wonder","Songs In The Key Of Life ",https://www.discogs.com/release/13338744,1976,"7"" - Archive 06 - [...P-T...]"
"Stevie Wonder","Stevie Wonder",Superstition,https://www.discogs.com/release/5421466,1973,"7"" - Retro - 03 [S-Z]"
"Stevie Wonder","Stevie Wonder","Yester-Me, Yester-You, Yesterday / Uptight (Everything's Alright)",https://www.discogs.com/release/1865059,1976,"7"" - Playlist - 06 [...S-Z]"
"Stevie Wonder","Stevie Wonder","You Are The Sunshine Of My Life",https://www.discogs.com/release/13361162,1973,"7"" - Retro - 03 [S-Z]"
"Stevie Wonder","Stevie Wonder","You Haven't Done Nothin'",https://www.discogs.com/release/731357,1974,"7"" - Archive 06 - [...P-T...]"
"Stiff Little Fingers","Stiff Little Fingers","Alternative Ulster",https://www.discogs.com/release/710087,1978,"7"" - Playlist - 06 [...S-Z]"
"Stiff Little Fingers","Stiff Little Fingers","At The Edge",https://www.discogs.com/release/550375,1980,"7"" - Playlist - 06 [...S-Z]"
"Stiff Little Fingers","Stiff Little Fingers","Back To Front / Mr Fire Coal-Man",https://www.discogs.com/release/30417593,1980,"7"" - Playlist - 06 [...S-Z]"
"Stiff Little Fingers","Stiff Little Fingers","Bits Of Kids",https://www.discogs.com/release/1780053,1982,"7"" - Playlist - 06 [...S-Z]"
"Stiff Little Fingers","Stiff Little Fingers",Listen,https://www.discogs.com/release/868657,1982,"7"" - Playlist - 06 [...S-Z]"
"Stiff Little Fingers","Stiff Little Fingers","Nobody's Hero / Tin Soldiers",https://www.discogs.com/release/913771,1980,Uncategorized
"Stiff Little Fingers","Stiff Little Fingers","Straw Dogs",https://www.discogs.com/release/11959974,1979,"7"" - Playlist - 06 [...S-Z]"
"Stills-Young Band","Stills-Young Band","Long May You Run",https://www.discogs.com/release/3933069,1976,"7"" - Archive 06 - [...P-T...]"
Sting,Sting,"Englishman In New York",https://www.discogs.com/release/1808252,1988,"7"" - Playlist - 06 [...S-Z]"
Sting,Sting,"Fields Of Gold",https://www.discogs.com/release/3940453,1993,"7"" - Playlist - 06 [...S-Z]"
Sting,Sting,"If You Love Somebody Set Them Free",https://www.discogs.com/release/1070930,1985,"7"" - Playlist - 06 [...S-Z]"
Sting,Sting,"Moon Over Bourbon Street",https://www.discogs.com/release/2891614,1986,"7"" - Playlist - 06 [...S-Z]"
Sting,Sting,Russians,https://www.discogs.com/release/707220,1985,"7"" - Playlist - 06 [...S-Z]"
Sting,Sting,"Spread A Little Happiness",https://www.discogs.com/release/1073351,1982,"7"" - Playlist - 06 [...S-Z]"
"Stock, Aitken & Waterman","Stock, Aitken & Waterman","Packjammed (With The Party Posse)",https://www.discogs.com/release/8786285,1987,"7"" - Archive 06 - [...P-T...]"
"Stock, Aitken & Waterman","Stock, Aitken & Waterman",Roadblock,https://www.discogs.com/release/1056144,1987,"7"" - Archive 06 - [...P-T...]"
"Stone Roses","Stone Roses","She Bangs The Drums",https://www.discogs.com/release/787842,1989,"7"" - Playlist - 06 [...S-Z]"
"Stone Roses","Stone Roses","What The World Is Waiting For / Fools Gold",https://www.discogs.com/release/3540994,1989,"7"" - Playlist - 06 [...S-Z]"
Stranglers,Stranglers,"5 Minutes",https://www.discogs.com/release/7436759,1978,"7"" - Playlist - 06 [...S-Z]"
Stranglers,Stranglers,"All Day And All Of The Night",https://www.discogs.com/release/407215,1987,"7"" - Playlist - 06 [...S-Z]"
Stranglers,Stranglers,Duchess,https://www.discogs.com/release/24454766,"","7"" - Playlist - 06 [...S-Z]"
Stranglers,Stranglers,"European Female",https://www.discogs.com/release/1221897,1982,"7"" - Playlist - 06 [...S-Z]"
Stranglers,Stranglers,"Golden Brown",https://www.discogs.com/release/384847,1982,"7"" - Playlist - 06 [...S-Z]"
Stranglers,Stranglers,"Nice 'N' Sleazy",https://www.discogs.com/release/7739936,1978,"7"" - Playlist - 06 [...S-Z]"
Stranglers,Stranglers,"No More Heroes",https://www.discogs.com/release/1173448,1977,"7"" - Playlist - 06 [...S-Z]"
Stranglers,Stranglers,"Peaches / Go Buddy Go",https://www.discogs.com/release/4511392,1977,"7"" - Playlist - 06 [...S-Z]"
Stranglers,Stranglers,"Shakin' Like A Leaf",https://www.discogs.com/release/1405196,1987,"7"" - Playlist - 06 [...S-Z]"
Stranglers,Stranglers,"Skin Deep",https://www.discogs.com/release/3786661,1984,"7"" - Playlist - 06 [...S-Z]"
Stranglers,Stranglers,"Something Better Change / Straighten Out",https://www.discogs.com/release/11885081,1977,"7"" - Playlist - 06 [...S-Z]"
Stranglers,Stranglers,"Strange Little Girl",https://www.discogs.com/release/2463233,1982,"7"" - Playlist - 06 [...S-Z]"
Stranglers,Stranglers,"Walk On By / Old Codger / Tank",https://www.discogs.com/release/535236,1978,"7"" - Playlist - 06 [...S-Z]"
"Strawberry Switchblade","Strawberry Switchblade","Since Yesterday",https://www.discogs.com/release/11913935,1984,"7"" - Playlist - 06 [...S-Z]"
Strawbs,Strawbs,"Lay Down",https://www.discogs.com/release/7736407,1972,"7"" - Archive 06 - [...P-T...]"
Strawbs,Strawbs,"Part Of The Union ",https://www.discogs.com/release/10839243,1973,"7"" - Retro - 03 [S-Z]"
"Stray Cats","Stray Cats","Rock This Town",https://www.discogs.com/release/5046681,1981,"7"" - Playlist - 06 [...S-Z]"
"Stray Cats","Stray Cats","Runaway Boys",https://www.discogs.com/release/1254674,1980,"7"" - Playlist - 06 [...S-Z]"
"Stray Cats","Stray Cats","Stray Cat Strut",https://www.discogs.com/release/3288403,1981,"7"" - Playlist - 06 [...S-Z]"
Streetband,Streetband,"One Good Reason",https://www.discogs.com/release/3772853,1979,"7"" - Archive 06 - [...P-T...]"
Streetband,Streetband,"One More Step",https://www.discogs.com/release/721768,1979,"7"" - Archive 06 - [...P-T...]"
Streetband,Streetband,Toast,https://www.discogs.com/release/5469279,1978,"7"" - Novelty [#,A-Z]"
Stretch,Stretch,"Why Did You Do It",https://www.discogs.com/release/568435,1975,"7"" - Archive 06 - [...P-T...]"
String-A-Longs,String-A-Longs,Wheels,https://www.discogs.com/release/14017622,1961,"7"" - Archive 06 - [...P-T...]"
Stringband,Stringband,"Remember The Titanic",https://www.discogs.com/release/12356159,1980,"7"" - Archive 06 - [...P-T...]"
"Stu Nunnery","Stu Nunnery","Sally From Syracuse",https://www.discogs.com/release/9718484,1973,"7"" - Archive 06 - [...P-T...]"
"Stu Stevens","Stu Stevens","Cowboy In Paris (Chacun Fait...) / Crazy Lovin'",https://www.discogs.com/release/5903295,1982,"7"" - Archive 06 - [...P-T...]"
"Stuart Gillies","Stuart Gillies",Amanda,https://www.discogs.com/release/4006899,1973,"7"" - Archive 06 - [...P-T...]"
"Stuart Gillies","Stuart Gillies","For My Love",https://www.discogs.com/release/2144430,1972,"7"" - Archive 06 - [...P-T...]"
"Studio's Tour Orchestra","Studio's Tour Orchestra","Coronation Street Theme Music",https://www.discogs.com/release/8246288,1988,"7"" - Archive 06 - [...P-T...]"
"Stutz Bear Cats","Stutz Bear Cats","The Song That I Sing",https://www.discogs.com/release/2367459,1982,"7"" - Archive 06 - [...P-T...]"
"Style Council","Style Council","A Solid Bond In Your Heart",https://www.discogs.com/release/7023577,1983,"7"" - Playlist - 06 [...S-Z]"
"Style Council","Style Council","Come To Milton Keynes",https://www.discogs.com/release/831734,1985,"7"" - Playlist - 06 [...S-Z]"
"Style Council","Style Council","Groovin'",https://www.discogs.com/release/4495971,1984,"7"" - Playlist - 06 [...S-Z]"
"Style Council","Style Council","Have You Ever Had It Blue",https://www.discogs.com/release/16177187,1986,"7"" - Playlist - 06 [...S-Z]"
"Style Council","Style Council","It Didn't Matter",https://www.discogs.com/release/1412609,1987,"7"" - Playlist - 06 [...S-Z]"
"Style Council","Style Council",Money-Go-Round,https://www.discogs.com/release/13150444,1983,Uncategorized
"Style Council","Style Council","My Ever Changing Moods",https://www.discogs.com/release/1412628,1984,"7"" - Playlist - 06 [...S-Z]"
"Style Council","Style Council","Shout To The Top",https://www.discogs.com/release/1346752,1984,"7"" - Playlist - 06 [...S-Z]"
"Style Council","Style Council","Speak Like A Child",https://www.discogs.com/release/1255813,1983,"7"" - Playlist - 06 [...S-Z]"
"Style Council","Style Council","Walls Come Tumbling Down!",https://www.discogs.com/release/1412614,1985,"7"" - Playlist - 06 [...S-Z]"
"Style Council","Style Council","Wanted Or Waiter, There's Some Soup In My Flies",https://www.discogs.com/release/2221630,1987,"7"" - Playlist - 06 [...S-Z]"
"Style Council","Style Council","À Paris",https://www.discogs.com/release/575135,1983,"7"" - Playlist - 06 [...S-Z]"
Stylistics,Stylistics,"$7000 And You",https://www.discogs.com/release/10160195,1977,"7"" - Archive 06 - [...P-T...]"
Stylistics,Stylistics,"Can't Give You Anything (But My Love)",https://www.discogs.com/release/2461941,1975,"7"" - Retro - 03 [S-Z]"
Stylistics,Stylistics,"Can't Help Falling In Love",https://www.discogs.com/release/1466534,1976,"7"" - Retro - 03 [S-Z]"
Stylistics,Stylistics,"Funky Weekend",https://www.discogs.com/release/691257,1976,"7"" - Archive 06 - [...P-T...]"
Stylistics,Stylistics,"I'm Stone In Love With You",https://www.discogs.com/release/1806484,1972,"7"" - Retro - 03 [S-Z]"
Stylistics,Stylistics,"Let's Put It All Together",https://www.discogs.com/release/563586,1974,"7"" - Archive 06 - [...P-T...]"
Stylistics,Stylistics,"Na-na Is The Saddest Word",https://www.discogs.com/release/1830789,1975,"7"" - Archive 06 - [...P-T...]"
Stylistics,Stylistics,"Only For The Children / You Make Me Feel Brand New",https://www.discogs.com/release/2733050,1973,"7"" - Archive 06 - [...P-T...]"
Stylistics,Stylistics,"Rockin' Roll Baby",https://www.discogs.com/release/1743813,1973,"7"" - Archive 06 - [...P-T...]"
Stylistics,Stylistics,"Sing Baby Sing",https://www.discogs.com/release/487236,1975,"7"" - Archive 06 - [...P-T...]"
Stylistics,Stylistics,"Sixteen Bars",https://www.discogs.com/release/1762863,1976,"7"" - Archive 06 - [...P-T...]"
Stylistics,Stylistics,"Star On A TV Show",https://www.discogs.com/release/563589,1975,"7"" - Archive 06 - [...P-T...]"
Stylistics,Stylistics,"You Make Me Feel Brand New",https://www.discogs.com/release/11449682,1974,"7"" - Retro - 03 [S-Z]"
Stylistics,Stylistics,"You'll Never Get To Heaven (If You Break My Heart)",https://www.discogs.com/release/16126293,1976,"7"" - Archive 06 - [...P-T...]"
"Stylistics Featuring Russell Thompkins, Jr.","Stylistics Featuring Russell Thompkins, Jr.","Betcha By Golly, Wow",https://www.discogs.com/release/978404,1972,"7"" - Retro - 03 [S-Z]"
Styx,Styx,"Babe / I'm O.K.",https://www.discogs.com/release/10517790,1979,"7"" - Retro - 03 [S-Z]"
Styx,Styx,"Boat On The River",https://www.discogs.com/release/3125343,1979,"7"" - Archive 06 - [...P-T...]"
"Su Pollard","Su Pollard","Starting Together",https://www.discogs.com/release/1570984,1986,"7"" - Archive 06 - [...P-T...]"
"Sub Sub Featuring Melanie Williams","Sub Sub Featuring Melanie Williams","Ain't No Love (Ain't No Use)",https://www.discogs.com/release/161013,1993,"7"" - Playlist - 06 [...S-Z]"
"Sue Wilkinson","Sue Wilkinson","You Gotta Be A Hustler If You Wanna Get On",https://www.discogs.com/release/16582953,1980,"7"" - Novelty [#,A-Z]"
"Sugar Minott / Desi Roots","Sugar Minott / Desi Roots","Good Thing Going (We've Got A Good Thing Going) / Hung Up",https://www.discogs.com/release/1253423,1981,"7"" - Playlist - 06 [...S-Z]"
Sugarcubes,Sugarcubes,Birthday,https://www.discogs.com/release/1104831,1987,"7"" - Playlist - 06 [...S-Z]"
Sugarcubes,Sugarcubes,Coldsweat,https://www.discogs.com/release/1183032,1988,"7"" - Playlist - 06 [...S-Z]"
Sugarcubes,Sugarcubes,Deus,https://www.discogs.com/release/781603,1988,"7"" - Playlist - 06 [...S-Z]"
"Sugarhill Gang","Sugarhill Gang","Rapper's Delight",https://www.discogs.com/release/9082691,1979,"7"" - Playlist - 06 [...S-Z]"
"Sunny Leslie","Sunny Leslie","Doctor's Orders",https://www.discogs.com/release/1747399,1974,"7"" - Archive 06 - [...P-T...]"
Supertramp,Supertramp,"Breakfast In America",https://www.discogs.com/release/4031939,1979,"7"" - Playlist - 06 [...S-Z]"
Supertramp,Supertramp,Dreamer,https://www.discogs.com/release/8247506,"","7"" - Playlist - 06 [...S-Z]"
Supertramp,Supertramp,"Give A Little Bit",https://www.discogs.com/release/834208,1977,"7"" - Playlist - 06 [...S-Z]"
Supertramp,Supertramp,Lady,https://www.discogs.com/release/8934161,1975,"7"" - Playlist - 06 [...S-Z]"
Supertramp,Supertramp,"The Logical Song",https://www.discogs.com/release/13099527,1979,"7"" - Playlist - 06 [...S-Z]"
Supremes,Supremes,"Floy Joy",https://www.discogs.com/release/1925503,1972,"7"" - Retro - 03 [S-Z]"
Supremes,Supremes,"Nathan Jones",https://www.discogs.com/release/5955815,1971,"7"" - Retro - 03 [S-Z]"
Supremes,Supremes,"Where Did Our Love Go",https://www.discogs.com/release/7203892,1974,"7"" - Retro - 03 [S-Z]"
"Supremes And The Temptations","Supremes And The Temptations","I'm Gonna Make You Love Me",https://www.discogs.com/release/6306211,1969,"7"" - Retro - 03 [S-Z]"
"Surfaris / The Chantays","Surfaris / The Chantays","Wipe Out / Pipeline",https://www.discogs.com/release/2892010,1985,"7"" - Playlist - 06 [...S-Z]"
Survivor,Survivor,"Burning Heart",https://www.discogs.com/release/1057598,1985,"7"" - Archive 06 - [...P-T...]"
Survivor,Survivor,"Eye Of The Tiger",https://www.discogs.com/release/2161525,1982,"7"" - Playlist - 06 [...S-Z]"
Survivor,Survivor,"The One That Really Matters",https://www.discogs.com/release/12446311,1982,"7"" - Archive 06 - [...P-T...]"
"Susan Cadogan","Susan Cadogan","Love Me Baby",https://www.discogs.com/release/1525986,1975,"7"" - Archive 06 - [...P-T...]"
"Susan Maughan With Wally Stott And His Orchestra And Chorus","Susan Maughan With Wally Stott And His Orchestra And Chorus","Bobby's Girl",https://www.discogs.com/release/1639518,1962,"7"" - Retro - 03 [S-Z]"
"Sutherland Brothers & Quiver","Sutherland Brothers & Quiver","Arms Of Mary",https://www.discogs.com/release/5589106,1976,"7"" - Retro - 03 [S-Z]"
"Sutherland Brothers & Quiver","Sutherland Brothers & Quiver",Secrets,https://www.discogs.com/release/2924012,1976,"7"" - Archive 06 - [...P-T...]"
"Suzanne Vega","Suzanne Vega",Luka,https://www.discogs.com/release/5036004,1987,"7"" - Playlist - 06 [...S-Z]"
"Suzanne Vega","Suzanne Vega","Marlene On The Wall",https://www.discogs.com/release/3843712,1985,"7"" - Playlist - 06 [...S-Z]"
"Suzi Quatro","Suzi Quatro","48 Crash",https://www.discogs.com/release/12235758,1973,"7"" - Retro - 03 [S-Z]"
"Suzi Quatro","Suzi Quatro","Can The Can",https://www.discogs.com/release/965712,1973,"7"" - Retro - 03 [S-Z]"
"Suzi Quatro","Suzi Quatro","Devil Gate Drive",https://www.discogs.com/release/766054,1974,"7"" - Retro - 03 [S-Z]"
"Suzi Quatro","Suzi Quatro","Heart Of Stone",https://www.discogs.com/release/1375351,1982,"7"" - Retro - 03 [S-Z]"
"Suzi Quatro","Suzi Quatro","If You Can't Give Me Love",https://www.discogs.com/release/6888950,1978,"7"" - Retro - 03 [S-Z]"
"Suzi Quatro","Suzi Quatro","Mama's Boy",https://www.discogs.com/release/771616,1980,Uncategorized
"Suzi Quatro","Suzi Quatro","She's In Love With You",https://www.discogs.com/release/6927600,1979,"7"" - Retro - 03 [S-Z]"
"Suzi Quatro","Suzi Quatro","The Race Is On",https://www.discogs.com/release/2072088,1978,"7"" - Retro - 03 [S-Z]"
"Suzi Quatro","Suzi Quatro","The Wild One",https://www.discogs.com/release/1679387,1974,"7"" - Retro - 03 [S-Z]"
"Suzi Quatro","Suzi Quatro","Too Big",https://www.discogs.com/release/968469,1974,"7"" - Retro - 03 [S-Z]"
Suzie,Suzie,Dance,https://www.discogs.com/release/5812037,1981,"7"" - Archive 06 - [...P-T...]"
"Swans Way","Swans Way","Soul Train",https://www.discogs.com/release/522146,1984,"7"" - Archive 06 - [...P-T...]"
Sweet,Sweet,Action,https://www.discogs.com/release/1184919,1975,"7"" - Retro - 03 [S-Z]"
Sweet,Sweet,"Blockbuster !",https://www.discogs.com/release/1530838,1973,"7"" - Retro - 03 [S-Z]"
Sweet,Sweet,Co-Co,https://www.discogs.com/release/4878374,1971,"7"" - Retro - 03 [S-Z]"
Sweet,Sweet,"Fox On The Run",https://www.discogs.com/release/4624743,1975,"7"" - Retro - 03 [S-Z]"
Sweet,Sweet,"Hell Raiser",https://www.discogs.com/release/10112449,1973,"7"" - Retro - 03 [S-Z]"
Sweet,Sweet,"Little Willy",https://www.discogs.com/release/1661733,1972,"7"" - Retro - 03 [S-Z]"
Sweet,Sweet,"Love Is Like Oxygen",https://www.discogs.com/release/982573,1978,"7"" - Retro - 03 [S-Z]"
Sweet,Sweet,"Poppa Joe",https://www.discogs.com/release/5967696,1972,"7"" - Retro - 03 [S-Z]"
Sweet,Sweet,"Teenage Rampage",https://www.discogs.com/release/5434611,1974,"7"" - Retro - 03 [S-Z]"
Sweet,Sweet,"The Ballroom Blitz ",https://www.discogs.com/release/8362529,1973,"7"" - Retro - 03 [S-Z]"
Sweet,Sweet,"The Six Teens",https://www.discogs.com/release/968791,1974,"7"" - Retro - 03 [S-Z]"
Sweet,Sweet,"Wig-Wam Bam",https://www.discogs.com/release/4224685,1972,"7"" - Retro - 03 [S-Z]"
"Sweet Dreams","Sweet Dreams","Honey Honey",https://www.discogs.com/release/1349420,1974,"7"" - Archive 06 - [...P-T...]"
"Sweet People","Sweet People","Et Les Oiseaux Chantaient (...En De Vogels Zongen)",https://www.discogs.com/release/1774140,1978,"7"" - Archive 06 - [...P-T...]"
"Sweet Sensation","Sweet Sensation","Purely By Coincidence",https://www.discogs.com/release/5277362,1975,"7"" - Retro - 03 [S-Z]"
"Sweet Substitute","Sweet Substitute","Top Hat, White Tie And Tails",https://www.discogs.com/release/13617759,1978,"7"" - Archive 06 - [...P-T...]"
Swim,Swim,"I Believe",https://www.discogs.com/release/4539125,1990,"7"" - Archive 06 - [...P-T...]"
"Swing Out Sister","Swing Out Sister",Breakout,https://www.discogs.com/release/1740107,1986,"7"" - Playlist - 06 [...S-Z]"
"Swing Out Sister","Swing Out Sister","Fooled By A Smile",https://www.discogs.com/release/1593184,1987,"7"" - Playlist - 06 [...S-Z]"
"Swing Out Sister","Swing Out Sister","Forever Blue",https://www.discogs.com/release/3572592,1989,"7"" - Playlist - 06 [...S-Z]"
"Swing Out Sister","Swing Out Sister",Surrender,https://www.discogs.com/release/758290,1987,"7"" - Playlist - 06 [...S-Z]"
"Swing Out Sister","Swing Out Sister","Twilight World",https://www.discogs.com/release/5195059,1987,"7"" - Playlist - 06 [...S-Z]"
"Swing Out Sister","Swing Out Sister","Where In The World",https://www.discogs.com/release/241207,1989,"7"" - Playlist - 06 [...S-Z]"
"Swing Out Sister","Swing Out Sister","You On My Mind",https://www.discogs.com/release/6908365,1989,"7"" - Playlist - 06 [...S-Z]"
"Swinging Blue Jeans","Swinging Blue Jeans","Hippy Hippy Shake",https://www.discogs.com/release/5443806,1983,"7"" - Retro - 03 [S-Z]"
Sybil,Sybil,"Don't Make Me Over",https://www.discogs.com/release/964632,1989,"7"" - Archive 06 - [...P-T...]"
Sybil,Sybil,"Falling In Love",https://www.discogs.com/release/964641,1986,"7"" - Archive 06 - [...P-T...]"
Sybil,Sybil,"Let Yourself Go (Club Mix)",https://www.discogs.com/release/717195,1987,"7"" - Archive 06 - [...P-T...]"
Sybil,Sybil,"Walk On By",https://www.discogs.com/release/1154538,1990,"7"" - Playlist - 06 [...S-Z]"
Sybil,Sybil,"When I'm Good And Ready",https://www.discogs.com/release/878720,1993,"7"" - Playlist - 06 [...S-Z]"
"Syd Lawrence And His Orchestra","Syd Lawrence And His Orchestra","White Christmas / Jingle Bells",https://www.discogs.com/release/22759178,1972,"7"" - Holiday [#,A-Z]"
"Sydney Youngblood","Sydney Youngblood",Anything,https://www.discogs.com/release/1261411,1993,"7"" - Archive 06 - [...P-T...]"
"Sydney Youngblood","Sydney Youngblood","If Only I Could",https://www.discogs.com/release/6645687,1989,"7"" - Playlist - 06 [...S-Z]"
Sylvester,Sylvester,"Dance (Disco Heat)",https://www.discogs.com/release/794077,1978,"7"" - Archive 06 - [...P-T...]"
Sylvester,Sylvester,"Over And Over / Tipsong",https://www.discogs.com/release/3709646,1977,"7"" - Archive 06 - [...P-T...]"
Sylvester,Sylvester,Stars,https://www.discogs.com/release/772917,1979,"7"" - Archive 06 - [...P-T...]"
Sylvester,Sylvester,"You Make Me Feel (Mighty Real)",https://www.discogs.com/release/297698,1978,"7"" - Playlist - 06 [...S-Z]"
Sylvester,"Sylvester With Patrick Cowley","Do Ya Wanna Funk",https://www.discogs.com/release/8274116,1982,"7"" - Playlist - 06 [...S-Z]"
"Sylvia Robinson","Sylvia Robinson","Pillow Talk",https://www.discogs.com/release/477354,1973,"7"" - Archive 06 - [...P-T...]"
"Sylvia Vrethammar","Sylvia Vrethammar","Hasta La Vista",https://www.discogs.com/release/2892475,1975,"7"" - Archive 06 - [...P-T...]"
"Sylvia Vrethammar","Sylvia Vrethammar","Y Viva Espana",https://www.discogs.com/release/18029440,1973,"7"" - Retro - 03 [S-Z]"
Syreeta,Syreeta,"Your Kiss Is Sweet",https://www.discogs.com/release/1594122,1975,"7"" - Retro - 03 [S-Z]"
"T'Pau","T'Pau","China In Your Hand",https://www.discogs.com/release/12818542,1987,"7"" - Playlist - 06 [...S-Z]"
"T'Pau","T'Pau","Heart And Soul",https://www.discogs.com/release/1508582,1987,"7"" - Playlist - 06 [...S-Z]"
"T'Pau","T'Pau","Only The Lonely",https://www.discogs.com/release/15740363,1989,Uncategorized
"T'Pau","T'Pau",Valentine,https://www.discogs.com/release/1587776,1988,"7"" - Playlist - 06 [...S-Z]"
T-Connection,T-Connection,"Do What You Wanna Do",https://www.discogs.com/release/5419462,1977,"7"" - Archive 06 - [...P-T...]"
"T. Rex","Marc Bolan And T. Rex","20th Century Boy",https://www.discogs.com/release/10001506,1991,"7"" - Retro - 03 [S-Z]"
"T. Rex","T. Rex","Children Of The Revolution",https://www.discogs.com/release/477507,1972,"7"" - Retro - 03 [S-Z]"
"T. Rex","T. Rex","Get It On",https://www.discogs.com/release/712876,1971,"7"" - Retro - 03 [S-Z]"
"T. Rex","T. Rex","Jeepster / Life's A Gas",https://www.discogs.com/release/10991470,1971,"7"" - Retro - 03 [S-Z]"
"T. Rex","T. Rex","Light Of Love",https://www.discogs.com/release/967955,1974,"7"" - Retro - 03 [S-Z]"
"T. Rex","T. Rex","Metal Guru",https://www.discogs.com/release/475934,1972,"7"" - Retro - 03 [S-Z]"
"T. Rex","T. Rex","Ride A White Swan",https://www.discogs.com/release/7837391,1970,"7"" - Retro - 03 [S-Z]"
"T. Rex","T. Rex","Solid Gold Easy Action",https://www.discogs.com/release/481109,1972,"7"" - Retro - 03 [S-Z]"
"T. Rex","T. Rex","Telegram Sam",https://www.discogs.com/release/475931,1972,"7"" - Retro - 03 [S-Z]"
"T. Rex","T. Rex","Truck On (Tyke)",https://www.discogs.com/release/966329,1973,"7"" - Retro - 03 [S-Z]"
"T.C. Curtis","T.C. Curtis","Slave Of Love",https://www.discogs.com/release/5238392,1986,"7"" - Archive 06 - [...P-T...]"
"T.R. Dallas & The Convent Of Mercy Girls, Moate","T.R. Dallas & The Convent Of Mercy Girls, Moate","It's Hard To Be Humble",https://www.discogs.com/release/3196523,1980,"7"" - Archive 06 - [...P-T...]"
T.X.T.,T.X.T.,"Girl's Got A Brand New Toy",https://www.discogs.com/release/6218787,1985,"7"" - Archive 06 - [...P-T...]"
Taffy,Taffy,"I Love My Radio (Dee Jay's Radio) U.K. Mix",https://www.discogs.com/release/14757595,1986,"7"" - Playlist - 06 [...S-Z]"
"Taja Sevelle","Taja Sevelle","Love Is Contagious",https://www.discogs.com/release/11430234,1988,"7"" - Archive 06 - [...P-T...]"
"Take That","Take That","A Million Love Songs - The Love Songs E.P.",https://www.discogs.com/release/3154046,1992,"7"" - Playlist - 06 [...S-Z]"
"Take That","Take That",Babe,https://www.discogs.com/release/1738182,1993,"7"" - Playlist - 06 [...S-Z]"
"Talk Talk","Talk Talk","Life's What You Make It",https://www.discogs.com/release/2465690,1990,"7"" - Playlist - 06 [...S-Z]"
"Talk Talk","Talk Talk","Talk Talk",https://www.discogs.com/release/1547888,1982,"7"" - Playlist - 06 [...S-Z]"
"Talk Talk","Talk Talk","Today • It's So Serious",https://www.discogs.com/release/74315,1982,"7"" - Archive 07 - [...T-Z]"
"Talking Heads","Talking Heads","And She Was",https://www.discogs.com/release/1055941,1986,"7"" - Playlist - 06 [...S-Z]"
"Talking Heads","Talking Heads",Blind,https://www.discogs.com/release/1195324,1988,"7"" - Playlist - 06 [...S-Z]"
"Talking Heads","Talking Heads","Love Goes To Building On Fire",https://www.discogs.com/release/1168619,1977,"7"" - Playlist - 06 [...S-Z]"
"Talking Heads","Talking Heads","Once In A Lifetime",https://www.discogs.com/release/556555,1981,"7"" - Playlist - 06 [...S-Z]"
"Talking Heads","Talking Heads","Road To Nowhere",https://www.discogs.com/release/730007,1985,"7"" - Playlist - 06 [...S-Z]"
Tammy,Tammy,"Old Enough To Know Better",https://www.discogs.com/release/9918851,1986,"7"" - Archive 06 - [...P-T...]"
"Tammy Jones","Tammy Jones","Let Me Try Again",https://www.discogs.com/release/436612,1975,"7"" - Archive 06 - [...P-T...]"
"Tammy Jones","Tammy Jones","While We're Still Young",https://www.discogs.com/release/8213481,1975,"7"" - Archive 06 - [...P-T...]"
"Tammy Wynette","Tammy Wynette",D.I.V.O.R.C.E.,https://www.discogs.com/release/6383822,1975,"7"" - Retro - 03 [S-Z]"
"Tammy Wynette","Tammy Wynette","Stand By Your Man",https://www.discogs.com/release/11541873,"","7"" - Retro - 03 [S-Z]"
Tams,Tams,"Hey Girl Don't Bother Me",https://www.discogs.com/release/8744049,1971,"7"" - Retro - 03 [S-Z]"
"Tanita Tikaram","Tanita Tikaram","Good Tradition",https://www.discogs.com/release/5786240,1988,"7"" - Playlist - 06 [...S-Z]"
"Tanita Tikaram","Tanita Tikaram","Twist In My Sobriety",https://www.discogs.com/release/1891461,1988,"7"" - Playlist - 06 [...S-Z]"
"Tarney/Spencer Band","Tarney/Spencer Band","I'm Your Man Rock N' Roll",https://www.discogs.com/release/5963633,1976,"7"" - Archive 06 - [...P-T...]"
Tavares,Tavares,"Don't Take Away The Music",https://www.discogs.com/release/9824119,1976,"7"" - Retro - 03 [S-Z]"
Tavares,Tavares,"Free Ride",https://www.discogs.com/release/2185341,1976,"7"" - Archive 06 - [...P-T...]"
Tavares,Tavares,"Heaven Must Be Missing An Angel",https://www.discogs.com/release/1755313,1976,"7"" - Retro - 03 [S-Z]"
Tavares,Tavares,"One Step Away",https://www.discogs.com/release/1662942,1977,"7"" - Archive 06 - [...P-T...]"
Tavares,Tavares,"Slow Train To Paradise",https://www.discogs.com/release/1082718,1978,"7"" - Archive 06 - [...P-T...]"
Tavares,Tavares,"The Mighty Power Of Love",https://www.discogs.com/release/1755262,1976,"7"" - Archive 06 - [...P-T...]"
Tavares,Tavares,Whodunit,https://www.discogs.com/release/1491208,1977,"7"" - Retro - 03 [S-Z]"
"Taylor Dayne","Taylor Dayne","Tell It To My Heart",https://www.discogs.com/release/1700779,1988,"7"" - Playlist - 06 [...S-Z]"
Teach-In,Teach-In,Ding-A-Dong,https://www.discogs.com/release/5423160,1975,"7"" - Retro - 03 [S-Z]"
"Teardrop Explodes","Teardrop Explodes","Reward / Treason",https://www.discogs.com/release/1380199,1985,"7"" - Playlist - 06 [...S-Z]"
"Tears For Fears","Tears For Fears",Change,https://www.discogs.com/release/1508597,1982,"7"" - Playlist - 06 [...S-Z]"
"Tears For Fears","Tears For Fears","Everybody Wants To Rule The World",https://www.discogs.com/release/1225174,1985,"7"" - Playlist - 06 [...S-Z]"
"Tears For Fears","Tears For Fears","Everybody Wants To Run The World",https://www.discogs.com/release/5751874,1986,"7"" - Playlist - 06 [...S-Z]"
"Tears For Fears","Tears For Fears","Head Over Heels",https://www.discogs.com/release/14935981,1985,"7"" - Archive 07 - [...T-Z]"
"Tears For Fears","Tears For Fears","Mad World",https://www.discogs.com/release/2233253,1982,"7"" - Playlist - 06 [...S-Z]"
"Tears For Fears","Tears For Fears","Mothers Talk",https://www.discogs.com/release/1225360,1984,Uncategorized
"Tears For Fears","Tears For Fears","Pale Shelter",https://www.discogs.com/release/23007149,1983,"7"" - Playlist - 06 [...S-Z]"
"Tears For Fears","Tears For Fears",Shout,https://www.discogs.com/release/148862,1984,"7"" - Playlist - 06 [...S-Z]"
"Tears For Fears","Tears For Fears","Sowing The Seeds Of Love",https://www.discogs.com/release/148859,1989,"7"" - Playlist - 06 [...S-Z]"
"Tears For Fears","Tears For Fears","The Way You Are",https://www.discogs.com/release/1225855,1983,"7"" - Playlist - 06 [...S-Z]"
"Techno Twins","Techno Twins","Falling In Love Again",https://www.discogs.com/release/225531,1981,"7"" - Archive 06 - [...P-T...]"
Technotronic,Technotronic,Megamix,https://www.discogs.com/release/11359138,1990,"7"" - Archive 06 - [...P-T...]"
Technotronic,"Technotronic Featuring Felly","Pump Up The Jam",https://www.discogs.com/release/6993048,1989,"7"" - Playlist - 06 [...S-Z]"
Technotronic,"Technotronic Featuring MC Eric","This Beat Is Technotronic",https://www.discogs.com/release/1093236,1990,"7"" - Playlist - 06 [...S-Z]"
Technotronic,"Technotronic Featuring Ya Kid K","Get Up (Before The Night Is Over)",https://www.discogs.com/release/130698,1990,"7"" - Playlist - 06 [...S-Z]"
Technotronic,"Technotronic Featuring Ya Kid K","Rockin' Over The Beat",https://www.discogs.com/release/517338,1990,"7"" - Playlist - 06 [...S-Z]"
"Teddy Bears","Teddy Bears","To Know Him, Is To Love Him",https://www.discogs.com/release/15542699,1958,"7"" - Archive 06 - [...P-T...]"
"Teddy Brown","Teddy Brown","It Takes A Little Longer",https://www.discogs.com/release/5481420,1972,"7"" - Archive 06 - [...P-T...]"
"Teddy Johnson & Pearl Carr","Teddy Johnson & Pearl Carr","How Wonderful To Know",https://www.discogs.com/release/1683106,1961,"7"" - Archive 06 - [...P-T...]"
"Teddy Pendergrass","Teddy Pendergrass","Turn Off The Lights",https://www.discogs.com/release/5581801,1979,"7"" - Archive 06 - [...P-T...]"
"Teddy Phillips And His Orchestra / Teddy Phillips","Teddy Phillips And His Orchestra / Teddy Phillips","Laura's Tune",https://www.discogs.com/release/4746060,1972,"7"" - Archive 06 - [...P-T...]"
"Teena Marie","Teena Marie","Behind The Groove",https://www.discogs.com/release/589628,1980,"7"" - Archive 06 - [...P-T...]"
Television,Television,"Prove It",https://www.discogs.com/release/11818953,1977,"7"" - Playlist - 06 [...S-Z]"
"Telly Savalas","Telly Savalas",If,https://www.discogs.com/release/12821370,1974,"7"" - Archive 06 - [...P-T...]"
"Telly Savalas","Telly Savalas","Rubber Bands And Bits Of String",https://www.discogs.com/release/6686618,1974,"7"" - Archive 06 - [...P-T...]"
"Temperance Seven","Temperance Seven","You're Driving Me Crazy",https://www.discogs.com/release/1613027,1961,"7"" - Archive 06 - [...P-T...]"
Temptations,Temptations,"Ain't Too Proud To Beg / Ball Of Confusion (That's What The World Is Today)",https://www.discogs.com/release/1349449,"","7"" - Retro - 03 [S-Z]"
Temptations,Temptations,"Beauty Is Only Skin Deep",https://www.discogs.com/release/1620754,1966,"7"" - Archive 06 - [...P-T...]"
Temptations,Temptations,"Just My Imagination (Running Away With Me) / Get Ready",https://www.discogs.com/release/1400209,1976,"7"" - Retro - 03 [S-Z]"
Temptations,Temptations,"Treat Her Like A Lady",https://www.discogs.com/release/739863,1984,"7"" - Playlist - 06 [...S-Z]"
"Ten City","Ten City","That's The Way Love Is",https://www.discogs.com/release/147826,1989,"7"" - Archive 06 - [...P-T...]"
"Ten Years After","Ten Years After","Love Like A Man",https://www.discogs.com/release/12329018,1970,"7"" - Archive 06 - [...P-T...]"
"Tenpole Tudor","Tenpole Tudor","The Swords Of A Thousand Men",https://www.discogs.com/release/2224140,1981,"7"" - Playlist - 06 [...S-Z]"
"Tenpole Tudor","Tenpole Tudor","Wünderbar",https://www.discogs.com/release/11418644,1981,"7"" - Playlist - 06 [...S-Z]"
"Terence Trent D'Arby","Terence Trent D'Arby","Dance Little Sister",https://www.discogs.com/release/2146394,1987,"7"" - Archive 07 - [...T-Z]"
"Terence Trent D'Arby","Terence Trent D'Arby","If You Let Me Stay",https://www.discogs.com/release/891311,1987,"7"" - Playlist - 06 [...S-Z]"
"Terence Trent D'Arby","Terence Trent D'Arby","Sign Your Name",https://www.discogs.com/release/1178780,1987,"7"" - Playlist - 06 [...S-Z]"
"Terence Trent D'Arby","Terence Trent D'Arby","Wishing Well",https://www.discogs.com/release/1055810,1987,"7"" - Playlist - 06 [...S-Z]"
"Terry Dactyl And The Dinosaurs","Terry Dactyl And The Dinosaurs","Sea Side Shuffle",https://www.discogs.com/release/537464,1972,"7"" - Archive 06 - [...P-T...]"
"Terry Dactyl And The Dinosaurs Featuring John G. Lewis","Terry Dactyl And The Dinosaurs Featuring John G. Lewis","On A Saturday Night",https://www.discogs.com/release/1470690,1972,"7"" - Archive 06 - [...P-T...]"
"Terry Garthwaite","Terry Garthwaite","Slender Thread",https://www.discogs.com/release/8451796,1975,"7"" - Archive 06 - [...P-T...]"
"Terry Jacks","Terry Jacks","If You Go Away",https://www.discogs.com/release/11541974,1974,"7"" - Retro - 03 [S-Z]"
"Terry Jacks","Terry Jacks","Seasons In The Sun",https://www.discogs.com/release/530484,1974,"7"" - Retro - 03 [S-Z]"
"Terry Scott","Terry Scott","Don't Light The Fire 'Til After Santa's Gone",https://www.discogs.com/release/1843328,1962,"7"" - Holiday [#,A-Z]"
"Terry Wogan","Terry Wogan","The Floral Dance",https://www.discogs.com/release/2241741,1977,"7"" - Archive 06 - [...P-T...]"
"Testcard F","Testcard F","Third Stroke",https://www.discogs.com/release/1519760,1984,"7"" - Archive 06 - [...P-T...]"
Texas,Texas,"I Don't Want A Lover",https://www.discogs.com/release/1477599,1989,"7"" - Playlist - 06 [...S-Z]"
The,The,"Sweet Bird Of Truth",https://www.discogs.com/release/1215965,1987,"7"" - Archive 06 - [...P-T...]"
"Thelma Houston","Thelma Houston","Don't Leave Me This Way",https://www.discogs.com/release/1296462,1977,"7"" - Playlist - 06 [...S-Z]"
"Thelma Houston","Thelma Houston","Saturday Night, Sunday Morning",https://www.discogs.com/release/1491713,1979,"7"" - Archive 06 - [...P-T...]"
Them,Them,"Baby Please Don't Go",https://www.discogs.com/release/2246747,1990,"7"" - Retro - 03 [S-Z]"
"Then Jerico","Then Jerico","Big Area",https://www.discogs.com/release/7801495,1989,"7"" - Playlist - 06 [...S-Z]"
"Then Jerico","Then Jerico","Muscle Deep",https://www.discogs.com/release/1259122,1987,"7"" - Archive 06 - [...P-T...]"
"Then Jerico","Then Jerico","Sugar Box",https://www.discogs.com/release/1761443,1989,"7"" - Playlist - 06 [...S-Z]"
"Then Jerico","Then Jerico","The Motive",https://www.discogs.com/release/1671097,1987,"7"" - Playlist - 06 [...S-Z]"
"Then Jerico","Then Jerico","What Does It Take?",https://www.discogs.com/release/715775,1989,"7"" - Archive 06 - [...P-T...]"
Therapy?,Therapy?,"Face The Strange E.P.",https://www.discogs.com/release/857069,1993,"7"" - Playlist - 06 [...S-Z]"
"They Might Be Giants","They Might Be Giants","Birdhouse In Your Soul",https://www.discogs.com/release/9186783,1990,"7"" - Playlist - 06 [...S-Z]"
"Thin Lizzy","Thin Lizzy",Chinatown,https://www.discogs.com/release/11513113,1980,"7"" - Playlist - 06 [...S-Z]"
"Thin Lizzy","Thin Lizzy","Cold Sweat",https://www.discogs.com/release/2804914,1983,"7"" - Archive 06 - [...P-T...]"
"Thin Lizzy","Thin Lizzy","Dancing In The Moonlight (It's Caught Me In It's Spotlight)",https://www.discogs.com/release/9267433,1977,"7"" - Playlist - 06 [...S-Z]"
"Thin Lizzy","Thin Lizzy","Do Anything You Want To",https://www.discogs.com/release/1981132,1979,"7"" - Playlist - 06 [...S-Z]"
"Thin Lizzy","Thin Lizzy","Don't Believe A Word",https://www.discogs.com/release/1463469,1976,"7"" - Playlist - 06 [...S-Z]"
"Thin Lizzy","Thin Lizzy",Jailbreak,https://www.discogs.com/release/1798179,1976,"7"" - Playlist - 06 [...S-Z]"
"Thin Lizzy","Thin Lizzy","Johnny The Fox Meets Jimmy The Weed",https://www.discogs.com/release/4613547,1976,"7"" - Archive 06 - [...P-T...]"
"Thin Lizzy","Thin Lizzy",Rocky,https://www.discogs.com/release/11338322,1976,"7"" - Archive 06 - [...P-T...]"
"Thin Lizzy","Thin Lizzy",Sarah,https://www.discogs.com/release/16211249,1979,"7"" - Playlist - 06 [...S-Z]"
"Thin Lizzy","Thin Lizzy","The Boys Are Back In Town",https://www.discogs.com/release/1782975,1976,"7"" - Playlist - 06 [...S-Z]"
"Thin Lizzy","Thin Lizzy","The Rocker",https://www.discogs.com/release/2351783,1973,"7"" - Archive 06 - [...P-T...]"
"Thin Lizzy","Thin Lizzy","Trouble Boys",https://www.discogs.com/release/2198924,1981,"7"" - Archive 06 - [...P-T...]"
"Thin Lizzy","Thin Lizzy","Waiting For An Alibi",https://www.discogs.com/release/669596,1979,"7"" - Playlist - 06 [...S-Z]"
"Thin Lizzy","Thin Lizzy","Whisky In The Jar",https://www.discogs.com/release/477723,1972,"7"" - Retro - 03 [S-Z]"
"Third World","Third World","Cool Meditation",https://www.discogs.com/release/742925,1978,"7"" - Archive 06 - [...P-T...]"
"Third World","Third World","Dancing On The Floor (Hooked On Love)",https://www.discogs.com/release/12300809,1981,"7"" - Playlist - 06 [...S-Z]"
"Third World","Third World","Railroad Track",https://www.discogs.com/release/2302611,1975,"7"" - Archive 06 - [...P-T...]"
"Third World","Third World","Try Jah Love",https://www.discogs.com/release/2304355,1982,"7"" - Archive 06 - [...P-T...]"
"This Year's Blonde","This Year's Blonde","Platinum Pop / We've Got It All",https://www.discogs.com/release/1552297,1981,"7"" - Archive 06 - [...P-T...]"
"Thom Pace","Thom Pace",Maybe,https://www.discogs.com/release/7325896,1979,"7"" - Archive 06 - [...P-T...]"
"Thomas Dolby","Thomas Dolby",Hyperactive!,https://www.discogs.com/release/778125,1984,"7"" - Playlist - 06 [...S-Z]"
"Thompson Twins","Thompson Twins","Doctor! Doctor!",https://www.discogs.com/release/623312,1984,"7"" - Playlist - 06 [...S-Z]"
"Thompson Twins","Thompson Twins","Hold Me Now",https://www.discogs.com/release/827052,1983,"7"" - Playlist - 06 [...S-Z]"
"Thompson Twins","Thompson Twins","King For A Day",https://www.discogs.com/release/3149501,1985,"7"" - Playlist - 06 [...S-Z]"
"Thompson Twins","Thompson Twins","Love On Your Side",https://www.discogs.com/release/2679701,1983,"7"" - Playlist - 06 [...S-Z]"
"Thompson Twins","Thompson Twins",Watching,https://www.discogs.com/release/847046,1983,"7"" - Playlist - 06 [...S-Z]"
"Thompson Twins","Thompson Twins","We Are Detective",https://www.discogs.com/release/121394,1983,"7"" - Playlist - 06 [...S-Z]"
"Thompson Twins","Thompson Twins","You Take Me Up",https://www.discogs.com/release/254008,1984,"7"" - Playlist - 06 [...S-Z]"
"Three Degrees","Three Degrees","Dirty Ol' Man",https://www.discogs.com/release/5008725,1978,"7"" - Archive 06 - [...P-T...]"
"Three Degrees","Three Degrees","Giving Up, Giving In",https://www.discogs.com/release/1768437,1978,"7"" - Archive 06 - [...P-T...]"
"Three Degrees","Three Degrees","Take Good Care Of Yourself",https://www.discogs.com/release/1695252,1975,"7"" - Retro - 03 [S-Z]"
"Three Degrees","Three Degrees","The Golden Lady",https://www.discogs.com/release/1826198,1979,"7"" - Archive 06 - [...P-T...]"
"Three Degrees","Three Degrees","The Runner",https://www.discogs.com/release/1129687,1979,"7"" - Archive 06 - [...P-T...]"
"Three Degrees","Three Degrees","When Will I See You Again",https://www.discogs.com/release/563653,1974,"7"" - Retro - 03 [S-Z]"
"Three Degrees","Three Degrees","Woman In Love",https://www.discogs.com/release/1159695,1979,"7"" - Retro - 03 [S-Z]"
"Three Dog Night","Three Dog Night",Liar,https://www.discogs.com/release/5987272,1971,"7"" - Archive 06 - [...P-T...]"
"Three Dog Night","Three Dog Night","Mama Told Me Not To Come / Joy To The World",https://www.discogs.com/release/5484618,1981,"7"" - Playlist - 06 [...S-Z]"
"Three Dog Night","Three Dog Night","Mama Told Me Not To Come / Rock And Roll Widow",https://www.discogs.com/release/5975635,1970,"7"" - Retro - 03 [S-Z]"
"Thunderclap Newman","Thunderclap Newman","Something In The Air / Wilhelmina",https://www.discogs.com/release/8930697,1969,"7"" - Retro - 03 [S-Z]"
Thunderthighs,Thunderthighs,"Central Park Arrest",https://www.discogs.com/release/6435087,1974,"7"" - Archive 06 - [...P-T...]"
Tiffany,Tiffany,"Could've Been",https://www.discogs.com/release/1508590,1988,"7"" - Archive 06 - [...P-T...]"
Tiffany,Tiffany,"I Think We're Alone Now",https://www.discogs.com/release/6036095,1987,"7"" - Playlist - 06 [...S-Z]"
Tiffany,Tiffany,"Radio Romance",https://www.discogs.com/release/6554320,1988,"7"" - Archive 06 - [...P-T...]"
Tigers,Tigers,"Promises Promises ",https://www.discogs.com/release/4016882,1980,"7"" - Archive 06 - [...P-T...]"
"Tight Fit","Tight Fit","Back To The 60's",https://www.discogs.com/release/2032330,1981,"7"" - Archive 06 - [...P-T...]"
"Tight Fit","Tight Fit","Fantasy Island",https://www.discogs.com/release/1608153,1982,"7"" - Playlist - 06 [...S-Z]"
"Tight Fit","Tight Fit","The Lion Sleeps Tonight",https://www.discogs.com/release/473008,1982,"7"" - Playlist - 06 [...S-Z]"
"Tim Moore","Tim Moore",Charmer,https://www.discogs.com/release/15935404,1974,"7"" - Archive 06 - [...P-T...]"
"Timbuk 3","Timbuk 3","The Future's So Bright I Gotta Wear Shades",https://www.discogs.com/release/1856177,1986,"7"" - Playlist - 06 [...S-Z]"
"Timex Social Club","Timex Social Club",Rumors,https://www.discogs.com/release/12982174,1986,"7"" - Playlist - 06 [...S-Z]"
"Timmy Thomas","Timmy Thomas","Why Can't We Live Together",https://www.discogs.com/release/7513023,1972,"7"" - Retro - 03 [S-Z]"
"Tin Tin","Tin Tin","Kiss Me",https://www.discogs.com/release/130717,1982,"7"" - Archive 06 - [...P-T...]"
"Tina Charles","Tina Charles","Dance Little Lady Dance",https://www.discogs.com/release/3266852,1976,"7"" - Archive 06 - [...P-T...]"
"Tina Charles","Tina Charles","Dr. Love",https://www.discogs.com/release/1732578,1976,"7"" - Archive 06 - [...P-T...]"
"Tina Charles","Tina Charles","I Love To Love (But My Baby Loves To Dance)",https://www.discogs.com/release/131095,1976,"7"" - Retro - 03 [S-Z]"
"Tina Charles","Tina Charles","Love Me Like A Lover",https://www.discogs.com/release/7454991,1976,"7"" - Archive 06 - [...P-T...]"
"Tina Charles","Tina Charles","Makin' All The Right Moves",https://www.discogs.com/release/899707,1978,"7"" - Archive 06 - [...P-T...]"
"Tina Turner","Tina Turner","Better Be Good To Me",https://www.discogs.com/release/2068332,1984,"7"" - Playlist - 06 [...S-Z]"
"Tina Turner","Tina Turner","I Don't Wanna Lose You",https://www.discogs.com/release/5346775,1989,"7"" - Playlist - 06 [...S-Z]"
"Tina Turner","Tina Turner","Let's Stay Together",https://www.discogs.com/release/423006,1983,"7"" - Playlist - 06 [...S-Z]"
"Tina Turner","Tina Turner","Look Me In The Heart",https://www.discogs.com/release/2350183,1990,"7"" - Playlist - 06 [...S-Z]"
"Tina Turner","Tina Turner","Private Dancer",https://www.discogs.com/release/2252105,1984,"7"" - Playlist - 06 [...S-Z]"
"Tina Turner","Tina Turner","The Best",https://www.discogs.com/release/3149533,1989,"7"" - Playlist - 06 [...S-Z]"
"Tina Turner","Tina Turner","Typical Male",https://www.discogs.com/release/1759153,1986,"7"" - Playlist - 06 [...S-Z]"
"Tina Turner","Tina Turner","We Don't Need Another Hero (Thunderdome)",https://www.discogs.com/release/563724,1985,"7"" - Playlist - 06 [...S-Z]"
"Tina Turner","Tina Turner","What's Love Got To Do With It",https://www.discogs.com/release/2252113,1984,"7"" - Playlist - 06 [...S-Z]"
"Todd Rundgren","Todd Rundgren","We Got To Get You A Woman / I Saw The Light",https://www.discogs.com/release/3070190,1979,"7"" - Retro - 03 [S-Z]"
"Tom Jennings","Tom Jennings","A Song For St Patricks Day",https://www.discogs.com/release/21857218,1992,"7"" - Archive 06 - [...P-T...]"
"Tom Jones","Tom Jones","A Boy From Nowhere",https://www.discogs.com/release/1416314,1987,"7"" - Archive 06 - [...P-T...]"
"Tom Jones","Tom Jones","A Woman's Touch",https://www.discogs.com/release/30203057,1982,"7"" - Archive 06 - [...P-T...]"
"Tom Jones","Tom Jones",Delilah,https://www.discogs.com/release/17429950,1968,"7"" - Retro - 03 [S-Z]"
"Tom Jones","Tom Jones","Detroit City",https://www.discogs.com/release/10822077,1967,"7"" - Archive 06 - [...P-T...]"
"Tom Jones","Tom Jones","Green, Green Grass Of Home",https://www.discogs.com/release/4851939,1966,"7"" - Archive 06 - [...P-T...]"
"Tom Jones","Tom Jones","Green, Green Grass Of Home ",https://www.discogs.com/release/15677528,1966,"7"" - Archive 06 - [...P-T...]"
"Tom Jones","Tom Jones","Help Yourself",https://www.discogs.com/release/3509439,1968,"7"" - Retro - 03 [S-Z]"
"Tom Jones","Tom Jones","I (Who Have Nothing) / Stop Breaking My Heart",https://www.discogs.com/release/12655882,1970,"7"" - Retro - 03 [S-Z]"
"Tom Jones","Tom Jones","I'm Coming Home",https://www.discogs.com/release/530507,1967,"7"" - Archive 06 - [...P-T...]"
"Tom Jones","Tom Jones","It's Not Unusual / Delilah",https://www.discogs.com/release/1741719,1987,"7"" - Retro - 03 [S-Z]"
"Tom Jones","Tom Jones","Letter To Lucille",https://www.discogs.com/release/2155759,1973,"7"" - Archive 06 - [...P-T...]"
"Tom Jones","Tom Jones","She's A Lady",https://www.discogs.com/release/6155014,1971,"7"" - Retro - 03 [S-Z]"
"Tom Jones","Tom Jones","Somethin' 'Bout You Baby I Like",https://www.discogs.com/release/2647801,1974,"7"" - Retro - 03 [S-Z]"
"Tom Jones","Tom Jones","The Young New Mexican Puppeteer",https://www.discogs.com/release/8588325,1972,"7"" - Archive 06 - [...P-T...]"
"Tom Jones","Tom Jones",Till,https://www.discogs.com/release/5586480,1971,"7"" - Archive 06 - [...P-T...]"
"Tom Jones","Tom Jones","What's New Pussycat?",https://www.discogs.com/release/4947497,1965,"7"" - Retro - 03 [S-Z]"
"Tom O'Neal","Tom O'Neal","Fresno, California / Ninety-Nine And One Day",https://www.discogs.com/release/11572354,1965,"7"" - Archive 06 - [...P-T...]"
"Tom Petty","Tom Petty","I Won't Back Down",https://www.discogs.com/release/3192545,1989,"7"" - Playlist - 06 [...S-Z]"
"Tom Petty And The Heartbreakers","Tom Petty And The Heartbreakers","Anything That's Rock 'N' Roll",https://www.discogs.com/release/1858613,1977,"7"" - Playlist - 06 [...S-Z]"
"Tom Petty And The Heartbreakers","Tom Petty And The Heartbreakers",Refugee,https://www.discogs.com/release/2903293,1980,"7"" - Playlist - 06 [...S-Z]"
"Tom Robinson","Tom Robinson","Listen To The Radio (Atmospherics)",https://www.discogs.com/release/419128,1983,"7"" - Playlist - 06 [...S-Z]"
"Tom Robinson","Tom Robinson","War Baby",https://www.discogs.com/release/419130,1983,"7"" - Playlist - 06 [...S-Z]"
"Tom Robinson","Tom Robinson Band","Rising Free....",https://www.discogs.com/release/801806,1978,"7"" - Playlist - 06 [...S-Z]"
"Tom Robinson","Tom Robinson Band","Up Against The Wall",https://www.discogs.com/release/477373,1978,"7"" - Playlist - 06 [...S-Z]"
"Tom Robinson Band","Tom Robinson Band","2-4-6-8 Motorway",https://www.discogs.com/release/5354864,1977,"7"" - Playlist - 06 [...S-Z]"
"Tom Tom Club","Tom Tom Club","Wordy Rappinghood",https://www.discogs.com/release/75532,1981,"7"" - Playlist - 06 [...S-Z]"
Tomita,Tomita,"Bolero (Part Two)",https://www.discogs.com/release/7329619,1980,"7"" - Archive 06 - [...P-T...]"
Tomita,Tomita,"Clair De Lune",https://www.discogs.com/release/2014774,1974,"7"" - Archive 06 - [...P-T...]"
"Tommy Dorsey And His Orchestra Starring Warren Covington","Tommy Dorsey And His Orchestra Starring Warren Covington","Tea For Two Cha Cha",https://www.discogs.com/release/12172963,1958,"7"" - Archive 07 - [...T-Z]"
"Tommy Edwards","Tommy Edwards","It's All In The Game",https://www.discogs.com/release/10237403,1958,"7"" - Archive 07 - [...T-Z]"
"Tommy Hunt","Tommy Hunt","Crackin' Up",https://www.discogs.com/release/1912635,1975,"7"" - Archive 07 - [...T-Z]"
"Tommy James & The Shondells","Tommy James & The Shondells","Mony, Mony",https://www.discogs.com/release/562940,1975,"7"" - Retro - 03 [S-Z]"
"Tommy Roe","Tommy Roe",Dizzy,https://www.discogs.com/release/581052,1969,"7"" - Retro - 03 [S-Z]"
"Tommy Roe","Tommy Roe","The Folk Singer",https://www.discogs.com/release/1526628,1963,"7"" - Archive 07 - [...T-Z]"
"Tommy Roe","Tommy Roe","We Can Make Music",https://www.discogs.com/release/2761742,1970,"7"" - Archive 07 - [...T-Z]"
"Tommy Steele","Tommy Steele","Little White Bull",https://www.discogs.com/release/10992003,1962,"7"" - Archive 07 - [...T-Z]"
"Tommy Steele","Tommy Steele","What A Mouth (What A North And South) / Kookaburra",https://www.discogs.com/release/11687517,1960,"7"" - Archive 07 - [...T-Z]"
"Tone Loc","Tone Loc","On Fire / Funky Cold Medina",https://www.discogs.com/release/5697426,1989,"7"" - Playlist - 06 [...S-Z]"
"Toni Basil","Toni Basil",Mickey,https://www.discogs.com/release/480009,1982,"7"" - Playlist - 06 [...S-Z]"
"Toni Braxton","Toni Braxton","Breathe Again",https://www.discogs.com/release/1738641,1993,"7"" - Archive 07 - [...T-Z]"
Tonight,Tonight,"Drummer Man",https://www.discogs.com/release/6548168,1978,"7"" - Playlist - 06 [...S-Z]"
"Tony Banks","Tony Banks","For A While",https://www.discogs.com/release/2627430,1979,"7"" - Archive 07 - [...T-Z]"
"Tony Bennett","Tony Bennett","(I Left My Heart) In San Francisco",https://www.discogs.com/release/887158,1965,"7"" - Retro - 03 [S-Z]"
"Tony Bennett","Tony Bennett",Till,https://www.discogs.com/release/1497971,1960,"7"" - Archive 07 - [...T-Z]"
"Tony Bennett with Ruby Braff / George Barnes Quartet","Tony Bennett with Ruby Braff / George Barnes Quartet","All That Love Went To Waste",https://www.discogs.com/release/3191351,1973,"7"" - Archive 07 - [...T-Z]"
"Tony Christie","Tony Christie","(Is This The Way) To Amarillo",https://www.discogs.com/release/633076,1971,"7"" - Retro - 03 [S-Z]"
"Tony Christie","Tony Christie","I Did What I Did For Maria",https://www.discogs.com/release/1267207,1971,"7"" - Retro - 03 [S-Z]"
"Tony Christie","Tony Christie","You Just Don't Have The Magic Anymore",https://www.discogs.com/release/11095964,1973,"7"" - Archive 07 - [...T-Z]"
"Tony Corsi","Tony Corsi","John Paul",https://www.discogs.com/release/3279606,1982,"7"" - Archive 07 - [...T-Z]"
"Tony Etoria","Tony Etoria","I Can Prove It",https://www.discogs.com/release/3279082,1977,"7"" - Archive 07 - [...T-Z]"
"Tony Falcon","Tony Falcon","Dread To Rahtid",https://www.discogs.com/release/10767871,1978,"7"" - Archive 07 - [...T-Z]"
"Tony Hadley","Tony Hadley","Lost In Your Love",https://www.discogs.com/release/1335272,1992,"7"" - Archive 07 - [...T-Z]"
"Tony Labriola","Tony Labriola","Coco' / Bleccaut",https://www.discogs.com/release/1286056,1983,"7"" - Archive 07 - [...T-Z]"
"Tony Marshall","Tony Marshall","Schöne Maid",https://www.discogs.com/release/7882042,1971,"7"" - Archive 07 - [...T-Z]"
"Tony Osborne Sound","Tony Osborne Sound","The Shepherd's Song",https://www.discogs.com/release/6954566,1972,"7"" - Archive 07 - [...T-Z]"
Top,Top,"She's Got All The World",https://www.discogs.com/release/2569294,1991,"7"" - Archive 07 - [...T-Z]"
Tornados,Tornados,Robot,https://www.discogs.com/release/495784,1963,"7"" - Archive 07 - [...T-Z]"
Tornados,Tornados,Telstar,https://www.discogs.com/release/17928745,"","7"" - Retro - 03 [S-Z]"
"Total Contrast","Total Contrast","Takes A Little Time",https://www.discogs.com/release/1140172,1985,"7"" - Archive 07 - [...T-Z]"
Toto,Toto,Africa,https://www.discogs.com/release/649200,1982,"7"" - Playlist - 06 [...S-Z]"
Toto,Toto,"Hold The Line / I'll Supply The Love",https://www.discogs.com/release/7715145,"","7"" - Playlist - 06 [...S-Z]"
Toto,Toto,Rosanna,https://www.discogs.com/release/1466999,1983,"7"" - Playlist - 06 [...S-Z]"
"Toto Coelo","Toto Coelo","I Eat Cannibals",https://www.discogs.com/release/1509406,1982,"7"" - Playlist - 06 [...S-Z]"
"Tottenham Hotspur","Tottenham Hotspur","Ossie's Dream...",https://www.discogs.com/release/1525332,1981,"7"" - Archive 07 - [...T-Z]"
"Tottenham Hotspur With Chas And Dave","Tottenham Hotspur With Chas And Dave","Hot Shot Tottenham",https://www.discogs.com/release/2798483,1987,"7"" - Archive 07 - [...T-Z]"
Tourists,Tourists,"I Only Want To Be With You",https://www.discogs.com/release/3222837,1979,"7"" - Playlist - 06 [...S-Z]"
Tourists,Tourists,"So Good To Be Back Home Again",https://www.discogs.com/release/13584122,1980,"7"" - Playlist - 06 [...S-Z]"
Tourists,Tourists,"The Loneliest Man In The World",https://www.discogs.com/release/893356,1979,"7"" - Playlist - 06 [...S-Z]"
Tower,Tower,"See You Tonight",https://www.discogs.com/release/16313511,1981,"7"" - Archive 07 - [...T-Z]"
"Toy Dolls","Toy Dolls","Nellie The Elephant",https://www.discogs.com/release/4171905,1984,"7"" - Playlist - 06 [...S-Z]"
Toyah,Toyah,"Four From Toyah",https://www.discogs.com/release/435305,1981,"7"" - Playlist - 06 [...S-Z]"
Toyah,Toyah,"Four More From Toyah  ",https://www.discogs.com/release/419375,1981,"7"" - Playlist - 06 [...S-Z]"
Toyah,Toyah,"I Want To Be Free",https://www.discogs.com/release/5910994,1981,"7"" - Playlist - 06 [...S-Z]"
Toyah,Toyah,"Thunder In The Mountains",https://www.discogs.com/release/435323,1981,"7"" - Playlist - 06 [...S-Z]"
Toys,Toys,"Go To The Police",https://www.discogs.com/release/2096502,1980,"7"" - Playlist - 06 [...S-Z]"
"Toytown Gamblers","Toytown Gamblers","Surf City",https://www.discogs.com/release/2310845,1981,"7"" - Playlist - 06 [...S-Z]"
"Tracey Ullman","Tracey Ullman",Breakaway,https://www.discogs.com/release/8764100,1983,"7"" - Playlist - 06 [...S-Z]"
"Tracey Ullman","Tracey Ullman","Move Over Darling",https://www.discogs.com/release/6274975,1983,"7"" - Playlist - 06 [...S-Z]"
"Tracey Ullman","Tracey Ullman","My Guy's Mad At Me",https://www.discogs.com/release/390141,1984,"7"" - Playlist - 06 [...S-Z]"
"Tracey Ullman","Tracey Ullman","They Don't Know",https://www.discogs.com/release/1024841,1983,"7"" - Playlist - 06 [...S-Z]"
"Tracie Young","Tracie Young","Give It Some Emotion",https://www.discogs.com/release/1232373,1983,"7"" - Archive 07 - [...T-Z]"
"Tracy Chapman","Tracy Chapman","Fast Car",https://www.discogs.com/release/861643,1988,"7"" - Playlist - 06 [...S-Z]"
Traffic,Traffic,"Hole In My Shoe",https://www.discogs.com/release/8971797,1978,"7"" - Retro - 03 [S-Z]"
Trammps,Trammps,"Hold Back The Night",https://www.discogs.com/release/1064021,1975,"7"" - Playlist - 06 [...S-Z]"
Trammps,Trammps,"Sixty Minute Man",https://www.discogs.com/release/1226408,1975,"7"" - Archive 07 - [...T-Z]"
Trammps,Trammps,"That's Where The Happy People Go",https://www.discogs.com/release/5696164,1975,"7"" - Archive 07 - [...T-Z]"
Trammps,Trammps,"Zing Went The Strings Of My Heart",https://www.discogs.com/release/501034,1974,"7"" - Archive 07 - [...T-Z]"
"Transvision Vamp","Transvision Vamp","Baby I Don't Care",https://www.discogs.com/release/3149519,1989,"7"" - Playlist - 06 [...S-Z]"
"Transvision Vamp","Transvision Vamp","I Want Your Love",https://www.discogs.com/release/8869608,1988,"7"" - Playlist - 06 [...S-Z]"
"Transvision Vamp","Transvision Vamp","Landslide Of Love",https://www.discogs.com/release/1020072,1989,"7"" - Playlist - 06 [...S-Z]"
"Transvision Vamp","Transvision Vamp","Revolution Baby",https://www.discogs.com/release/1332584,1988,"7"" - Playlist - 06 [...S-Z]"
"Transvision Vamp","Transvision Vamp","Tell That Girl To Shut Up",https://www.discogs.com/release/7997299,1988,"7"" - Playlist - 06 [...S-Z]"
Trapeze,Trapeze,"On The Sunny Side Of The Street",https://www.discogs.com/release/2399841,1975,"7"" - Archive 07 - [...T-Z]"
"Traveling Wilburys","Traveling Wilburys","Handle With Care",https://www.discogs.com/release/1758894,1988,"7"" - Playlist - 06 [...S-Z]"
Tremeloes,Tremeloes,"Even The Bad Times Are Good",https://www.discogs.com/release/26309408,1967,"7"" - Retro - 03 [S-Z]"
Tremeloes,Tremeloes,"Here Comes My Baby",https://www.discogs.com/release/627813,1967,"7"" - Retro - 03 [S-Z]"
Tremeloes,Tremeloes,"My Little Lady",https://www.discogs.com/release/3183321,1968,"7"" - Retro - 03 [S-Z]"
Tremeloes,Tremeloes,"Right Wheel, Left Hammer, Sham",https://www.discogs.com/release/3273501,1971,"7"" - Retro - 03 [S-Z]"
Tremeloes,Tremeloes,"Silence Is Golden",https://www.discogs.com/release/11803279,1967,"7"" - Retro - 03 [S-Z]"
Tremeloes,Tremeloes,"Suddenly You Love Me / As You Are",https://www.discogs.com/release/9960265,1967,"7"" - Retro - 03 [S-Z]"
"Trevor Walters / Ital Full Star","Trevor Walters / Ital Full Star","Love Me Tonight / Dub Me Tonight",https://www.discogs.com/release/1027122,1981,"7"" - Archive 07 - [...T-Z]"
"Trinidad Oil Company","Trinidad Oil Company","The Calendar Song (January, February, March, April, May)",https://www.discogs.com/release/1720009,1977,"7"" - Archive 07 - [...T-Z]"
Trio,Trio,"Da Da Da",https://www.discogs.com/release/1165490,1982,"7"" - Playlist - 06 [...S-Z]"
Troggs,Troggs,"Any Way That You Want Me / Cousin Jane",https://www.discogs.com/release/2402831,1966,"7"" - Archive 07 - [...T-Z]"
Troggs,Troggs,"Every Little Thing",https://www.discogs.com/release/2069344,1984,"7"" - Archive 07 - [...T-Z]"
Troggs,Troggs,"Wild Thing / With A Girl Like You",https://www.discogs.com/release/563717,"","7"" - Retro - 03 [S-Z]"
Tubes,Tubes,"Don't Want To Wait Anymore",https://www.discogs.com/release/4103195,1981,"7"" - Playlist - 06 [...S-Z]"
Tubes,Tubes,"Prime Time",https://www.discogs.com/release/1359919,1979,"7"" - Playlist - 06 [...S-Z]"
Tubes,Tubes,"She's A Beauty",https://www.discogs.com/release/4642519,1983,"7"" - Playlist - 06 [...S-Z]"
Tubes,Tubes,"Sushi Girl",https://www.discogs.com/release/3666761,1981,"7"" - Playlist - 06 [...S-Z]"
Tubes,Tubes,"White Punks On Dope",https://www.discogs.com/release/1422589,1977,"7"" - Playlist - 06 [...S-Z]"
Turnstyle,Turnstyle,"Don't Think We Can Make It",https://www.discogs.com/release/3134725,1976,"7"" - Archive 07 - [...T-Z]"
"Tweetie Pie / Bugs Bunny","Tweetie Pie / Bugs Bunny","I Taut I Taw A Puddy Tat / I'm Glad That I'm Bugs Bunny",https://www.discogs.com/release/30881277,1970,"7"" - Archive 07 - [...T-Z]"
Tweets,Tweets,"Birdie Song (Birdie Dance)",https://www.discogs.com/release/15504335,1981,"7"" - Novelty [#,A-Z]"
Tweets,Tweets,"Everybody Go",https://www.discogs.com/release/4306621,1982,"7"" - Novelty [#,A-Z]"
"Twenty 4 Seven Featuring Captain Hollywood","Twenty 4 Seven Featuring Captain Hollywood","I Can't Stand It! (Bruce Forest Remix)",https://www.discogs.com/release/213947,1990,"7"" - Archive 07 - [...T-Z]"
Twiggy,Twiggy,"A Woman In Love",https://www.discogs.com/release/5282257,1977,"7"" - Archive 07 - [...T-Z]"
Twiggy,Twiggy,"Here I Go Again",https://www.discogs.com/release/7566426,1976,"7"" - Archive 07 - [...T-Z]"
Twinkle,Twinkle,Terry,https://www.discogs.com/release/563737,1964,"7"" - Archive 07 - [...T-Z]"
"Two Nations","Two Nations",Evermore,https://www.discogs.com/release/2301226,1987,"7"" - Archive 07 - [...T-Z]"
"Two People","Two People",Heaven,https://www.discogs.com/release/493051,1987,"7"" - Archive 07 - [...T-Z]"
"Tygers Of Pan Tang","Tygers Of Pan Tang","Love Potion No. 9",https://www.discogs.com/release/2334116,1982,"7"" - Playlist - 06 [...S-Z]"
Tymes,Tymes,"God's Gonna Punish You",https://www.discogs.com/release/644262,1975,"7"" - Archive 07 - [...T-Z]"
Tymes,Tymes,"M/s Grace",https://www.discogs.com/release/890528,1974,"7"" - Retro - 03 [S-Z]"
Tymes,Tymes,"Someway, Somehow I'm Keepin' You",https://www.discogs.com/release/4309616,1975,"7"" - Retro - 03 [S-Z]"
Tymes,Tymes,"You Little Trustmaker",https://www.discogs.com/release/1495390,1974,"7"" - Retro - 03 [S-Z]"
"Typically Tropical","Typically Tropical",Barbados,https://www.discogs.com/release/967227,1975,"7"" - Archive 07 - [...T-Z]"
"Typically Tropical","Typically Tropical","Rocket Now / Hole In The Sky",https://www.discogs.com/release/5245274,1975,"7"" - Archive 07 - [...T-Z]"
"Tyree Cooper","Tyree Cooper","Turn Up The Bass",https://www.discogs.com/release/239025,1989,"7"" - Playlist - 06 [...S-Z]"
"U.K. Joe","U.K. Joe","Smoke Gets In Your Eyes",https://www.discogs.com/release/5093326,1972,"7"" - Archive 07 - [...T-Z]"
U2,U2,"Angel Of Harlem",https://www.discogs.com/release/3083429,1988,"7"" - Playlist - 06 [...S-Z]"
U2,U2,Desire,https://www.discogs.com/release/1470141,1988,"7"" - Playlist - 06 [...S-Z]"
U2,U2,"I Still Haven't Found What I'm Looking For",https://www.discogs.com/release/545239,1987,"7"" - Playlist - 06 [...S-Z]"
U2,U2,"I Will Follow",https://www.discogs.com/release/700888,1980,"7"" - Playlist - 06 [...S-Z]"
U2,U2,"If God Will Send His Angels",https://www.discogs.com/release/486632,1997,"7"" - Playlist - 06 [...S-Z]"
U2,U2,"In God's Country",https://www.discogs.com/release/1878515,1987,"7"" - Playlist - 06 [...S-Z]"
U2,U2,"New Year's Day",https://www.discogs.com/release/5633780,1983,"7"" - Playlist - 06 [...S-Z]"
U2,U2,"Pride (In The Name Of Love)",https://www.discogs.com/release/396573,1984,"7"" - Playlist - 06 [...S-Z]"
U2,U2,"Two Hearts Beat As One",https://www.discogs.com/release/823368,1983,"7"" - Playlist - 06 [...S-Z]"
U2,U2,"Where The Streets Have No Name",https://www.discogs.com/release/1335287,1987,"7"" - Playlist - 06 [...S-Z]"
U2,U2,"With Or Without You",https://www.discogs.com/release/2984733,1987,"7"" - Playlist - 06 [...S-Z]"
"U2 With B.B. King","U2 With B.B. King","When Love Comes To Town",https://www.discogs.com/release/413582,1989,"7"" - Playlist - 06 [...S-Z]"
UB40,UB40,"(I Can't Help) Falling In Love With You",https://www.discogs.com/release/865223,1993,"7"" - Playlist - 06 [...S-Z]"
UB40,UB40,"Cherry Oh Baby",https://www.discogs.com/release/1176536,1984,"7"" - Playlist - 06 [...S-Z]"
UB40,UB40,"Don't Break My Heart",https://www.discogs.com/release/5195369,1985,"7"" - Playlist - 06 [...S-Z]"
UB40,UB40,"Homely Girl",https://www.discogs.com/release/1758261,1989,Uncategorized
UB40,UB40,"I Think Its Going To Rain / My Way Of Thinking",https://www.discogs.com/release/502859,1980,"7"" - Playlist - 06 [...S-Z]"
UB40,UB40,"I Won't Close My Eyes",https://www.discogs.com/release/701695,1982,"7"" - Playlist - 06 [...S-Z]"
UB40,UB40,"If It Happens Again",https://www.discogs.com/release/1207114,1984,"7"" - Playlist - 06 [...S-Z]"
UB40,UB40,"King / Food For Thought",https://www.discogs.com/release/20084611,1980,"7"" - Playlist - 06 [...S-Z]"
UB40,UB40,"Kingston Town",https://www.discogs.com/release/4247159,1990,"7"" - Playlist - 06 [...S-Z]"
UB40,UB40,"Many Rivers To Cross",https://www.discogs.com/release/1176546,1983,"7"" - Playlist - 06 [...S-Z]"
UB40,UB40,"One In Ten / Present Arms In Dub",https://www.discogs.com/release/848773,1981,"7"" - Playlist - 06 [...S-Z]"
UB40,UB40,"Please Don't Make Me Cry",https://www.discogs.com/release/1801995,1983,"7"" - Playlist - 06 [...S-Z]"
UB40,UB40,"Rat In Mi Kitchen",https://www.discogs.com/release/741712,1987,"7"" - Playlist - 06 [...S-Z]"
UB40,UB40,"Red Red Wine",https://www.discogs.com/release/330297,1983,"7"" - Playlist - 06 [...S-Z]"
UB40,UB40,"Riddle Me",https://www.discogs.com/release/1456135,1984,"7"" - Playlist - 06 [...S-Z]"
UB40,UB40,"Sing Our Own Song",https://www.discogs.com/release/1056471,1986,"7"" - Playlist - 06 [...S-Z]"
UB40,UB40,"The Earth Dies Screaming / Dream A Lie",https://www.discogs.com/release/1214874,1980,"7"" - Playlist - 06 [...S-Z]"
UB40,UB40,"Wear You To The Ball",https://www.discogs.com/release/1431488,1990,"7"" - Playlist - 06 [...S-Z]"
UB40,"UB40 Guest Vocals By Chrissie Hynde","I Got You Babe",https://www.discogs.com/release/552478,1985,"7"" - Playlist - 06 [...S-Z]"
UB40,"UB40 With Chrissie Hynde","Breakfast In Bed",https://www.discogs.com/release/1455249,1988,"7"" - Playlist - 06 [...S-Z]"
UFO,UFO,"Doctor Doctor",https://www.discogs.com/release/1593641,1979,"7"" - Playlist - 06 [...S-Z]"
UFO,UFO,"Only You Can Rock Me / Cherry / Rock Bottom",https://www.discogs.com/release/2467224,1978,"7"" - Playlist - 06 [...S-Z]"
UFO,UFO,"Shoot Shoot",https://www.discogs.com/release/1211136,1979,"7"" - Playlist - 06 [...S-Z]"
"UK Mixmasters","UK Mixmasters","Bare Necessities Megamix",https://www.discogs.com/release/472565,1991,"7"" - Archive 07 - [...T-Z]"
"UK Subs","UK Subs","She's Not There",https://www.discogs.com/release/1491692,1979,"7"" - Playlist - 06 [...S-Z]"
"UK Subs","UK Subs","Tomorrows Girls",https://www.discogs.com/release/502864,1979,"7"" - Playlist - 06 [...S-Z]"
"Ulf G. Åhslund","Ulf G. Åhslund","Play Guitar",https://www.discogs.com/release/3563126,1974,"7"" - Archive 07 - [...T-Z]"
Ultravox,Ultravox,"All Stood Still",https://www.discogs.com/release/1081763,1981,"7"" - Playlist - 06 [...S-Z]"
Ultravox,Ultravox,"Dancing With Tears In My Eyes",https://www.discogs.com/release/129146,1984,"7"" - Playlist - 06 [...S-Z]"
Ultravox,Ultravox,Hymn,https://www.discogs.com/release/3313609,1982,"7"" - Playlist - 06 [...S-Z]"
Ultravox,Ultravox,Lament,https://www.discogs.com/release/457220,1984,"7"" - Playlist - 06 [...S-Z]"
Ultravox,Ultravox,"Love's Great Adventure",https://www.discogs.com/release/604563,1984,"7"" - Playlist - 06 [...S-Z]"
Ultravox,Ultravox,"Reap The Wild Wind",https://www.discogs.com/release/5848747,1982,"7"" - Playlist - 06 [...S-Z]"
Ultravox,Ultravox,"Same Old Story",https://www.discogs.com/release/12125728,1986,"7"" - Playlist - 06 [...S-Z]"
Ultravox,Ultravox,Vienna,https://www.discogs.com/release/1989095,1981,"7"" - Playlist - 06 [...S-Z]"
Ultravox,Ultravox,"Visions In Blue",https://www.discogs.com/release/416091,1983,"7"" - Playlist - 06 [...S-Z]"
Undercover,Undercover,"Baker Street",https://www.discogs.com/release/5963838,1992,"7"" - Archive 07 - [...T-Z]"
Undertones,Undertones,"Chain Of Love",https://www.discogs.com/release/3171293,1983,"7"" - Playlist - 06 [...S-Z]"
Undertones,Undertones,"Get Over You",https://www.discogs.com/release/508418,1979,"7"" - Playlist - 06 [...S-Z]"
Undertones,Undertones,"Here Comes The Summer",https://www.discogs.com/release/5389256,1979,"7"" - Playlist - 06 [...S-Z]"
Undertones,Undertones,"It's Going To Happen!",https://www.discogs.com/release/474685,1981,"7"" - Playlist - 06 [...S-Z]"
Undertones,Undertones,"Jimmy Jimmy",https://www.discogs.com/release/4856566,1979,"7"" - Playlist - 06 [...S-Z]"
Undertones,Undertones,"Julie Ocean / Kiss In The Dark",https://www.discogs.com/release/1165088,1981,"7"" - Playlist - 06 [...S-Z]"
Undertones,Undertones,"My Perfect Cousin",https://www.discogs.com/release/550786,1980,"7"" - Playlist - 06 [...S-Z]"
Undertones,Undertones,"Teenage Kicks",https://www.discogs.com/release/9216498,1978,"7"" - Playlist - 06 [...S-Z]"
Undertones,Undertones,"The Love Parade",https://www.discogs.com/release/1466599,1982,"7"" - Playlist - 06 [...S-Z]"
Undertones,Undertones,"Wednesday Week",https://www.discogs.com/release/17760199,1980,"7"" - Playlist - 06 [...S-Z]"
Undertones,Undertones,"You've Got My Number < Why Don't You Use It! >",https://www.discogs.com/release/916163,1979,"7"" - Playlist - 06 [...S-Z]"
"Unknown Artist","Unknown Artist","A Personalised Record For Nicola",https://www.discogs.com/release/2730168,1982,"7"" - Archive 07 - [...T-Z]"
"Unknown Artist","Unknown Artist","A Personalised Record For Robert",https://www.discogs.com/release/18193597,1982,"7"" - Archive 07 - [...T-Z]"
"Unknown Artist","Unknown Artist","Boom Bang-A-Bang / Sugar Sugar",https://www.discogs.com/release/1467178,1969,"7"" - Archive 07 - [...T-Z]"
"Unknown Artist","Unknown Artist",Cinderella,https://www.discogs.com/release/6812705,1962,"7"" - Archive 07 - [...T-Z]"
"Unknown Artist","Unknown Artist","I'll Never Fall In Love Again",https://www.discogs.com/release/13588596,1969,"7"" - Archive 07 - [...T-Z]"
"Unknown Artist","Unknown Artist","Montego Bay",https://www.discogs.com/release/4048213,1970,"7"" - Archive 07 - [...T-Z]"
"Unknown Artist","Unknown Artist","My Marie",https://www.discogs.com/release/4479730,1970,"7"" - Archive 07 - [...T-Z]"
"Unknown Artist","Unknown Artist","Rudolph The Red Nosed Reindeer / Rupert",https://www.discogs.com/release/735813,1971,"7"" - Holiday [#,A-Z]"
"Unknown Artist","Unknown Artist","SIX HIT",https://www.discogs.com/release/14832773,1964,"7"" - Archive 07 - [...T-Z]"
"Unknown Artist","Unknown Artist","Say-It-Yourself In French / Say-It-Yourself In Spanish",https://www.discogs.com/release/5857969,"","7"" - Archive 07 - [...T-Z]"
"Unknown Artist","Unknown Artist","Shall We Dance..",https://www.discogs.com/release/30302159,1979,"7"" - Archive 07 - [...T-Z]"
"Unknown Artist","Unknown Artist","Top Pops",https://www.discogs.com/release/7219743,1966,"7"" - Archive 07 - [...T-Z]"
"Unknown Artist","Unknown Artist","Top Pops - Volume 5",https://www.discogs.com/release/4756482,1965,"7"" - Archive 07 - [...T-Z]"
"Unknown Artist","Unknown Artist","Top Six No. 3",https://www.discogs.com/release/4217075,1964,"7"" - Archive 07 - [...T-Z]"
"Unknown Artist","Unknown Artist","Viva Spania",https://www.discogs.com/release/26190719,"","7"" - Archive 07 - [...T-Z]"
Upsetters,Upsetters,"Return Of Django",https://www.discogs.com/release/5509642,1969,"7"" - Retro - 03 [S-Z]"
"Uriah Heep","Uriah Heep","Free Me",https://www.discogs.com/release/2863222,1977,"7"" - Archive 07 - [...T-Z]"
"Uropa Lula","Uropa Lula","Our Love Has Just Begun",https://www.discogs.com/release/2155084,1982,"7"" - Archive 07 - [...T-Z]"
"USA For Africa","USA For Africa","We Are The World",https://www.discogs.com/release/8465181,1985,"7"" - Playlist - 06 [...S-Z]"
"Utah Saints","Utah Saints","Something Good",https://www.discogs.com/release/35499,1992,"7"" - Archive 07 - [...T-Z]"
Utopia,Utopia,Mated,https://www.discogs.com/release/1812540,1985,"7"" - Archive 07 - [...T-Z]"
"Vader Abraham","Vader Abraham","The Smurf Song",https://www.discogs.com/release/808592,1978,"7"" - Novelty [#,A-Z]"
"Vader Abraham And The Smurfs","Vader Abraham And The Smurfs","Christmas In Smurfland",https://www.discogs.com/release/25083058,1978,"7"" - Holiday [#,A-Z]"
"Val Doonican","Val Doonican","Elusive Butterfly",https://www.discogs.com/release/6115911,1966,"7"" - Archive 07 - [...T-Z]"
"Val Doonican","Val Doonican","If The Whole World Stopped Lovin'",https://www.discogs.com/release/6116864,1967,"7"" - Archive 07 - [...T-Z]"
"Val Doonican","Val Doonican","Just To Satisfy You",https://www.discogs.com/release/2718191,1965,"7"" - Archive 07 - [...T-Z]"
"Val Doonican","Val Doonican",Morning,https://www.discogs.com/release/1969962,1971,"7"" - Archive 07 - [...T-Z]"
"Val Doonican","Val Doonican","The Special Years",https://www.discogs.com/release/6117430,1965,"7"" - Archive 07 - [...T-Z]"
"Val Doonican","Val Doonican","Walk Tall",https://www.discogs.com/release/14892078,"","7"" - Archive 07 - [...T-Z]"
"Val Doonican","Val Doonican","What Would I Be",https://www.discogs.com/release/6610396,1966,"7"" - Archive 07 - [...T-Z]"
"Van Doren","Van Doren","Van Doren Piano Medley",https://www.discogs.com/release/19282789,1963,"7"" - Archive 07 - [...T-Z]"
"Van Halen","Van Halen",Jump!,https://www.discogs.com/release/376451,1983,"7"" - Playlist - 06 [...S-Z]"
"Van Halen","Van Halen","Why Can't This Be Love",https://www.discogs.com/release/9290733,1986,"7"" - Playlist - 06 [...S-Z]"
"Van Halen","Van Halen","You Really Got Me",https://www.discogs.com/release/9037915,1978,"7"" - Archive 07 - [...T-Z]"
"Van McCoy","Van McCoy","Soul Cha Cha ",https://www.discogs.com/release/830585,1976,"7"" - Archive 07 - [...T-Z]"
"Van McCoy","Van McCoy","The Hustle (Remixed Version)",https://www.discogs.com/release/1310841,1979,"7"" - Archive 07 - [...T-Z]"
"Van McCoy","Van McCoy","The Shuffle",https://www.discogs.com/release/392032,1977,"7"" - Retro - 03 [S-Z]"
"Van McCoy & The Soul City Symphony","Van McCoy & The Soul City Symphony","The Hustle",https://www.discogs.com/release/8565573,1975,"7"" - Retro - 03 [S-Z]"
"Van Morrison","Van Morrison","Got To Go Back",https://www.discogs.com/release/2778671,1986,"7"" - Archive 07 - [...T-Z]"
"Van Morrison With Cliff Richard","Van Morrison With Cliff Richard","Whenever God Shines His Light",https://www.discogs.com/release/1505419,1989,"7"" - Archive 07 - [...T-Z]"
"Vanessa Paradis","Vanessa Paradis","Joe Le Taxi",https://www.discogs.com/release/7781415,1988,"7"" - Playlist - 06 [...S-Z]"
"Vanessa Williams","Vanessa Williams","The Right Stuff (7"" Remix)",https://www.discogs.com/release/2666821,1989,"7"" - Archive 07 - [...T-Z]"
Vangelis,Vangelis,"Chariots Of Fire–Titles",https://www.discogs.com/release/10114966,1981,"7"" - Archive 07 - [...T-Z]"
"Vanilla Fudge","Vanilla Fudge","You Keep Me Hangin' On",https://www.discogs.com/release/2397138,1967,"7"" - Retro - 03 [S-Z]"
"Vanilla Ice","Vanilla Ice","Ice Ice Baby",https://www.discogs.com/release/3559172,1990,"7"" - Playlist - 06 [...S-Z]"
"Vanilla Ice","Vanilla Ice","Play That Funky Music",https://www.discogs.com/release/3214534,1991,"7"" - Playlist - 06 [...S-Z]"
Vapors,Vapors,"Jimmie Jones",https://www.discogs.com/release/1787284,1981,"7"" - Playlist - 06 [...S-Z]"
Vapors,Vapors,"News At Ten",https://www.discogs.com/release/413515,1980,"7"" - Playlist - 06 [...S-Z]"
Vapors,Vapors,"Turning Japanese",https://www.discogs.com/release/2478125,1980,"7"" - Playlist - 06 [...S-Z]"
Various,Various,"4 Track Solid EP",https://www.discogs.com/release/198311,1986,"7"" - Archive 07 - [...T-Z]"
Various,Various,"Are You Really Mine?",https://www.discogs.com/release/10629868,1958,"7"" - Archive 07 - [...T-Z]"
Various,Various,"Auf Und Nieder",https://www.discogs.com/release/30299879,"","7"" - Archive 07 - [...T-Z]"
Various,Various,"Calibre Cuts",https://www.discogs.com/release/2565118,1980,"7"" - Archive 07 - [...T-Z]"
Various,Various,"Cannon Hits Of Today",https://www.discogs.com/release/11117133,1962,"7"" - Archive 07 - [...T-Z]"
Various,Various,"Drastic Plastic",https://www.discogs.com/release/424064,1985,"7"" - Archive 07 - [...T-Z]"
Various,Various,"Excerpts From The Original Rock Opera Jesus Christ Superstar",https://www.discogs.com/release/2868323,1971,"7"" - Archive 07 - [...T-Z]"
Various,Various,"Ferry 'Cross The Mersey",https://www.discogs.com/release/11410500,1989,"7"" - Archive 07 - [...T-Z]"
Various,Various,Fourplay,https://www.discogs.com/release/196616,1986,"7"" - Archive 07 - [...T-Z]"
Various,Various,"Gruß aus Mayrhofen",https://www.discogs.com/release/12307184,"","7"" - Archive 01 - [#,A-C..]"
Various,Various,"Hits From ""Summer Holiday""",https://www.discogs.com/release/3925239,1963,"7"" - Archive 07 - [...T-Z]"
Various,Various,"Hits From My Fair Lady",https://www.discogs.com/release/5757866,1958,"7"" - Archive 06 - [...P-T...]"
Various,Various,"Holiday In Paris",https://www.discogs.com/release/3921805,1960,"7"" - Archive 07 - [...T-Z]"
Various,Various,"Molten Rock",https://www.discogs.com/release/2565158,1982,"7"" - Archive 07 - [...T-Z]"
Various,Various,"Music For 5a.m.",https://www.discogs.com/release/2565108,"","7"" - Archive 07 - [...T-Z]"
Various,Various,"NME Readers' Poll Winners '84",https://www.discogs.com/release/222820,1985,"7"" - Archive 07 - [...T-Z]"
Various,Various,"On The Groove Tip 1",https://www.discogs.com/release/358981,1989,"7"" - Archive 07 - [...T-Z]"
Various,Various,"Phillyfreebie ",https://www.discogs.com/release/1646042,1976,"7"" - Archive 07 - [...T-Z]"
Various,Various,"Polydor Presents....",https://www.discogs.com/release/586520,1986,"7"" - Archive 07 - [...T-Z]"
Various,Various,"Promise Me Love",https://www.discogs.com/release/9176590,1958,"7"" - Archive 07 - [...T-Z]"
Various,Various,"Raw Power Vol. 3",https://www.discogs.com/release/1463292,1990,"7"" - Archive 07 - [...T-Z]"
Various,Various,"Sonic Sounds 1",https://www.discogs.com/release/564357,1987,"7"" - Archive 07 - [...T-Z]"
Various,Various,"Supercalifragilisticexpialidocius / Three Little Fishes",https://www.discogs.com/release/2404469,"","7"" - Archive 07 - [...T-Z]"
Various,Various,"The Brits 1990 (Dance Medley)",https://www.discogs.com/release/175394,1990,"7"" - Archive 07 - [...T-Z]"
Various,Various,"The Hit RED Hot EP",https://www.discogs.com/release/1079308,1985,"7"" - Archive 07 - [...T-Z]"
Various,Various,"Tops In Pops No. 1",https://www.discogs.com/release/5998737,1957,"7"" - Archive 07 - [...T-Z]"
Various,Various,"Twist (The Twist)",https://www.discogs.com/release/2662851,1962,"7"" - Archive 07 - [...T-Z]"
Various,Various,"Vocal Gems From ""Annie Get Your Gun""",https://www.discogs.com/release/1723784,1957,"7"" - Archive 07 - [...T-Z]"
"Various Artists","Various Artists","Perfect Day '97",https://www.discogs.com/release/3325931,1997,"7"" - Playlist - 06 [...S-Z]"
"Vera Lynn","Vera Lynn","Nursery Rhymes Sung By Vera Lynn",https://www.discogs.com/release/9061424,1959,"7"" - Archive 07 - [...T-Z]"
"Vesta Williams","Vesta Williams","Once Bitten Twice Shy",https://www.discogs.com/release/1570946,1986,"7"" - Archive 07 - [...T-Z]"
Vibrators,Vibrators,"Automatic Lover",https://www.discogs.com/release/11265124,1978,"7"" - Playlist - 06 [...S-Z]"
Vibrators,Vibrators,"Baby, Baby",https://www.discogs.com/release/1206990,1977,"7"" - Playlist - 06 [...S-Z]"
Vibrators,Vibrators,"Judy Says (Knock You In The Head)",https://www.discogs.com/release/991174,1978,"7"" - Playlist - 06 [...S-Z]"
"Vic Reeves Y El The Wonder Stuff","Vic Reeves Y El The Wonder Stuff",Dizzy,https://www.discogs.com/release/659423,1991,"7"" - Playlist - 06 [...S-Z]"
"Vicky ""D""","Vicky ""D""","This Beat Is Mine",https://www.discogs.com/release/2127548,1982,"7"" - Archive 07 - [...T-Z]"
"Vicky Leandros","Vicky Leandros","Come What May",https://www.discogs.com/release/5262509,1972,"7"" - Archive 07 - [...T-Z]"
"Victor Silvester And His Ballroom Orchestra","Victor Silvester And His Ballroom Orchestra","I Remember You ",https://www.discogs.com/release/9200142,1962,"7"" - Archive 07 - [...T-Z]"
"View From The Hill","View From The Hill","No Conversation",https://www.discogs.com/release/11089132,1986,"7"" - Archive 07 - [...T-Z]"
"Vikki Carr","Vikki Carr","Between Two People",https://www.discogs.com/release/4345412,1974,"7"" - Archive 07 - [...T-Z]"
"Village People","Village People","Can't Stop The Music",https://www.discogs.com/release/16329054,1980,"7"" - Archive 07 - [...T-Z]"
"Village People","Village People","Go West ",https://www.discogs.com/release/1296560,1979,"7"" - Playlist - 06 [...S-Z]"
"Village People","Village People","In The Navy",https://www.discogs.com/release/563881,1979,"7"" - Playlist - 06 [...S-Z]"
"Village People","Village People","San Francisco (You've Got Me)",https://www.discogs.com/release/2313566,1977,"7"" - Archive 07 - [...T-Z]"
"Village People","Village People",Y.M.C.A.,https://www.discogs.com/release/2765879,1978,"7"" - Playlist - 06 [...S-Z]"
"Vince Everett","Vince Everett","Since I Don't Have You",https://www.discogs.com/release/6538051,1976,"7"" - Archive 07 - [...T-Z]"
"Vince Hill","Vince Hill",Edelweiss,https://www.discogs.com/release/1476864,1967,"7"" - Archive 07 - [...T-Z]"
"Vince Hill","Vince Hill","Look Around (And You'll Find Me There)",https://www.discogs.com/release/5553764,1971,"7"" - Archive 07 - [...T-Z]"
"Vince Hill","Vince Hill","Love Letters In The Sand",https://www.discogs.com/release/3177187,1967,"7"" - Archive 07 - [...T-Z]"
"Vince Hill","Vince Hill","Take Me To Your Heart Again",https://www.discogs.com/release/698008,1965,"7"" - Archive 07 - [...T-Z]"
"Vince Hill","Vince Hill","You Forgot To Remember",https://www.discogs.com/release/2865977,1968,"7"" - Archive 07 - [...T-Z]"
"Viola Wills","Viola Wills","Gonna Get Along Without You Now",https://www.discogs.com/release/916368,1979,"7"" - Archive 07 - [...T-Z]"
Violinski,Violinski,"Clog Dance",https://www.discogs.com/release/8949086,1979,"7"" - Playlist - 06 [...S-Z]"
Violinski,Violinski,"Ruby Rhythms",https://www.discogs.com/release/14377210,1980,"7"" - Archive 07 - [...T-Z]"
"Virginia McKenna / Sovereign Collection","Virginia McKenna / Sovereign Collection","The Love That I Have (Violette) / Homage To Renoir",https://www.discogs.com/release/2154621,1974,"7"" - Archive 07 - [...T-Z]"
Visage,Visage,"Damned Don't Cry",https://www.discogs.com/release/8778949,1982,"7"" - Playlist - 06 [...S-Z]"
Visage,Visage,"Fade To Grey",https://www.discogs.com/release/2235318,1980,"7"" - Playlist - 06 [...S-Z]"
Visage,Visage,"Mind Of A Toy",https://www.discogs.com/release/5703272,1981,"7"" - Playlist - 06 [...S-Z]"
"Vitamin Z","Vitamin Z","Hi Hi Friend",https://www.discogs.com/release/5417935,1985,"7"" - Archive 07 - [...T-Z]"
"Vladimir Cosma","Vladimir Cosma",Kidnapped,https://www.discogs.com/release/3354650,1979,"7"" - Archive 07 - [...T-Z]"
"Voice Of The Beehive","Voice Of The Beehive","Don't Call Me Baby",https://www.discogs.com/release/25538989,"","7"" - Playlist - 06 [...S-Z]"
"Voice Of The Beehive","Voice Of The Beehive","I Say Nothing",https://www.discogs.com/release/10009624,1988,"7"" - Playlist - 06 [...S-Z]"
"Voice Of The Beehive","Voice Of The Beehive","I Walk The Earth",https://www.discogs.com/release/917600,1988,"7"" - Playlist - 06 [...S-Z]"
Voyage,Voyage,"From East To West",https://www.discogs.com/release/2091722,1978,"7"" - Archive 07 - [...T-Z]"
W.A.S.P.,W.A.S.P.,"Live Animal (F**k Like A Beast)",https://www.discogs.com/release/3391548,1988,"7"" - Playlist - 06 [...S-Z]"
"Wa Wa Nee","Wa Wa Nee",Stimulation,https://www.discogs.com/release/2409234,1988,"7"" - Archive 07 - [...T-Z]"
"Wah! & Pete Wylie","Pete Wylie And The Oedipus Wrecks",Sinful!,https://www.discogs.com/release/142545,1986,"7"" - Playlist - 06 [...S-Z]"
"Wah! & Pete Wylie",Wah!,"Come Back",https://www.discogs.com/release/217436,1984,"7"" - Playlist - 06 [...S-Z]"
"Wah! & Pete Wylie",Wah!,"The Story Of The Blues",https://www.discogs.com/release/217435,1982,"7"" - Playlist - 06 [...S-Z]"
"Waitresses / Charlélie Couture","Waitresses / Charlélie Couture","Christmas Wrapping",https://www.discogs.com/release/883490,1981,"7"" - Holiday [#,A-Z]"
"Waldo De Los Rios","Waldo De Los Rios","Symphony No. 40 In G Minor K550",https://www.discogs.com/release/13082077,1971,"7"" - Archive 07 - [...T-Z]"
"Walker Brothers","Walker Brothers","No Regrets",https://www.discogs.com/release/592814,1975,"7"" - Retro - 03 [S-Z]"
"Wally Whyton","Wally Whyton","14 Children's Favourites",https://www.discogs.com/release/6812990,1962,"7"" - Archive 07 - [...T-Z]"
"Wanda Jackson","Wanda Jackson","Let's Have A Party",https://www.discogs.com/release/2954286,1960,"7"" - Retro - 03 [S-Z]"
"Wang Chung","Wang Chung","Dance Hall Days",https://www.discogs.com/release/260686,1983,"7"" - Playlist - 06 [...S-Z]"
"Wang Chung","Wang Chung","Let's Go",https://www.discogs.com/release/3743089,1987,"7"" - Archive 07 - [...T-Z]"
War,War,Galaxy,https://www.discogs.com/release/375391,1977,"7"" - Archive 07 - [...T-Z]"
War,War,"Groovin'",https://www.discogs.com/release/742161,1985,"7"" - Archive 07 - [...T-Z]"
War,War,"Hey Señorita",https://www.discogs.com/release/4974927,1978,"7"" - Archive 07 - [...T-Z]"
War,War,"Just Because",https://www.discogs.com/release/1368292,1982,"7"" - Archive 07 - [...T-Z]"
War,War,"Low Rider",https://www.discogs.com/release/9036683,1975,"7"" - Retro - 03 [S-Z]"
War,War,"Me And Baby Brother",https://www.discogs.com/release/691086,1976,"7"" - Archive 07 - [...T-Z]"
War,War,Summer,https://www.discogs.com/release/464644,1976,"7"" - Archive 07 - [...T-Z]"
War,War,"Why Can't We Be Friends? / In Mazatlan",https://www.discogs.com/release/3725399,1975,"7"" - Retro - 03 [S-Z]"
War,War,"You Got The Power",https://www.discogs.com/release/1889905,1982,"7"" - Archive 07 - [...T-Z]"
"Ward Brothers","Ward Brothers","Cross That Bridge",https://www.discogs.com/release/591215,1986,"7"" - Archive 07 - [...T-Z]"
"Ward Swingle","Ward Swingle","Opus No 1",https://www.discogs.com/release/6789157,1979,"7"" - Archive 07 - [...T-Z]"
Was,Was,"Anything Can Happen...",https://www.discogs.com/release/1349441,1988,"7"" - Archive 07 - [...T-Z]"
Was,Was,"Papa Was A Rolling Stone",https://www.discogs.com/release/1737460,1990,"7"" - Archive 07 - [...T-Z]"
Was,Was,"Shake Your Head",https://www.discogs.com/release/4273099,1992,"7"" - Playlist - 06 [...S-Z]"
Was,Was,"Tell Me That I'm Dreaming",https://www.discogs.com/release/4485646,1982,"7"" - Archive 07 - [...T-Z]"
Was,Was,"Walk The Dinosaur",https://www.discogs.com/release/1264940,1987,"7"" - Playlist - 06 [...S-Z]"
"Wasted Youth","Wasted Youth",Jealousy,https://www.discogs.com/release/439230,1980,"7"" - Archive 07 - [...T-Z]"
"Water Pistols","Water Pistols","Gimme That Punk Junk",https://www.discogs.com/release/28081483,1976,"7"" - Playlist - 06 [...S-Z]"
Waterboys,Waterboys,"The Whole Of The Moon",https://www.discogs.com/release/4781238,1991,"7"" - Playlist - 06 [...S-Z]"
Wax,Wax,"Building A Bridge To Your Heart",https://www.discogs.com/release/849317,1987,"7"" - Playlist - 06 [...S-Z]"
"Waylon Jennings / Corniche","Waylon Jennings / Corniche","Theme From The Dukes Of Hazzards / Theme From Chips",https://www.discogs.com/release/1406404,1982,"7"" - Archive 07 - [...T-Z]"
"Wayne County & The Electric Chairs","Electric Chairs","Eddie & Sheena",https://www.discogs.com/release/9798977,1978,"7"" - Playlist - 06 [...S-Z]"
"Wayne County & The Electric Chairs","Wayne County & The Electric Chairs","Thunder When She Walks / What You Got",https://www.discogs.com/release/2001287,1979,"7"" - Playlist - 06 [...S-Z]"
"Wayne County & The Electric Chairs","Wayne County And The Electric Chairs","Blatantly Offenzive E.P.",https://www.discogs.com/release/1351048,1978,"7"" - Playlist - 06 [...S-Z]"
"We've Got A Fuzzbox & We're Gonna Use It!","We've Got A Fuzzbox And We're Gonna Use It","International Rescue",https://www.discogs.com/release/475455,1989,"7"" - Playlist - 06 [...S-Z]"
"We've Got A Fuzzbox & We're Gonna Use It!","We've Got A Fuzzbox And We're Gonna Use It","Love Is The Slug",https://www.discogs.com/release/751413,1986,"7"" - Playlist - 06 [...S-Z]"
"We've Got A Fuzzbox & We're Gonna Use It!","We've Got A Fuzzbox And We're Gonna Use It","Pink Sunshine",https://www.discogs.com/release/491841,1989,"7"" - Playlist - 06 [...S-Z]"
"Weather Girls","Weather Girls","It's Raining Men",https://www.discogs.com/release/11310084,1982,"7"" - Playlist - 06 [...S-Z]"
Weathermen,Weathermen,"It's The Same Old Song",https://www.discogs.com/release/9880766,1970,"7"" - Retro - 03 [S-Z]"
"Wedding Present","Wedding Present","3 Songs",https://www.discogs.com/release/1638666,1990,"7"" - Playlist - 06 [...S-Z]"
"Wedding Present","Wedding Present",Kennedy,https://www.discogs.com/release/1189329,1989,"7"" - Playlist - 06 [...S-Z]"
"Wee Papa Girl Rappers Featuring Two Men And A Drum Machine","Wee Papa Girl Rappers Featuring Two Men And A Drum Machine","Heat It Up",https://www.discogs.com/release/1056407,1988,"7"" - Archive 07 - [...T-Z]"
"West End","West End","Love Rules",https://www.discogs.com/release/3316057,1995,"7"" - Playlist - 06 [...S-Z]"
"West End","West End Featuring Sybil","The Love I Lost",https://www.discogs.com/release/5340473,1993,"7"" - Playlist - 06 [...S-Z]"
"Westminster Cathedral Choir, George Malcolm, Benjamin Britten","Westminster Cathedral Choir, George Malcolm, Benjamin Britten","Missa Brevis",https://www.discogs.com/release/3196310,1960,"7"" - Archive 07 - [...T-Z]"
Westworld,Westworld,"Sonic Boom Boy",https://www.discogs.com/release/749021,1987,"7"" - Playlist - 06 [...S-Z]"
"Wet Wet Wet","Wet Wet Wet","Angel Eyes (Home And Away)",https://www.discogs.com/release/1678482,1987,"7"" - Playlist - 06 [...S-Z]"
"Wet Wet Wet","Wet Wet Wet","Goodnight Girl",https://www.discogs.com/release/2606272,1992,"7"" - Playlist - 06 [...S-Z]"
"Wet Wet Wet","Wet Wet Wet","Love Is All Around",https://www.discogs.com/release/592875,1994,"7"" - Playlist - 06 [...S-Z]"
"Wet Wet Wet","Wet Wet Wet","Sweet Little Mystery",https://www.discogs.com/release/1015692,1987,"7"" - Playlist - 06 [...S-Z]"
"Wet Wet Wet","Wet Wet Wet","Sweet Surrender",https://www.discogs.com/release/10210209,1989,"7"" - Playlist - 06 [...S-Z]"
"Wet Wet Wet","Wet Wet Wet",Temptation,https://www.discogs.com/release/2142046,1988,"7"" - Playlist - 06 [...S-Z]"
"Wet Wet Wet","Wet Wet Wet","Wishing I Was Lucky",https://www.discogs.com/release/9967204,1987,"7"" - Playlist - 06 [...S-Z]"
"Wet Wet Wet","Wet Wet Wet / Billy Bragg","With A Little Help From My Friends / She's Leaving Home",https://www.discogs.com/release/515490,1988,"7"" - Playlist - 06 [...S-Z]"
"Wet Willie","Wet Willie","Keep On Smilin'",https://www.discogs.com/release/3223489,1974,"7"" - Archive 07 - [...T-Z]"
Wham!,Wham!,"Bad Boys",https://www.discogs.com/release/1069596,1983,"7"" - Playlist - 06 [...S-Z]"
Wham!,Wham!,"Club Tropicana",https://www.discogs.com/release/388159,1983,"7"" - Playlist - 06 [...S-Z]"
Wham!,Wham!,Freedom,https://www.discogs.com/release/5504637,1984,"7"" - Playlist - 06 [...S-Z]"
Wham!,Wham!,"I'm Your Man",https://www.discogs.com/release/392146,1985,"7"" - Playlist - 06 [...S-Z]"
Wham!,Wham!,"Last Christmas / Everything She Wants",https://www.discogs.com/release/18303298,1984,"7"" - Holiday [#,A-Z]"
Wham!,Wham!,"The Edge Of Heaven",https://www.discogs.com/release/12602633,1986,"7"" - Playlist - 06 [...S-Z]"
Wham!,Wham!,"Wake Me Up Before You Go-Go",https://www.discogs.com/release/1275971,1984,"7"" - Playlist - 06 [...S-Z]"
Wham!,Wham!,"Wham Rap (Enjoy What You Do) (Special U.S. Re-Mix)",https://www.discogs.com/release/1691509,1983,"7"" - Playlist - 06 [...S-Z]"
Wham!,Wham!,"Young Guns (Go For It)",https://www.discogs.com/release/1245890,1982,"7"" - Playlist - 06 [...S-Z]"
"When In Rome","When In Rome","The Promise",https://www.discogs.com/release/1400847,1987,"7"" - Archive 07 - [...T-Z]"
"Whisky Galore","Whisky Galore","One For The Road",https://www.discogs.com/release/4124567,1976,"7"" - Archive 07 - [...T-Z]"
Whispers,Whispers,"A Mother For My Children",https://www.discogs.com/release/2157354,1973,"7"" - Archive 07 - [...T-Z]"
Whispers,Whispers,"And The Beat Goes On",https://www.discogs.com/release/7017206,1979,"7"" - Playlist - 06 [...S-Z]"
Whispers,Whispers,"I Can Make It Better",https://www.discogs.com/release/906703,1981,"7"" - Archive 07 - [...T-Z]"
Whispers,Whispers,"It's A Love Thing",https://www.discogs.com/release/691211,1981,"7"" - Playlist - 06 [...S-Z]"
Whispers,Whispers,"One For The Money",https://www.discogs.com/release/2067108,1976,"7"" - Archive 07 - [...T-Z]"
Whistle,Whistle,"(Nothing Serious) Just Buggin'",https://www.discogs.com/release/9944435,1986,"7"" - Playlist - 06 [...S-Z]"
"White & Torch","White & Torch",Parade,https://www.discogs.com/release/1487373,1982,"7"" - Archive 07 - [...T-Z]"
"White Plains","White Plains","Lovin' You Baby",https://www.discogs.com/release/2434218,1970,"7"" - Archive 07 - [...T-Z]"
"White Plains","White Plains","My Baby Loves Lovin' ",https://www.discogs.com/release/2174357,1970,"7"" - Archive 07 - [...T-Z]"
"White Plains","White Plains","When You Are A King",https://www.discogs.com/release/1601132,1971,"7"" - Archive 07 - [...T-Z]"
"White Plains With Peter Nelson","White Plains With Peter Nelson","Julie Do Ya Love Me",https://www.discogs.com/release/1601136,1970,"7"" - Archive 07 - [...T-Z]"
Whitesnake,Whitesnake,"Don't Break My Heart Again",https://www.discogs.com/release/1406960,1981,"7"" - Playlist - 06 [...S-Z]"
Whitesnake,Whitesnake,"Fool For Your Loving",https://www.discogs.com/release/1406865,1980,"7"" - Playlist - 06 [...S-Z]"
Whitesnake,Whitesnake,"Give Me All Your Love",https://www.discogs.com/release/1405758,1987,"7"" - Playlist - 06 [...S-Z]"
Whitesnake,Whitesnake,"Here I Go Again (USA Single Remix)",https://www.discogs.com/release/9548158,1987,"7"" - Playlist - 06 [...S-Z]"
Whitesnake,Whitesnake,"Is This Love",https://www.discogs.com/release/2803320,1987,"7"" - Archive 07 - [...T-Z]"
Whitesnake,Whitesnake,"Would I Lie To You",https://www.discogs.com/release/2301800,1981,"7"" - Playlist - 06 [...S-Z]"
"Whitney Houston","Whitney Houston","Didn't We Almost Have It All",https://www.discogs.com/release/583627,1987,"7"" - Playlist - 06 [...S-Z]"
"Whitney Houston","Whitney Houston","How Will I Know",https://www.discogs.com/release/1612272,1986,"7"" - Playlist - 06 [...S-Z]"
"Whitney Houston","Whitney Houston","I Wanna Dance With Somebody (Who Loves Me)",https://www.discogs.com/release/20759527,1987,"7"" - Playlist - 06 [...S-Z]"
"Whitney Houston","Whitney Houston","I Will Always Love You",https://www.discogs.com/release/670812,1992,"7"" - Playlist - 06 [...S-Z]"
"Whitney Houston","Whitney Houston","I'm Your Baby Tonight",https://www.discogs.com/release/3111963,1990,"7"" - Playlist - 06 [...S-Z]"
"Whitney Houston","Whitney Houston","One Moment In Time",https://www.discogs.com/release/4726416,1988,"7"" - Playlist - 06 [...S-Z]"
"Whitney Houston","Whitney Houston","Saving All My Love For You",https://www.discogs.com/release/9735460,1985,"7"" - Playlist - 06 [...S-Z]"
"Whitney Houston","Whitney Houston","So Emotional",https://www.discogs.com/release/1326597,1987,"7"" - Playlist - 06 [...S-Z]"
"Whitney Houston, Loleatta Holloway","Whitney Houston, Loleatta Holloway","Jackin' Disco Vol 5",https://www.discogs.com/release/34908200,2025,"7"" - Playlist - 06 [...S-Z]"
Who,Who,"Had Enough / Who Are You",https://www.discogs.com/release/7274217,1978,"7"" - Retro - 03 [S-Z]"
Who,Who,"I Can See For Miles",https://www.discogs.com/release/2176885,1967,"7"" - Retro - 03 [S-Z]"
Who,Who,"Join Together",https://www.discogs.com/release/4167851,1972,"7"" - Retro - 03 [S-Z]"
Who,Who,"Let's See Action",https://www.discogs.com/release/19191472,1971,"7"" - Retro - 03 [S-Z]"
Who,Who,"My Generation",https://www.discogs.com/release/1913781,1965,"7"" - Retro - 03 [S-Z]"
Who,Who,"Squeeze Box",https://www.discogs.com/release/7274132,1975,"7"" - Retro - 03 [S-Z]"
Who,Who,Substitute,https://www.discogs.com/release/1481237,1976,"7"" - Retro - 03 [S-Z]"
Who,Who,"Won't Get Fooled Again",https://www.discogs.com/release/1910761,1971,"7"" - Retro - 03 [S-Z]"
Who,Who,"You Better You Bet",https://www.discogs.com/release/7274321,1981,"7"" - Playlist - 06 [...S-Z]"
"Wiener Philharmoniker","Wiener Philharmoniker","The ""Onedin Line"" Theme",https://www.discogs.com/release/14643852,1971,"7"" - Archive 07 - [...T-Z]"
"Wigan's Chosen Few / Chuck Wood","Wigan's Chosen Few / Chuck Wood","Footsee / 7 Days Too Long",https://www.discogs.com/release/4704574,1975,"7"" - Archive 07 - [...T-Z]"
"Wild Cherry","Wild Cherry","Play That Funky Music",https://www.discogs.com/release/712881,1976,"7"" - Playlist - 06 [...S-Z]"
"Wild Oates","Wild Oates","Down Our Street",https://www.discogs.com/release/11228256,1977,"7"" - Archive 07 - [...T-Z]"
"Will Powers","Will Powers","Kissing With Confidence",https://www.discogs.com/release/80107,1983,"7"" - Playlist - 06 [...S-Z]"
"Will To Power","Will To Power","Freebaby (Baby, I Love Your Way / Freebird)",https://www.discogs.com/release/1084130,1988,"7"" - Archive 07 - [...T-Z]"
"William Bell","William Bell","Tryin' To Love Two / If Sex Was All We Had",https://www.discogs.com/release/2271592,1977,"7"" - Archive 07 - [...T-Z]"
"Williams Brothers","Williams Brothers","What's Your Name",https://www.discogs.com/release/3496533,1973,"7"" - Archive 07 - [...T-Z]"
"Willie Colón","Willie Colón","Set Fire To Me",https://www.discogs.com/release/823391,1986,"7"" - Archive 07 - [...T-Z]"
"Willy Alberti","Willy Alberti","Marina / Cerasella",https://www.discogs.com/release/3178254,1959,"7"" - Archive 07 - [...T-Z]"
"Willy Finlayson","Willy Finlayson","On The Air Tonight",https://www.discogs.com/release/140863,1984,"7"" - Archive 07 - [...T-Z]"
"Wilson Phillips","Wilson Phillips","Hold On",https://www.discogs.com/release/5641629,1990,"7"" - Playlist - 06 [...S-Z]"
"Wilson Phillips","Wilson Phillips","You Won't See Me Cry",https://www.discogs.com/release/1996052,1992,"7"" - Playlist - 06 [...S-Z]"
"Wilson Pickett","Wilson Pickett","In The Midnight Hour",https://www.discogs.com/release/13188800,1985,"7"" - Archive 07 - [...T-Z]"
"Wilson Pickett","Wilson Pickett","In The Midnight Hour / I'm Not Tired",https://www.discogs.com/release/5874477,1965,"7"" - Retro - 03 [S-Z]"
"Wilton Felder","Wilton Felder",Insight,https://www.discogs.com/release/4587950,1981,"7"" - Archive 07 - [...T-Z]"
"Windsor Davies And Don Estelle","Windsor Davies And Don Estelle","Whispering Grass",https://www.discogs.com/release/1470660,1975,"7"" - Novelty [#,A-Z]"
"Wing And A Prayer Fife And Drum Corps.","Wing And A Prayer Fife And Drum Corps.","Baby Face",https://www.discogs.com/release/1746690,1975,"7"" - Archive 07 - [...T-Z]"
Wings,Wings,"Band On The Run",https://www.discogs.com/release/4659790,1974,"7"" - Retro - 03 [S-Z]"
Wings,Wings,"Band On The Run",https://www.discogs.com/release/11502688,1974,"7"" - Retro - 03 [S-Z]"
Wings,Wings,"Goodnight Tonight",https://www.discogs.com/release/1258311,1979,"7"" - Retro - 03 [S-Z]"
Wings,Wings,"Helen Wheels",https://www.discogs.com/release/2366630,1973,"7"" - Retro - 03 [S-Z]"
Wings,Wings,"I've Had Enough",https://www.discogs.com/release/8571988,1978,"7"" - Retro - 03 [S-Z]"
Wings,Wings,Jet,https://www.discogs.com/release/3762474,1975,"7"" - Retro - 03 [S-Z]"
Wings,Wings,"Let 'Em In",https://www.discogs.com/release/1469914,1976,"7"" - Retro - 03 [S-Z]"
Wings,Wings,"Letting Go",https://www.discogs.com/release/1498160,1975,"7"" - Retro - 03 [S-Z]"
Wings,Wings,"Listen To What The Man Said",https://www.discogs.com/release/1114902,1975,"7"" - Retro - 03 [S-Z]"
Wings,Wings,"Live And Let Die",https://www.discogs.com/release/9405101,1973,"7"" - Retro - 03 [S-Z]"
Wings,Wings,"London Town",https://www.discogs.com/release/1469909,1978,"7"" - Retro - 03 [S-Z]"
Wings,Wings,"Mary Had A Little Lamb",https://www.discogs.com/release/476754,1972,"7"" - Retro - 03 [S-Z]"
Wings,Wings,"Mull Of Kintyre / Girls' School",https://www.discogs.com/release/721015,1977,"7"" - Retro - 03 [S-Z]"
Wings,Wings,"My Love",https://www.discogs.com/release/2157914,1973,"7"" - Retro - 03 [S-Z]"
Wings,Wings,"Silly Love Songs",https://www.discogs.com/release/1498170,1976,"7"" - Retro - 03 [S-Z]"
"Winifred Atwell","Winifred Atwell","Let's Have A Party / Let's Have Another Party",https://www.discogs.com/release/5853172,"","7"" - Archive 07 - [...T-Z]"
"Wink Martindale","Wink Martindale","Deck Of Cards",https://www.discogs.com/release/12932968,1963,"7"" - Novelty [#,A-Z]"
"Winston Francis","Winston Francis","A Cottage In Negril",https://www.discogs.com/release/5591350,1988,"7"" - Archive 07 - [...T-Z]"
Wizzard,Wizzard,"Angel Fingers (A Teen Ballad)",https://www.discogs.com/release/8128182,1973,"7"" - Retro - 03 [S-Z]"
Wizzard,Wizzard,"Are You Ready To Rock",https://www.discogs.com/release/4047231,1974,"7"" - Archive 07 - [...T-Z]"
Wizzard,Wizzard,"Ball Park Incident",https://www.discogs.com/release/1289969,1972,"7"" - Retro - 03 [S-Z]"
Wizzard,Wizzard,"I Wish It Could Be Christmas Everyday",https://www.discogs.com/release/1524219,1973,"7"" - Holiday [#,A-Z]"
Wizzard,Wizzard,"Rock N' Roll Winter",https://www.discogs.com/release/1290031,1974,"7"" - Archive 07 - [...T-Z]"
Wizzard,Wizzard,"See My Baby Jive",https://www.discogs.com/release/11025221,1973,"7"" - Retro - 03 [S-Z]"
Wizzard,Wizzard,"This Is The Story Of My Love (Baby)",https://www.discogs.com/release/13663795,1974,"7"" - Archive 07 - [...T-Z]"
"Wolfe Tones","Wolfe Tones",Slievenamon,https://www.discogs.com/release/5976955,1970,"7"" - Archive 07 - [...T-Z]"
"Womack & Womack","Womack & Womack","Celebrate The World",https://www.discogs.com/release/1522039,1989,"7"" - Archive 07 - [...T-Z]"
"Womack & Womack","Womack & Womack","Love Wars",https://www.discogs.com/release/1644407,1984,Uncategorized
"Womack & Womack","Womack & Womack",Teardrops,https://www.discogs.com/release/251070,1988,"7"" - Playlist - 06 [...S-Z]"
Wombles,Wombles,"Banana Rock",https://www.discogs.com/release/5854963,1974,"7"" - Archive 07 - [...T-Z]"
Wombles,Wombles,"Minuetto Allegretto",https://www.discogs.com/release/1240290,1974,"7"" - Novelty [#,A-Z]"
Wombles,Wombles,"Remember You're A Womble",https://www.discogs.com/release/5629448,1974,"7"" - Playlist - Film & TV [#,A-Z]"
Wombles,Wombles,"Super Womble",https://www.discogs.com/release/4768636,1975,"7"" - Novelty [#,A-Z]"
Wombles,Wombles,"The Wombling Song",https://www.discogs.com/release/11977229,1974,"7"" - Playlist - Film & TV [#,A-Z]"
Wombles,Wombles,"Wombling Merry Christmas",https://www.discogs.com/release/441716,1974,"7"" - Holiday [#,A-Z]"
"Woody Herman And His Orchestra","Woody Herman And His Orchestra","At The Woodchopper's Ball",https://www.discogs.com/release/5701615,1976,"7"" - Archive 07 - [...T-Z]"
"Working Week","Working Week","Sweet Nothing",https://www.discogs.com/release/3155419,1985,"7"" - Archive 07 - [...T-Z]"
"World Party","World Party","Message In The Box",https://www.discogs.com/release/416301,1990,"7"" - Playlist - 06 [...S-Z]"
Wurzels,Wurzels,"I Am A Cider Drinker",https://www.discogs.com/release/1581877,1976,"7"" - Novelty [#,A-Z]"
Wurzels,Wurzels,"Morning Glory",https://www.discogs.com/release/2083879,1976,"7"" - Novelty [#,A-Z]"
Wurzels,Wurzels,"The Combine Harvester (Brand New Key)",https://www.discogs.com/release/5711824,1976,"7"" - Novelty [#,A-Z]"
"WWF Superstars","WWF Superstars","Slam Jam",https://www.discogs.com/release/2350214,1992,"7"" - Novelty [#,A-Z]"
"X Factor","X Factor","Chemical Romance",https://www.discogs.com/release/9964576,1982,"7"" - Archive 07 - [...T-Z]"
"X-Ray Spex","X-Ray Spex","Germ Free Adolescents",https://www.discogs.com/release/413511,1978,"7"" - Playlist - 06 [...S-Z]"
"X-Ray Spex","X-Ray Spex","Highly Inflammable c/w Warrior In Woolworths",https://www.discogs.com/release/413512,1979,"7"" - Playlist - 06 [...S-Z]"
"X-Ray Spex","X-Ray Spex","Oh Bondage Up Yours!",https://www.discogs.com/release/691610,1977,"7"" - Playlist - 06 [...S-Z]"
"X-Ray Spex","X-Ray Spex","The Day The World Turned Day-glo",https://www.discogs.com/release/1613937,1978,"7"" - Playlist - 06 [...S-Z]"
Xpansions,Xpansions,"Move Your Body",https://www.discogs.com/release/9828412,1991,"7"" - Archive 07 - [...T-Z]"
XTC,XTC,"Generals And Majors",https://www.discogs.com/release/607710,1980,"7"" - Playlist - 06 [...S-Z]"
XTC,XTC,"Making Plans For Nigel",https://www.discogs.com/release/5490972,1979,"7"" - Playlist - 06 [...S-Z]"
XTC,XTC,"Senses Working Overtime",https://www.discogs.com/release/474734,1982,"7"" - Playlist - 06 [...S-Z]"
XTC,XTC,"Sgt. Rock (Is Going To Help Me)",https://www.discogs.com/release/578159,1981,"7"" - Playlist - 06 [...S-Z]"
"Yank Lawson","Yank Lawson","The Party’s Over ",https://www.discogs.com/release/16944696,1960,"7"" - Archive 07 - [...T-Z]"
"Yarbrough & Peoples","Yarbrough & Peoples","Don't Stop The Music",https://www.discogs.com/release/3236221,1980,"7"" - Playlist - 06 [...S-Z]"
Yazoo,Yazoo,"Don't Go",https://www.discogs.com/release/6210808,1982,"7"" - Playlist - 06 [...S-Z]"
Yazoo,Yazoo,"Nobody's Diary",https://www.discogs.com/release/10790349,1983,"7"" - Playlist - 06 [...S-Z]"
Yazoo,Yazoo,"Only You",https://www.discogs.com/release/1243707,1982,"7"" - Archive 07 - [...T-Z]"
Yazoo,Yazoo,"Situation (Remix)",https://www.discogs.com/release/134559,1990,"7"" - Playlist - 06 [...S-Z]"
Yazoo,Yazoo,"The Other Side Of Love",https://www.discogs.com/release/134557,1982,"7"" - Playlist - 06 [...S-Z]"
Yazz,Yazz,"Fine Time",https://www.discogs.com/release/441091,1989,"7"" - Playlist - 06 [...S-Z]"
Yazz,Yazz,"Stand Up For Your Love Rights",https://www.discogs.com/release/100129,1988,"7"" - Playlist - 06 [...S-Z]"
Yazz,Yazz,"Where Has All The Love Gone?",https://www.discogs.com/release/2040669,1989,"7"" - Playlist - 06 [...S-Z]"
Yazz,"Yazz And The Plastic Population","The Only Way Is Up",https://www.discogs.com/release/79274,1988,"7"" - Playlist - 06 [...S-Z]"
"Year Of The Dragon","Year Of The Dragon","Over My Shoulder / Let's Do The Latin Hustle",https://www.discogs.com/release/13288762,1976,"7"" - Archive 07 - [...T-Z]"
"Yehudi Menuhin & Stéphane Grappelli","Yehudi Menuhin & Stéphane Grappelli","Just One Of Those Things",https://www.discogs.com/release/4911617,1975,"7"" - Archive 07 - [...T-Z]"
Yell!,Yell!,"Instant Replay",https://www.discogs.com/release/2183731,1989,"7"" - Archive 07 - [...T-Z]"
Yello,Yello,"Of Course I'm Lying",https://www.discogs.com/release/1527944,1989,"7"" - Archive 07 - [...T-Z]"
Yello,Yello,"The Race",https://www.discogs.com/release/163702,1988,"7"" - Playlist - 06 [...S-Z]"
"Yellow Dog","Yellow Dog","For Whatever It's Worth",https://www.discogs.com/release/4416687,1977,"7"" - Archive 07 - [...T-Z]"
"Yellow Dog","Yellow Dog","Just One More Night",https://www.discogs.com/release/15496395,1978,"7"" - Archive 07 - [...T-Z]"
Yes,Yes,"Don't Kill The Whale",https://www.discogs.com/release/6011226,"","7"" - Playlist - 06 [...S-Z]"
Yes,Yes,"Owner Of A Lonely Heart",https://www.discogs.com/release/11571259,1983,"7"" - Playlist - 06 [...S-Z]"
Yes,Yes,"Wonderous Stories",https://www.discogs.com/release/4800426,1977,"7"" - Playlist - 06 [...S-Z]"
"Yin And Yan","Yin And Yan",If,https://www.discogs.com/release/1103585,1975,"7"" - Novelty [#,A-Z]"
"Yomo Toro","Yomo Toro",Noveleo,https://www.discogs.com/release/12213339,1990,"7"" - Archive 07 - [...T-Z]"
"Young & Company","Young & Company","I Like (What You're Doing To Me)",https://www.discogs.com/release/900608,1980,"7"" - Archive 07 - [...T-Z]"
"Young Steve And The Afternoon Boys","Young Steve And The Afternoon Boys","I'm Alright",https://www.discogs.com/release/2061248,1982,"7"" - Novelty [#,A-Z]"
"Yvonne Elliman","Yvonne Elliman","Hello Stranger",https://www.discogs.com/release/2026184,1977,"7"" - Archive 07 - [...T-Z]"
"Yvonne Elliman","Yvonne Elliman","I Can't Get You Outa My Mind",https://www.discogs.com/release/1476411,1977,"7"" - Archive 07 - [...T-Z]"
"Yvonne Elliman","Yvonne Elliman","Love Me",https://www.discogs.com/release/12870725,1976,"7"" - Archive 07 - [...T-Z]"
"Yvonne Elliman","Yvonne Elliman",Savannah,https://www.discogs.com/release/2621327,1978,"7"" - Archive 07 - [...T-Z]"
"Yvonne Keeley & Steve Flanagan","Yvonne Keeley & Steve Flanagan","We Got Love",https://www.discogs.com/release/11591168,1978,"7"" - Archive 07 - [...T-Z]"
"Zager & Evans","Zager & Evans","In The Year 2525 (Exordium & Terminus)",https://www.discogs.com/release/7296437,1969,"7"" - Retro - 03 [S-Z]"
"Zaine Griff","Zaine Griff",Tonight,https://www.discogs.com/release/1681648,1980,"7"" - Archive 07 - [...T-Z]"
"Zap 'N' Go","Zap 'N' Go","You Can't Get Me",https://www.discogs.com/release/1871363,1988,"7"" - Archive 07 - [...T-Z]"
"Zerra I","Zerra I","Rescue Me",https://www.discogs.com/release/10123994,1985,"7"" - Archive 07 - [...T-Z]"
"Ziggy Marley And The Melody Makers","Ziggy Marley And The Melody Makers","Tomorrow People",https://www.discogs.com/release/1330696,1988,"7"" - Playlist - 06 [...S-Z]"
Zinno,Zinno,"What's Your Name?",https://www.discogs.com/release/3150016,1985,"7"" - Archive 07 - [...T-Z]"
"Zodiac Mindwarp And The Love Reaction","Zodiac Mindwarp And The Love Reaction","Prime Mover",https://www.discogs.com/release/659603,1987,Uncategorized
Zones,Zones,"Mourning Star",https://www.discogs.com/release/3548674,1979,"7"" - Archive 07 - [...T-Z]"
"Zoë","Zoë","Sunshine On A Rainy Day",https://www.discogs.com/release/580437,1991,"7"" - Playlist - 06 [...S-Z]"
"Zucchero, Paul Young","Zucchero, Paul Young","Senza Una Donna (Without A Woman)",https://www.discogs.com/release/1820053,1991,"7"" - Playlist - 06 [...S-Z]"
Zuzan,Zuzan,"Girls Can Jak Too",https://www.discogs.com/release/2050600,1987,"7"" - Archive 07 - [...T-Z]"
"ZZ Top","ZZ Top","Gimme All Your Lovin'",https://www.discogs.com/release/7918087,1983,"7"" - Playlist - 06 [...S-Z]"
"ZZ Top","ZZ Top",Legs,https://www.discogs.com/release/1024960,1985,Uncategorized
"ZZ Top","ZZ Top","Sharp Dressed Man",https://www.discogs.com/release/1753010,1984,"7"" - Playlist - 06 [...S-Z]"
